Wk,Day,Date,Time,home_team,home_xG,away_xG,away_team,Attendance,Venue,Referee,game_id,home_goals,away_goals,home_Fouls,home_Corners,home_Crosses,home_Touches,home_Tackles,home_Interceptions,home_Aerials Won,home_Clearances,home_Offsides,home_Goal Kicks,home_Throw Ins,home_Long Balls,away_Fouls,away_Corners,away_Crosses,away_Touches,away_Tackles,away_Interceptions,away_Aerials Won,away_Clearances,away_Offsides,away_Goal Kicks,away_Throw Ins,away_Long Balls,season,result,home_roll5_points,home_roll5_goals_for,home_roll5_goals_against,home_roll5_corners_for,home_roll5_corners_against,home_roll5_fouls_committed,away_roll5_points,away_roll5_goals_for,away_roll5_goals_against,away_roll5_corners_for,away_roll5_corners_against,away_roll5_fouls_committed,home_elo,away_elo,elo_diff,h2h_home_points
1.0,Fri,2021-08-13,20:00,Brentford,1.2,1.3,Arsenal,16479.0,Brentford Community Stadium,Michael Oliver,0,2,0,12.0,2.0,9.0,455.0,20.0,9.0,17.0,22.0,1.0,16.0,19.0,83.0,8.0,5.0,22.0,742.0,9.0,7.0,20.0,15.0,1.0,8.0,26.0,61.0,2021-2022,H,,,,,,,,,,,,,1500.0,1500.0,0.0,1.0
1.0,Sat,2021-08-14,12:30,Manchester Utd,1.5,0.5,Leeds United,72732.0,Old Trafford,Paul Tierney,1,5,1,11.0,5.0,11.0,568.0,6.0,8.0,11.0,16.0,2.0,12.0,27.0,57.0,9.0,4.0,14.0,584.0,23.0,14.0,9.0,12.0,3.0,10.0,17.0,70.0,2021-2022,H,,,,,,,,,,,,,1500.0,1500.0,0.0,1.0
1.0,Sat,2021-08-14,15:00,Leicester City,0.5,1.3,Wolves,31983.0,King Power Stadium,Craig Pawson,2,1,0,6.0,5.0,7.0,752.0,15.0,11.0,10.0,17.0,5.0,8.0,26.0,40.0,10.0,4.0,16.0,608.0,20.0,13.0,12.0,16.0,4.0,3.0,21.0,68.0,2021-2022,H,,,,,,,,,,,,,1500.0,1500.0,0.0,1.0
1.0,Sat,2021-08-14,15:00,Burnley,1.5,1.0,Brighton,16910.0,Turf Moor,David Coote,3,1,2,10.0,7.0,36.0,428.0,16.0,10.0,26.0,14.0,1.0,4.0,24.0,68.0,7.0,6.0,14.0,670.0,16.0,6.0,20.0,30.0,0.0,8.0,24.0,87.0,2021-2022,A,,,,,,,,,,,,,1500.0,1500.0,0.0,1.0
1.0,Sat,2021-08-14,15:00,Chelsea,0.7,0.2,Crystal Palace,38965.0,Stamford Bridge,Jonathan Moss,4,3,0,15.0,5.0,22.0,802.0,21.0,11.0,6.0,9.0,0.0,5.0,17.0,64.0,11.0,2.0,5.0,547.0,11.0,9.0,14.0,26.0,1.0,9.0,14.0,43.0,2021-2022,H,,,,,,,,,,,,,1500.0,1500.0,0.0,1.0
1.0,Sat,2021-08-14,15:00,Watford,1.2,1.2,Aston Villa,20051.0,Vicarage Road Stadium,Mike Dean,5,3,2,18.0,2.0,8.0,453.0,15.0,9.0,24.0,25.0,0.0,8.0,17.0,70.0,13.0,4.0,26.0,653.0,13.0,11.0,17.0,6.0,2.0,7.0,21.0,67.0,2021-2022,H,,,,,,,,,,,,,1500.0,1500.0,0.0,1.0
1.0,Sat,2021-08-14,15:00,Everton,2.4,0.8,Southampton,38487.0,Goodison Park,Andy Madley,6,3,1,13.0,6.0,25.0,530.0,23.0,6.0,24.0,25.0,0.0,4.0,28.0,85.0,15.0,8.0,22.0,539.0,21.0,5.0,19.0,22.0,0.0,10.0,26.0,62.0,2021-2022,H,,,,,,,,,,,,,1500.0,1500.0,0.0,1.0
1.0,Sat,2021-08-14,17:30,Norwich City,1.4,1.6,Liverpool,27023.0,Carrow Road,Andre Marriner,7,0,3,4.0,3.0,19.0,689.0,19.0,9.0,8.0,36.0,2.0,8.0,17.0,76.0,14.0,11.0,25.0,666.0,16.0,5.0,14.0,17.0,0.0,8.0,19.0,56.0,2021-2022,A,,,,,,,,,,,,,1500.0,1500.0,0.0,1.0
1.0,Sun,2021-08-15,14:00,Newcastle Utd,1.8,2.7,West Ham,50673.0,St. James' Park,Martin Atkinson,8,2,4,4.0,7.0,27.0,558.0,8.0,9.0,12.0,25.0,1.0,10.0,16.0,62.0,3.0,6.0,23.0,627.0,23.0,7.0,20.0,21.0,2.0,11.0,21.0,50.0,2021-2022,A,,,,,,,,,,,,,1500.0,1500.0,0.0,1.0
1.0,Sun,2021-08-15,16:30,Tottenham,1.0,1.8,Manchester City,58262.0,Tottenham Hotspur Stadium,Anthony Taylor,9,1,0,11.0,3.0,12.0,450.0,15.0,10.0,14.0,27.0,3.0,10.0,17.0,58.0,8.0,11.0,30.0,690.0,16.0,3.0,19.0,11.0,1.0,5.0,17.0,40.0,2021-2022,H,,,,,,,,,,,,,1500.0,1500.0,0.0,1.0
2.0,Sat,2021-08-21,17:30,Brighton,1.3,0.5,Watford,29485.0,The American Express Community Stadium,Anthony Taylor,15,2,0,11.0,7.0,20.0,730.0,19.0,8.0,17.0,18.0,1.0,8.0,13.0,55.0,6.0,2.0,17.0,592.0,13.0,10.0,18.0,26.0,1.0,8.0,22.0,55.0,2021-2022,H,3.0,2.0,1.0,6.0,7.0,7.0,3.0,3.0,2.0,2.0,4.0,18.0,1511.7099735734362,1508.2900264265638,3.419947146872346,1.0
2.0,Sat,2021-08-21,15:00,Crystal Palace,0.5,0.9,Brentford,23091.0,Selhurst Park,Martin Atkinson,14,0,0,12.0,3.0,12.0,601.0,15.0,13.0,26.0,18.0,1.0,11.0,31.0,88.0,9.0,5.0,15.0,545.0,24.0,11.0,20.0,12.0,2.0,6.0,19.0,82.0,2021-2022,D,0.0,0.0,3.0,2.0,5.0,11.0,3.0,2.0,0.0,2.0,5.0,12.0,1491.7099735734362,1508.2900264265638,-16.580052853127654,1.0
2.0,Sat,2021-08-21,15:00,Leeds United,1.2,1.8,Everton,36293.0,Elland Road,Darren England,13,2,2,6.0,8.0,25.0,773.0,19.0,9.0,15.0,6.0,0.0,8.0,22.0,55.0,13.0,5.0,15.0,425.0,16.0,20.0,17.0,25.0,0.0,13.0,20.0,76.0,2021-2022,D,0.0,1.0,5.0,4.0,5.0,9.0,3.0,3.0,1.0,6.0,8.0,13.0,1491.7099735734362,1508.2900264265638,-16.580052853127654,1.0
2.0,Sat,2021-08-21,15:00,Aston Villa,1.2,0.7,Newcastle Utd,41964.0,Villa Park,David Coote,11,2,0,8.0,3.0,16.0,430.0,13.0,4.0,17.0,23.0,3.0,10.0,15.0,59.0,18.0,4.0,20.0,461.0,14.0,2.0,18.0,21.0,2.0,11.0,24.0,72.0,2021-2022,H,0.0,2.0,3.0,4.0,2.0,13.0,0.0,2.0,4.0,7.0,6.0,4.0,1491.7099735734362,1488.2900264265638,3.419947146872346,1.0
2.0,Sat,2021-08-21,12:30,Liverpool,2.7,0.9,Burnley,52591.0,Anfield,Mike Dean,10,2,0,6.0,8.0,28.0,702.0,14.0,5.0,24.0,24.0,3.0,6.0,21.0,72.0,12.0,4.0,19.0,429.0,18.0,11.0,24.0,23.0,7.0,13.0,27.0,84.0,2021-2022,H,3.0,3.0,0.0,11.0,3.0,14.0,0.0,1.0,2.0,7.0,6.0,10.0,1511.7099735734362,1488.2900264265638,23.419947146872346,1.0
2.0,Sat,2021-08-21,15:00,Manchester City,2.6,0.1,Norwich City,51437.0,Etihad Stadium,Graham Scott,12,5,0,13.0,6.0,26.0,849.0,14.0,6.0,9.0,3.0,2.0,2.0,20.0,60.0,7.0,1.0,6.0,479.0,18.0,8.0,3.0,26.0,3.0,9.0,10.0,40.0,2021-2022,H,0.0,0.0,1.0,11.0,3.0,8.0,0.0,0.0,3.0,3.0,11.0,4.0,1491.7099735734362,1488.2900264265638,3.419947146872346,1.0
2.0,Sun,2021-08-22,14:00,Wolves,1.7,1.7,Tottenham,30368.0,Molineux Stadium,Stuart Attwell,16,0,1,9.0,5.0,35.0,667.0,29.0,14.0,17.0,7.0,2.0,4.0,28.0,84.0,7.0,4.0,8.0,527.0,18.0,8.0,12.0,33.0,0.0,16.0,20.0,60.0,2021-2022,A,0.0,0.0,1.0,4.0,5.0,10.0,3.0,1.0,0.0,3.0,11.0,11.0,1491.7099735734362,1508.2900264265638,-16.580052853127654,1.0
2.0,Sun,2021-08-22,14:00,Southampton,0.7,1.8,Manchester Utd,32000.0,St. Mary's Stadium,Craig Pawson,17,1,1,12.0,7.0,17.0,463.0,23.0,20.0,11.0,21.0,0.0,10.0,19.0,61.0,10.0,7.0,19.0,665.0,19.0,6.0,15.0,12.0,2.0,5.0,18.0,50.0,2021-2022,D,0.0,1.0,3.0,8.0,6.0,15.0,3.0,5.0,1.0,5.0,4.0,11.0,1491.7099735734362,1508.2900264265638,-16.580052853127654,1.0
2.0,Sun,2021-08-22,16:30,Arsenal,0.3,3.1,Chelsea,58729.0,Emirates Stadium,Paul Tierney,18,0,2,10.0,9.0,21.0,481.0,20.0,6.0,11.0,12.0,5.0,7.0,14.0,48.0,4.0,8.0,17.0,795.0,11.0,10.0,18.0,26.0,0.0,4.0,22.0,44.0,2021-2022,A,0.0,0.0,2.0,5.0,2.0,8.0,3.0,3.0,0.0,5.0,2.0,15.0,1491.7099735734362,1508.2900264265638,-16.580052853127654,1.0
2.0,Mon,2021-08-23,20:00,West Ham,2.3,0.6,Leicester City,59901.0,London Stadium,Michael Oliver,19,4,1,8.0,10.0,34.0,654.0,15.0,5.0,21.0,7.0,2.0,3.0,23.0,64.0,8.0,0.0,3.0,626.0,13.0,14.0,10.0,27.0,0.0,11.0,15.0,47.0,2021-2022,H,3.0,4.0,2.0,6.0,7.0,3.0,3.0,1.0,0.0,5.0,4.0,6.0,1511.7099735734362,1508.2900264265638,3.419947146872346,1.0
3.0,Sat,2021-08-28,15:00,Newcastle Utd,1.0,3.6,Southampton,44017.0,St. James' Park,Paul Tierney,24,2,2,11.0,4.0,17.0,449.0,31.0,5.0,16.0,17.0,5.0,13.0,12.0,77.0,6.0,4.0,21.0,678.0,15.0,2.0,14.0,13.0,0.0,7.0,19.0,50.0,2021-2022,D,0.0,1.0,3.0,5.5,4.5,11.0,0.5,1.0,2.0,7.5,6.5,13.5,1480.095392127625,1490.4667127899224,-10.371320662297421,1.0
3.0,Sat,2021-08-28,15:00,Brighton,0.7,1.4,Everton,30548.0,The American Express Community Stadium,Jonathan Moss,25,0,2,7.0,4.0,12.0,775.0,25.0,10.0,8.0,15.0,1.0,6.0,18.0,65.0,9.0,5.0,14.0,475.0,17.0,15.0,9.0,16.0,0.0,10.0,20.0,51.0,2021-2022,A,3.0,2.0,0.5,6.5,4.5,9.0,2.0,2.5,1.5,5.5,8.0,13.0,1519.904607872375,1509.5332872100776,10.371320662297421,1.0
3.0,Sat,2021-08-28,15:00,Aston Villa,0.7,0.9,Brentford,42045.0,Villa Park,Peter Bankes,23,1,1,15.0,3.0,21.0,501.0,13.0,4.0,21.0,16.0,1.0,7.0,17.0,82.0,14.0,2.0,7.0,566.0,16.0,6.0,20.0,24.0,2.0,4.0,21.0,88.0,2021-2022,D,1.5,2.0,1.5,3.5,3.0,10.5,2.0,1.0,0.0,3.5,4.0,10.5,1499.904607872375,1509.5332872100776,-9.628679337702579,1.0
3.0,Sat,2021-08-28,17:30,Liverpool,2.5,0.6,Chelsea,54000.0,Anfield,Anthony Taylor,26,1,1,13.0,12.0,40.0,875.0,16.0,11.0,20.0,8.0,0.0,1.0,16.0,62.0,4.0,3.0,12.0,558.0,26.0,21.0,13.0,36.0,2.0,14.0,20.0,71.0,2021-2022,D,3.0,2.5,0.0,9.5,3.5,10.0,3.0,2.5,0.0,6.5,5.5,9.5,1519.3540535333104,1519.5332872100776,-0.17923367676712587,1.0
3.0,Sat,2021-08-28,15:00,Norwich City,1.5,1.5,Leicester City,26765.0,Carrow Road,Robert Jones,21,1,2,8.0,9.0,23.0,533.0,18.0,15.0,13.0,20.0,2.0,10.0,24.0,71.0,9.0,9.0,19.0,608.0,17.0,9.0,14.0,17.0,2.0,9.0,21.0,67.0,2021-2022,A,0.0,0.0,4.0,2.0,8.5,5.5,1.5,1.0,2.0,2.5,7.0,7.0,1480.095392127625,1500.095392127625,-20.0,1.0
3.0,Sat,2021-08-28,12:30,Manchester City,4.4,0.2,Arsenal,52276.0,Etihad Stadium,Martin Atkinson,20,5,0,5.0,14.0,30.0,879.0,14.0,4.0,13.0,3.0,1.0,4.0,23.0,56.0,7.0,0.0,3.0,304.0,9.0,12.0,9.0,30.0,3.0,11.0,12.0,52.0,2021-2022,H,1.5,2.5,0.5,8.5,2.0,10.5,0.0,0.0,2.0,7.0,5.0,9.0,1499.904607872375,1480.4667127899224,19.437895082452542,1.0
3.0,Sat,2021-08-28,15:00,West Ham,1.3,1.1,Crystal Palace,59751.0,London Stadium,Stuart Attwell,22,2,2,10.0,5.0,28.0,545.0,16.0,15.0,15.0,13.0,1.0,6.0,32.0,68.0,7.0,3.0,13.0,641.0,13.0,15.0,29.0,36.0,2.0,9.0,18.0,61.0,2021-2022,D,3.0,4.0,1.5,8.0,3.5,5.5,0.5,0.0,1.5,2.5,5.0,11.5,1519.904607872375,1490.4667127899224,29.437895082452542,1.0
3.0,Sun,2021-08-29,14:00,Burnley,1.0,1.2,Leeds United,20000.0,Turf Moor,Michael Oliver,27,1,1,13.0,5.0,20.0,446.0,23.0,8.0,32.0,30.0,2.0,9.0,18.0,87.0,9.0,5.0,27.0,690.0,17.0,8.0,18.0,17.0,2.0,7.0,20.0,98.0,2021-2022,D,0.0,0.5,2.0,5.5,7.0,11.0,0.5,1.5,3.5,6.0,5.0,7.5,1480.6459464666896,1490.4667127899224,-9.820766323232874,1.0
3.0,Sun,2021-08-29,14:00,Tottenham,1.0,0.8,Watford,57672.0,Tottenham Hotspur Stadium,Andre Marriner,28,1,0,8.0,10.0,25.0,649.0,19.0,9.0,11.0,12.0,2.0,4.0,19.0,51.0,14.0,3.0,14.0,531.0,16.0,4.0,10.0,37.0,1.0,9.0,25.0,62.0,2021-2022,H,3.0,1.0,0.0,3.5,8.0,9.0,1.5,1.5,2.0,2.0,5.5,12.0,1519.5332872100776,1500.095392127625,19.437895082452542,1.0
3.0,Sun,2021-08-29,16:30,Wolves,2.1,0.6,Manchester Utd,30621.0,Molineux Stadium,Mike Dean,29,0,1,7.0,5.0,18.0,567.0,16.0,7.0,15.0,21.0,5.0,4.0,11.0,62.0,9.0,7.0,18.0,679.0,8.0,13.0,11.0,18.0,4.0,8.0,14.0,58.0,2021-2022,A,0.0,0.0,1.0,4.5,4.5,9.5,2.0,3.0,1.0,6.0,5.5,10.5,1480.4667127899224,1509.5332872100776,-29.06657442015512,1.0
4.0,Sat,2021-09-11,12:30,Crystal Palace,2.1,0.1,Tottenham,26000.0,Selhurst Park,Jonathan Moss,30,3,0,13.0,8.0,29.0,658.0,17.0,6.0,12.0,13.0,0.0,4.0,28.0,67.0,15.0,2.0,6.0,460.0,16.0,11.0,18.0,36.0,0.0,13.0,20.0,55.0,2021-2022,H,0.6666666666666666,0.6666666666666666,1.6666666666666667,2.6666666666666665,5.0,10.0,3.0,1.0,0.0,5.666666666666667,6.333333333333333,8.666666666666666,1492.985548390309,1527.2859067506417,-34.300358360332666,1.0
4.0,Sat,2021-09-11,15:00,Watford,0.2,2.2,Wolves,20019.0,Vicarage Road Stadium,Peter Bankes,31,0,2,15.0,6.0,18.0,516.0,20.0,8.0,12.0,23.0,1.0,10.0,20.0,54.0,13.0,8.0,15.0,632.0,19.0,9.0,5.0,20.0,2.0,7.0,13.0,49.0,2021-2022,A,1.0,1.0,1.6666666666666667,2.3333333333333335,7.0,12.666666666666666,0.0,0.0,1.0,4.666666666666667,5.333333333333333,8.666666666666666,1492.3427725870608,1469.5787223522498,22.764050234811066,1.0
4.0,Sat,2021-09-11,15:00,Brentford,0.4,0.3,Brighton,16518.0,Brentford Community Stadium,Graham Scott,32,0,1,9.0,1.0,20.0,491.0,21.0,13.0,15.0,20.0,0.0,6.0,22.0,51.0,12.0,5.0,11.0,636.0,16.0,12.0,11.0,15.0,2.0,7.0,30.0,93.0,2021-2022,A,1.6666666666666667,1.0,0.3333333333333333,3.0,3.6666666666666665,11.666666666666666,2.0,1.3333333333333333,1.0,5.666666666666667,4.666666666666667,8.333333333333334,1510.973017100479,1507.9064090116804,3.0666080887986027,1.0
4.0,Sat,2021-09-11,15:00,Arsenal,2.7,0.7,Norwich City,58000.0,Emirates Stadium,Michael Oliver,33,1,0,9.0,8.0,20.0,610.0,16.0,3.0,19.0,18.0,2.0,6.0,18.0,56.0,11.0,4.0,18.0,565.0,20.0,8.0,16.0,22.0,0.0,15.0,25.0,61.0,2021-2022,H,0.0,0.0,3.0,4.666666666666667,8.0,8.333333333333334,0.0,0.3333333333333333,3.3333333333333335,4.333333333333333,8.666666666666666,6.333333333333333,1472.7140932493583,1468.9491594523793,3.764933796978994,1.0
4.0,Sat,2021-09-11,15:00,Manchester Utd,2.5,0.4,Newcastle Utd,72732.0,Old Trafford,Anthony Taylor,34,4,1,9.0,7.0,23.0,796.0,19.0,4.0,7.0,11.0,1.0,7.0,16.0,49.0,2.0,3.0,10.0,523.0,17.0,13.0,6.0,21.0,3.0,5.0,19.0,72.0,2021-2022,H,2.3333333333333335,2.3333333333333335,0.6666666666666666,6.333333333333333,5.333333333333333,10.0,0.3333333333333333,1.3333333333333333,2.6666666666666665,5.0,4.333333333333333,11.0,1520.4212776477502,1478.6766005200536,41.744677127696605,1.0
4.0,Sat,2021-09-11,15:00,Leicester City,0.6,2.8,Manchester City,32087.0,King Power Stadium,Paul Tierney,35,0,1,4.0,5.0,14.0,514.0,18.0,3.0,12.0,23.0,2.0,10.0,12.0,67.0,11.0,8.0,31.0,712.0,14.0,5.0,8.0,9.0,4.0,6.0,20.0,49.0,2021-2022,A,2.0,1.3333333333333333,1.6666666666666667,4.666666666666667,7.666666666666667,7.666666666666667,2.0,3.3333333333333335,0.3333333333333333,10.333333333333334,1.3333333333333333,8.666666666666666,1511.2416248028708,1507.6572274129392,3.5843973899316097,1.0
4.0,Sat,2021-09-11,15:00,Southampton,0.7,0.7,West Ham,30000.0,St. Mary's Stadium,David Coote,36,0,0,10.0,5.0,13.0,527.0,8.0,12.0,16.0,24.0,0.0,3.0,14.0,55.0,12.0,4.0,22.0,691.0,14.0,15.0,16.0,19.0,2.0,7.0,10.0,55.0,2021-2022,D,0.6666666666666666,1.3333333333333333,2.0,6.333333333333333,5.666666666666667,11.0,2.3333333333333335,3.3333333333333335,1.6666666666666667,7.0,3.3333333333333335,7.0,1491.8855043974938,1517.3857722719883,-25.50026787449451,1.0
4.0,Sat,2021-09-11,17:30,Chelsea,1.3,1.2,Aston Villa,39969.0,Stamford Bridge,Stuart Attwell,37,3,0,11.0,4.0,15.0,648.0,15.0,7.0,16.0,39.0,2.0,9.0,16.0,68.0,11.0,11.0,30.0,511.0,12.0,12.0,14.0,19.0,1.0,6.0,16.0,86.0,2021-2022,H,2.3333333333333335,2.0,0.3333333333333333,5.333333333333333,7.666666666666667,7.666666666666667,1.3333333333333333,1.6666666666666667,1.3333333333333333,3.3333333333333335,2.6666666666666665,12.0,1521.238252424886,1498.4648779819736,22.773374442912427,1.0
4.0,Sun,2021-09-12,16:30,Leeds United,1.2,4.3,Liverpool,36507.0,Elland Road,Craig Pawson,38,0,3,9.0,2.0,19.0,564.0,16.0,10.0,7.0,20.0,2.0,9.0,13.0,53.0,8.0,11.0,21.0,684.0,8.0,8.0,8.0,16.0,4.0,5.0,21.0,60.0,2021-2022,A,0.6666666666666666,1.3333333333333333,2.6666666666666665,5.666666666666667,5.0,8.0,2.3333333333333335,2.0,0.3333333333333333,10.333333333333334,3.3333333333333335,11.0,1491.9010281423004,1517.649088318502,-25.748060176201534,1.0
4.0,Mon,2021-09-13,20:00,Everton,1.4,1.0,Burnley,30000.0,Goodison Park,Martin Atkinson,39,3,1,3.0,4.0,16.0,579.0,10.0,15.0,26.0,20.0,2.0,7.0,27.0,74.0,6.0,6.0,21.0,540.0,10.0,19.0,22.0,13.0,2.0,5.0,28.0,93.0,2021-2022,H,2.3333333333333335,2.3333333333333335,1.0,5.333333333333333,6.666666666666667,11.666666666666666,0.3333333333333333,0.6666666666666666,1.6666666666666667,5.333333333333333,6.333333333333333,11.666666666666666,1521.5314860707722,1479.2116311143116,42.31985495646063,1.0
5.0,Fri,2021-09-17,20:00,Newcastle Utd,1.3,1.5,Leeds United,50407.0,St. James' Park,Mike Dean,40,1,1,9.0,4.0,8.0,447.0,17.0,9.0,14.0,29.0,1.0,10.0,10.0,65.0,11.0,5.0,23.0,708.0,19.0,6.0,9.0,14.0,1.0,9.0,26.0,70.0,2021-2022,D,0.25,1.25,3.0,4.5,5.0,8.75,0.5,1.0,2.75,4.75,6.5,8.25,1471.524110390015,1480.918359525921,-9.394249135905966,1.0
5.0,Sat,2021-09-18,12:30,Wolves,0.6,2.5,Brentford,30000.0,Molineux Stadium,Darren England,41,0,2,10.0,4.0,23.0,646.0,9.0,6.0,12.0,9.0,2.0,9.0,25.0,57.0,7.0,2.0,7.0,457.0,15.0,10.0,14.0,30.0,2.0,11.0,16.0,62.0,2021-2022,A,0.75,0.5,0.75,5.5,5.5,9.75,1.25,0.75,0.5,2.5,4.0,11.0,1481.9168040588258,1499.1774916456666,-17.26068758684073,1.0
5.0,Sat,2021-09-18,15:00,Manchester City,1.0,0.4,Southampton,52698.0,Etihad Stadium,Jonathan Moss,42,0,0,5.0,8.0,23.0,729.0,13.0,8.0,22.0,13.0,4.0,5.0,21.0,51.0,12.0,5.0,13.0,463.0,21.0,17.0,15.0,23.0,0.0,12.0,17.0,65.0,2021-2022,D,2.25,2.75,0.25,9.75,2.25,9.25,0.75,1.0,1.5,6.0,5.25,10.75,1519.4671717076446,1490.8957731111625,28.57139859648214,1.0
5.0,Sat,2021-09-18,15:00,Liverpool,3.1,0.6,Crystal Palace,52000.0,Anfield,Andy Madley,43,3,0,17.0,10.0,36.0,682.0,21.0,10.0,21.0,26.0,1.0,7.0,18.0,56.0,11.0,5.0,17.0,530.0,24.0,12.0,7.0,26.0,3.0,8.0,19.0,63.0,2021-2022,H,2.5,2.25,0.25,10.5,3.0,10.25,1.25,1.25,1.25,4.0,4.25,10.75,1528.6317569348814,1502.24719937554,26.384557559341374,1.0
5.0,Sat,2021-09-18,15:00,Norwich City,1.0,2.4,Watford,26649.0,Carrow Road,Robert Jones,44,1,3,10.0,4.0,19.0,537.0,17.0,15.0,17.0,19.0,1.0,4.0,24.0,72.0,14.0,8.0,21.0,544.0,11.0,9.0,15.0,15.0,0.0,6.0,24.0,92.0,2021-2022,A,0.0,0.25,2.75,4.25,8.5,7.5,0.75,0.75,1.75,3.25,7.25,13.25,1460.7641293054292,1480.0046908804848,-19.240561575055608,1.0
5.0,Sat,2021-09-18,15:00,Burnley,1.0,1.1,Arsenal,20000.0,Turf Moor,Anthony Taylor,45,0,1,9.0,8.0,41.0,574.0,14.0,15.0,29.0,15.0,4.0,5.0,22.0,88.0,8.0,3.0,9.0,704.0,18.0,11.0,23.0,39.0,2.0,8.0,13.0,59.0,2021-2022,A,0.25,0.75,2.0,5.5,5.75,10.25,0.75,0.25,2.25,5.5,7.0,8.5,1472.0743464241925,1480.8991233963084,-8.824776972115842,1.0
5.0,Sat,2021-09-18,17:30,Aston Villa,0.8,0.7,Everton,41888.0,Villa Park,Craig Pawson,46,3,0,7.0,5.0,24.0,537.0,10.0,9.0,23.0,11.0,0.0,12.0,15.0,68.0,10.0,4.0,18.0,457.0,22.0,6.0,16.0,23.0,2.0,12.0,22.0,60.0,2021-2022,H,1.0,1.25,1.75,5.25,3.0,11.75,2.5,2.5,1.0,5.0,6.5,9.5,1490.8032133883307,1528.6687707608912,-37.86555737256049,1.0
5.0,Sun,2021-09-19,14:00,West Ham,1.6,2.0,Manchester Utd,60000.0,London Stadium,Martin Atkinson,47,1,2,5.0,2.0,17.0,562.0,14.0,4.0,12.0,32.0,2.0,10.0,15.0,52.0,8.0,11.0,33.0,781.0,14.0,2.0,9.0,19.0,0.0,7.0,12.0,34.0,2021-2022,A,2.0,2.5,1.25,6.25,3.75,8.25,2.5,2.75,0.75,6.5,4.75,9.75,1518.3755035583197,1527.5737677777888,-9.198264219469138,1.0
5.0,Sun,2021-09-19,14:00,Brighton,1.7,1.6,Leicester City,31078.0,The American Express Community Stadium,Stuart Attwell,48,2,1,8.0,4.0,15.0,491.0,19.0,16.0,18.0,29.0,3.0,8.0,16.0,69.0,10.0,9.0,25.0,704.0,17.0,10.0,11.0,11.0,2.0,6.0,26.0,46.0,2021-2022,H,2.25,1.25,0.75,5.5,3.75,9.25,1.5,1.0,1.5,4.75,7.75,6.75,1519.7019344664927,1499.4316805081653,20.27025395832743,1.0
5.0,Sun,2021-09-19,16:30,Tottenham,0.5,2.1,Chelsea,60059.0,Tottenham Hotspur Stadium,Paul Tierney,49,0,3,4.0,5.0,13.0,633.0,20.0,9.0,12.0,24.0,0.0,6.0,16.0,55.0,15.0,11.0,25.0,699.0,15.0,15.0,18.0,20.0,1.0,4.0,16.0,56.0,2021-2022,A,2.25,0.75,0.75,4.75,6.75,10.25,2.5,2.25,0.25,5.0,8.5,8.5,1518.0242557654108,1528.8999170185289,-10.875661253118096,1.0
6.0,Sat,2021-09-25,17:30,Brentford,2.1,2.8,Liverpool,16876.0,Brentford Community Stadium,Stuart Attwell,56,3,3,8.0,2.0,13.0,422.0,14.0,15.0,24.0,31.0,4.0,10.0,15.0,67.0,7.0,11.0,26.0,702.0,11.0,9.0,22.0,17.0,4.0,7.0,14.0,85.0,2021-2022,D,1.6,1.0,0.4,2.4,4.0,10.2,2.6,2.4,0.2,10.4,3.4,11.6,1510.4014603185833,1536.195408212903,-25.793947894319672,1.0
6.0,Sat,2021-09-25,15:00,Everton,1.9,0.5,Norwich City,38821.0,Goodison Park,David Coote,55,2,0,12.0,6.0,24.0,572.0,18.0,9.0,8.0,16.0,1.0,11.0,22.0,63.0,9.0,4.0,14.0,649.0,12.0,17.0,14.0,21.0,0.0,5.0,25.0,64.0,2021-2022,H,2.0,2.0,1.4,4.8,6.2,9.6,0.0,0.4,2.8,4.2,8.4,8.0,1519.3049907189313,1449.5963308592168,69.70865985971454,1.0
6.0,Sat,2021-09-25,15:00,Watford,0.9,1.9,Newcastle Utd,20650.0,Vicarage Road Stadium,Jarred Gillett,54,1,1,19.0,5.0,15.0,509.0,13.0,7.0,17.0,13.0,1.0,13.0,26.0,66.0,12.0,6.0,15.0,500.0,22.0,9.0,24.0,24.0,1.0,9.0,16.0,83.0,2021-2022,D,1.2,1.2,1.6,4.2,6.6,13.4,0.4,1.2,2.6,4.4,5.0,8.8,1491.1724893266971,1470.0777735613528,21.09471576534429,1.0
6.0,Sat,2021-09-25,12:30,Chelsea,0.2,1.7,Manchester City,40036.0,Stamford Bridge,Michael Oliver,51,0,1,12.0,4.0,17.0,558.0,13.0,7.0,18.0,26.0,3.0,13.0,13.0,58.0,10.0,13.0,26.0,750.0,16.0,8.0,9.0,17.0,4.0,3.0,12.0,63.0,2021-2022,A,2.6,2.4,0.2,6.2,7.8,9.8,2.0,2.2,0.2,9.4,2.8,8.4,1540.3044818214255,1516.9717082024931,23.33277361893238,1.0
6.0,Sat,2021-09-25,15:00,Leicester City,2.4,0.5,Burnley,31650.0,King Power Stadium,Chris Kavanagh,52,2,2,10.0,8.0,25.0,740.0,17.0,7.0,20.0,14.0,1.0,7.0,27.0,74.0,8.0,3.0,12.0,447.0,13.0,11.0,18.0,31.0,4.0,13.0,18.0,85.0,2021-2022,D,1.2,1.0,1.6,5.6,7.0,7.4,0.2,0.6,1.8,6.0,5.2,10.0,1491.701795886094,1460.611965562942,31.089830323152,1.0
6.0,Sat,2021-09-25,15:00,Leeds United,1.2,1.6,West Ham,36417.0,Elland Road,Kevin Friend,53,1,2,10.0,5.0,13.0,561.0,16.0,4.0,18.0,16.0,2.0,10.0,15.0,55.0,6.0,7.0,21.0,500.0,15.0,7.0,19.0,13.0,0.0,5.0,22.0,71.0,2021-2022,A,0.6,1.0,2.4,4.8,6.0,8.8,1.6,2.2,1.4,5.4,5.2,7.6,1482.3646963545832,1506.9236442828835,-24.558947928300313,1.0
6.0,Sat,2021-09-25,12:30,Manchester Utd,2.2,1.0,Aston Villa,72922.0,Old Trafford,Mike Dean,50,0,1,9.0,5.0,21.0,569.0,12.0,9.0,19.0,21.0,2.0,5.0,27.0,79.0,13.0,5.0,20.0,443.0,9.0,15.0,11.0,16.0,3.0,13.0,25.0,75.0,2021-2022,A,2.6,2.6,0.8,7.4,4.2,9.4,1.4,1.6,1.4,5.2,3.2,10.8,1539.025627053225,1500.1669934302906,38.85863362293435,1.0
6.0,Sun,2021-09-26,14:00,Southampton,1.0,1.0,Wolves,28002.0,St. Mary's Stadium,Andy Madley,57,0,1,12.0,5.0,26.0,655.0,13.0,11.0,14.0,10.0,3.0,3.0,21.0,65.0,8.0,5.0,6.0,534.0,12.0,6.0,15.0,37.0,1.0,6.0,19.0,74.0,2021-2022,A,0.8,0.8,1.2,5.8,5.8,11.0,0.6,0.4,1.0,5.2,4.8,9.8,1493.391236616314,1470.6928353859091,22.698401230404897,1.0
6.0,Sun,2021-09-26,16:30,Arsenal,1.1,1.0,Tottenham,59919.0,Emirates Stadium,Craig Pawson,58,3,1,12.0,4.0,9.0,566.0,22.0,10.0,15.0,20.0,2.0,9.0,13.0,72.0,13.0,4.0,19.0,617.0,14.0,8.0,11.0,9.0,4.0,7.0,27.0,75.0,2021-2022,H,1.2,0.4,1.8,5.0,7.2,8.4,1.8,0.6,1.2,4.8,7.6,9.0,1492.3615042575589,1506.6196909625141,-14.258186704955278,1.0
6.0,Mon,2021-09-27,20:00,Crystal Palace,1.4,0.8,Brighton,22975.0,Selhurst Park,Andre Marriner,59,1,1,12.0,6.0,19.0,643.0,17.0,12.0,6.0,13.0,1.0,5.0,22.0,69.0,10.0,5.0,20.0,709.0,29.0,10.0,15.0,14.0,0.0,6.0,13.0,88.0,2021-2022,D,1.0,1.0,1.6,4.2,5.4,10.8,2.4,1.4,0.8,5.2,4.8,9.0,1494.6835480975185,1527.431819088564,-32.7482709910455,1.0
7.0,Sat,2021-10-02,15:00,Leeds United,1.3,0.2,Watford,36261.0,Elland Road,Simon Hooper,64,1,0,10.0,6.0,26.0,658.0,14.0,3.0,11.0,13.0,0.0,6.0,20.0,70.0,16.0,3.0,11.0,417.0,20.0,3.0,14.0,36.0,0.0,12.0,25.0,69.0,2021-2022,H,0.6,1.0,1.8,5.0,6.4,9.0,0.8,0.8,1.4,4.8,7.0,13.6,1471.3481443578921,1488.8798790938258,-17.531734735933696,1.0
7.0,Sat,2021-10-02,15:00,Chelsea,3.3,1.3,Southampton,40109.0,Stamford Bridge,Martin Atkinson,63,3,1,11.0,7.0,18.0,709.0,16.0,5.0,14.0,11.0,1.0,4.0,30.0,62.0,13.0,2.0,7.0,485.0,24.0,10.0,4.0,14.0,0.0,9.0,18.0,54.0,2021-2022,H,2.0,1.8,0.4,6.0,10.0,9.2,0.8,0.6,0.8,5.2,5.6,10.4,1527.9509317155528,1481.0549412253179,46.89599049023491,1.0
7.0,Sat,2021-10-02,17:30,Brighton,1.1,0.4,Arsenal,31266.0,The American Express Community Stadium,Jonathan Moss,65,0,0,8.0,8.0,26.0,651.0,16.0,9.0,16.0,14.0,1.0,7.0,18.0,67.0,5.0,5.0,12.0,503.0,8.0,11.0,7.0,20.0,1.0,15.0,16.0,54.0,2021-2022,D,2.0,1.2,0.8,5.0,4.6,9.6,1.8,1.0,1.6,4.8,7.6,9.2,1528.2145822866191,1501.0525033625847,27.162078924034404,1.0
7.0,Sat,2021-10-02,15:00,Wolves,1.0,0.6,Newcastle Utd,30483.0,Molineux Stadium,Graham Scott,61,2,1,15.0,0.0,5.0,623.0,25.0,13.0,11.0,33.0,2.0,4.0,23.0,51.0,5.0,4.0,26.0,548.0,14.0,11.0,14.0,4.0,1.0,4.0,27.0,58.0,2021-2022,H,1.2,0.6,0.8,5.4,4.8,9.4,0.6,1.0,2.0,4.2,4.8,10.4,1483.0291307769053,1472.3703837942242,10.658746982681123,1.0
7.0,Sat,2021-10-02,12:30,Manchester Utd,1.0,1.3,Everton,73128.0,Old Trafford,Michael Oliver,60,1,1,10.0,10.0,28.0,864.0,7.0,6.0,13.0,15.0,2.0,7.0,32.0,60.0,9.0,1.0,15.0,419.0,20.0,9.0,18.0,32.0,2.0,8.0,15.0,71.0,2021-2022,D,2.0,1.6,0.8,7.4,4.4,9.0,2.0,1.8,1.2,4.8,5.4,9.4,1526.2546280745837,1525.7359674437062,0.5186606308775481,1.0
7.0,Sat,2021-10-02,15:00,Burnley,1.2,0.6,Norwich City,17427.0,Turf Moor,Kevin Friend,62,0,0,13.0,9.0,45.0,619.0,13.0,8.0,27.0,17.0,2.0,4.0,26.0,88.0,3.0,5.0,19.0,541.0,16.0,7.0,15.0,47.0,1.0,12.0,17.0,78.0,2021-2022,D,0.4,0.8,1.8,5.2,5.6,9.6,0.0,0.4,2.6,4.4,7.4,9.0,1463.1752774763247,1443.165354134442,20.009923341882768,1.0
7.0,Sun,2021-10-03,14:00,Tottenham,1.3,1.2,Aston Villa,53076.0,Tottenham Hotspur Stadium,Chris Kavanagh,66,2,1,11.0,5.0,11.0,615.0,14.0,12.0,21.0,37.0,0.0,10.0,22.0,58.0,14.0,8.0,27.0,487.0,21.0,12.0,22.0,6.0,1.0,7.0,18.0,78.0,2021-2022,H,1.2,0.6,1.8,5.0,6.2,9.4,2.0,1.4,0.8,5.4,3.8,10.8,1497.9286918574883,1512.937992408932,-15.00930055144363,1.0
7.0,Sun,2021-10-03,14:00,Crystal Palace,1.5,1.2,Leicester City,25000.0,Selhurst Park,Anthony Taylor,67,2,2,15.0,1.0,21.0,734.0,16.0,4.0,19.0,10.0,2.0,2.0,30.0,75.0,11.0,3.0,9.0,537.0,30.0,13.0,15.0,29.0,1.0,11.0,14.0,79.0,2021-2022,D,1.2,1.2,1.2,5.0,5.4,11.0,0.8,1.2,2.0,6.2,6.8,8.2,1493.9007848994634,1489.1384839727114,4.762300926752005,1.0
7.0,Sun,2021-10-03,14:00,West Ham,1.5,1.2,Brentford,49940.0,London Stadium,Peter Bankes,68,1,2,16.0,10.0,33.0,575.0,15.0,8.0,25.0,15.0,2.0,6.0,17.0,76.0,13.0,6.0,17.0,445.0,5.0,10.0,25.0,30.0,1.0,15.0,20.0,65.0,2021-2022,A,1.6,1.8,1.2,5.6,4.8,8.2,1.2,1.2,1.0,2.4,5.2,9.4,1517.9401962795746,1509.4200997201644,8.520096559410149,1.0
7.0,Sun,2021-10-03,16:30,Liverpool,0.9,1.2,Manchester City,53102.0,Anfield,Paul Tierney,69,2,2,10.0,3.0,19.0,655.0,17.0,17.0,9.0,15.0,2.0,10.0,28.0,71.0,12.0,4.0,14.0,670.0,11.0,8.0,9.0,18.0,5.0,2.0,20.0,79.0,2021-2022,D,2.2,2.4,0.8,10.4,3.2,10.2,2.6,2.4,0.0,9.8,3.0,8.8,1537.1767688113218,1529.3252583083658,7.851510502955989,1.0
8.0,Sat,2021-10-16,15:00,Norwich City,1.2,0.8,Brighton,26777.0,Carrow Road,Peter Bankes,75,0,0,5.0,8.0,22.0,452.0,9.0,8.0,14.0,20.0,0.0,9.0,23.0,58.0,14.0,4.0,18.0,742.0,19.0,8.0,21.0,23.0,0.0,7.0,23.0,70.0,2021-2022,D,0.2,0.4,1.6,5.2,8.0,8.2,1.6,0.8,0.8,5.2,5.2,9.0,1445.4283615289835,1525.7571945704956,-80.3288330415121,1.0
8.0,Sat,2021-10-16,12:30,Watford,0.5,3.3,Liverpool,21085.0,Vicarage Road Stadium,Jonathan Moss,70,0,5,4.0,1.0,7.0,415.0,14.0,11.0,19.0,34.0,8.0,7.0,11.0,68.0,10.0,9.0,19.0,950.0,18.0,4.0,10.0,8.0,2.0,5.0,22.0,73.0,2021-2022,A,0.8,0.8,1.2,5.0,6.8,15.6,1.8,2.4,1.2,9.4,3.2,11.0,1480.0961625425873,1535.2482999321696,-55.15213738958232,1.0
8.0,Sat,2021-10-16,15:00,Leicester City,2.4,1.2,Manchester Utd,32219.0,King Power Stadium,Craig Pawson,71,4,2,5.0,4.0,9.0,640.0,12.0,9.0,11.0,9.0,2.0,11.0,12.0,63.0,17.0,3.0,17.0,670.0,14.0,9.0,8.0,12.0,3.0,12.0,12.0,49.0,2021-2022,H,1.0,1.4,1.6,6.8,5.0,8.8,2.0,1.6,0.8,8.0,3.2,9.0,1490.9812002004444,1524.5301664608508,-33.54896626040636,1.0
8.0,Sat,2021-10-16,15:00,Manchester City,2.1,0.9,Burnley,52711.0,Etihad Stadium,Martin Atkinson,72,2,0,11.0,6.0,24.0,905.0,11.0,10.0,11.0,11.0,0.0,7.0,15.0,69.0,5.0,2.0,12.0,457.0,17.0,10.0,15.0,23.0,3.0,8.0,15.0,79.0,2021-2022,H,2.2,1.8,0.4,9.4,3.4,8.6,0.6,0.8,1.4,6.2,5.0,9.8,1531.253727187518,1460.9122700817832,70.34145710573489,1.0
8.0,Sat,2021-10-16,15:00,Southampton,1.9,0.2,Leeds United,30506.0,St. Mary's Stadium,David Coote,73,1,0,16.0,8.0,18.0,527.0,22.0,10.0,20.0,10.0,1.0,4.0,27.0,59.0,14.0,1.0,9.0,595.0,21.0,15.0,14.0,17.0,2.0,15.0,26.0,80.0,2021-2022,H,0.6,0.6,1.2,4.2,5.6,10.6,1.0,0.8,1.4,4.6,6.0,9.8,1474.0381131897666,1480.1318609091306,-6.093747719364046,1.0
8.0,Sat,2021-10-16,15:00,Aston Villa,1.0,2.0,Wolves,41951.0,Villa Park,Michael Oliver,74,2,3,8.0,6.0,23.0,537.0,12.0,9.0,13.0,25.0,1.0,7.0,15.0,75.0,17.0,7.0,21.0,555.0,7.0,9.0,12.0,22.0,2.0,13.0,15.0,66.0,2021-2022,A,1.4,1.2,1.2,6.4,4.0,12.0,1.8,1.0,0.8,4.4,4.8,10.6,1504.2257389623617,1491.0229907522737,13.202748210087975,1.0
8.0,Sat,2021-10-16,17:30,Brentford,1.4,0.3,Chelsea,16940.0,Brentford Community Stadium,Anthony Taylor,76,0,1,13.0,5.0,26.0,573.0,16.0,4.0,35.0,13.0,1.0,5.0,29.0,76.0,8.0,5.0,16.0,719.0,20.0,10.0,17.0,44.0,4.0,1.0,11.0,49.0,2021-2022,A,1.6,1.6,1.2,2.6,6.6,10.2,2.0,2.0,0.6,5.8,8.6,10.6,1521.3670894943225,1534.967759751104,-13.600670256781541,1.0
8.0,Sun,2021-10-17,16:30,Newcastle Utd,0.4,1.7,Tottenham,52214.0,St. James' Park,Andre Marriner,78,2,3,13.0,2.0,15.0,495.0,26.0,8.0,23.0,25.0,0.0,5.0,19.0,58.0,4.0,9.0,24.0,771.0,27.0,5.0,12.0,10.0,1.0,11.0,15.0,55.0,2021-2022,A,0.6,1.2,2.0,4.2,4.2,7.8,1.2,0.8,2.0,5.2,6.8,10.2,1464.3765238188557,1506.6409453040585,-42.264421485202774,1.0
8.0,Sun,2021-10-17,14:00,Everton,0.9,1.2,West Ham,39132.0,Goodison Park,Stuart Attwell,77,0,1,3.0,7.0,32.0,519.0,19.0,10.0,20.0,27.0,0.0,11.0,18.0,76.0,3.0,9.0,29.0,711.0,13.0,10.0,13.0,19.0,2.0,13.0,25.0,68.0,2021-2022,A,2.0,1.6,1.0,4.0,5.8,8.6,1.0,1.2,1.4,5.6,6.0,9.8,1527.4604290574391,1505.9932065054165,21.467222552022577,1.0
8.0,Mon,2021-10-18,20:00,Arsenal,1.7,0.7,Crystal Palace,59475.0,Emirates Stadium,Mike Dean,79,2,2,7.0,6.0,19.0,687.0,17.0,7.0,7.0,6.0,0.0,3.0,26.0,72.0,4.0,3.0,10.0,631.0,22.0,7.0,20.0,18.0,3.0,5.0,18.0,68.0,2021-2022,D,2.0,1.0,1.2,4.0,7.6,8.2,1.2,1.6,1.6,4.6,5.0,11.6,1503.5098910787083,1492.0580686717303,11.451822406977954,1.0
9.0,Fri,2021-10-22,20:00,Arsenal,2.7,1.4,Aston Villa,59496.0,Emirates Stadium,Craig Pawson,80,3,1,17.0,7.0,15.0,603.0,13.0,7.0,11.0,20.0,1.0,3.0,14.0,56.0,10.0,4.0,12.0,534.0,14.0,11.0,15.0,18.0,0.0,8.0,19.0,70.0,2021-2022,H,2.2,1.4,0.6,5.2,5.4,8.2,1.2,1.4,1.6,7.0,5.0,10.6,1501.481853250857,1492.1494279282745,9.332425322582594,1.0
9.0,Sat,2021-10-23,12:30,Chelsea,3.1,0.1,Norwich City,40113.0,Stamford Bridge,Andy Madley,81,7,0,14.0,5.0,10.0,753.0,19.0,5.0,10.0,4.0,1.0,6.0,15.0,39.0,16.0,0.0,2.0,499.0,12.0,7.0,6.0,11.0,0.0,10.0,15.0,57.0,2021-2022,H,2.4,2.0,0.4,6.2,7.2,11.4,0.4,0.2,1.2,5.0,7.0,7.6,1546.295356587761,1446.012805572921,100.28255101484001,1.0
9.0,Sat,2021-10-23,15:00,Leeds United,1.6,0.9,Wolves,36475.0,Elland Road,Robert Jones,82,1,1,15.0,6.0,21.0,665.0,25.0,14.0,12.0,11.0,1.0,4.0,14.0,60.0,14.0,3.0,5.0,459.0,16.0,12.0,12.0,29.0,1.0,13.0,27.0,71.0,2021-2022,D,0.8,0.6,1.4,3.8,6.6,10.8,2.4,1.6,1.0,4.8,4.6,12.6,1471.6710761859638,1503.099301786361,-31.428225600397127,1.0
9.0,Sat,2021-10-23,15:00,Crystal Palace,1.9,0.3,Newcastle Utd,24609.0,Selhurst Park,Darren England,83,1,1,13.0,3.0,23.0,828.0,11.0,6.0,16.0,24.0,2.0,3.0,18.0,58.0,9.0,7.0,16.0,391.0,18.0,7.0,18.0,35.0,3.0,12.0,15.0,76.0,2021-2022,D,1.2,1.6,1.6,4.6,5.2,11.0,0.4,1.2,2.2,3.8,5.2,8.2,1494.0861064995815,1453.866495769544,40.21961073003763,1.0
9.0,Sat,2021-10-23,15:00,Everton,1.5,3.7,Watford,38834.0,Goodison Park,Graham Scott,84,2,5,9.0,3.0,23.0,584.0,25.0,9.0,23.0,32.0,1.0,8.0,21.0,78.0,13.0,5.0,24.0,581.0,11.0,3.0,26.0,28.0,0.0,11.0,34.0,74.0,2021-2022,A,1.4,1.2,1.2,4.4,6.8,7.4,0.8,0.8,2.0,4.6,6.6,13.6,1515.157663251857,1469.9566388950184,45.201024356838616,1.0
9.0,Sat,2021-10-23,15:00,Southampton,1.6,0.7,Burnley,29145.0,St. Mary's Stadium,Chris Kavanagh,85,2,2,10.0,6.0,27.0,627.0,11.0,12.0,14.0,22.0,1.0,1.0,31.0,58.0,11.0,2.0,18.0,450.0,12.0,15.0,29.0,19.0,1.0,11.0,24.0,77.0,2021-2022,D,1.0,0.4,0.8,5.0,5.0,12.6,0.4,0.6,1.6,5.6,5.2,8.2,1482.4988979129334,1454.4971763780266,28.001721534906892,1.0
9.0,Sat,2021-10-23,17:30,Brighton,1.3,3.8,Manchester City,31215.0,The American Express Community Stadium,Kevin Friend,86,1,4,10.0,7.0,20.0,643.0,16.0,13.0,14.0,9.0,2.0,5.0,17.0,57.0,6.0,6.0,7.0,699.0,7.0,8.0,5.0,18.0,1.0,8.0,16.0,66.0,2021-2022,A,1.8,0.8,0.4,5.2,5.8,10.4,2.2,1.2,0.4,7.8,3.8,9.8,1525.172750526558,1537.6688208912747,-12.496070364716616,1.0
9.0,Sun,2021-10-24,16:30,Manchester Utd,1.6,3.4,Liverpool,73088.0,Old Trafford,Anthony Taylor,89,0,5,10.0,6.0,21.0,525.0,5.0,11.0,13.0,13.0,7.0,8.0,13.0,57.0,8.0,3.0,9.0,845.0,11.0,11.0,9.0,23.0,0.0,7.0,10.0,59.0,2021-2022,A,1.4,1.8,1.6,7.2,3.0,10.6,2.2,3.2,1.0,8.8,2.8,10.4,1515.290020910658,1545.3878235797386,-30.097802669080465,1.0
9.0,Sun,2021-10-24,14:00,West Ham,1.3,0.7,Tottenham,59924.0,London Stadium,Paul Tierney,87,1,0,11.0,2.0,14.0,544.0,23.0,9.0,11.0,17.0,1.0,3.0,21.0,68.0,4.0,4.0,16.0,773.0,15.0,16.0,15.0,13.0,0.0,7.0,20.0,58.0,2021-2022,H,1.4,1.0,1.0,6.4,6.8,8.4,1.2,1.2,2.4,5.0,6.6,9.4,1518.2959723109986,1517.1509733533703,1.1449989576283315,1.0
9.0,Sun,2021-10-24,14:00,Brentford,1.0,1.5,Leicester City,16814.0,Brentford Community Stadium,Simon Hooper,88,1,2,13.0,9.0,26.0,611.0,20.0,13.0,21.0,10.0,3.0,6.0,21.0,84.0,7.0,2.0,5.0,553.0,18.0,9.0,21.0,43.0,1.0,12.0,19.0,79.0,2021-2022,A,1.4,1.4,1.2,3.2,7.0,10.0,1.0,1.8,1.8,5.8,3.8,8.0,1510.0394926576655,1500.221345750637,9.81814690702845,1.0
10.0,Sat,2021-10-30,17:30,Tottenham,1.0,1.5,Manchester Utd,60356.0,Tottenham Hotspur Stadium,Stuart Attwell,96,0,3,12.0,10.0,29.0,715.0,19.0,10.0,17.0,6.0,4.0,5.0,16.0,45.0,14.0,1.0,8.0,568.0,17.0,7.0,12.0,33.0,1.0,6.0,17.0,57.0,2021-2022,A,1.2,1.2,2.0,5.4,5.4,7.2,0.8,1.0,2.4,7.0,3.0,10.8,1508.8929208833808,1504.4314852409045,4.461435642476317,1.0
10.0,Sat,2021-10-30,15:00,Manchester City,0.7,0.7,Crystal Palace,53014.0,Etihad Stadium,Andre Marriner,95,0,2,11.0,7.0,32.0,807.0,16.0,6.0,13.0,3.0,2.0,5.0,34.0,73.0,11.0,1.0,4.0,477.0,21.0,11.0,14.0,32.0,5.0,14.0,13.0,73.0,2021-2022,A,2.2,1.8,0.6,7.4,4.2,8.8,0.8,1.2,1.8,3.6,6.2,11.0,1549.027637031376,1491.278982649812,57.74865438156394,1.0
10.0,Sat,2021-10-30,15:00,Watford,1.0,1.8,Southampton,20869.0,Vicarage Road Stadium,Peter Bankes,94,0,1,16.0,5.0,30.0,468.0,15.0,12.0,21.0,27.0,2.0,9.0,21.0,87.0,6.0,8.0,26.0,633.0,15.0,12.0,35.0,28.0,0.0,10.0,13.0,71.0,2021-2022,A,1.4,1.8,2.0,4.4,5.6,13.2,1.0,0.8,1.2,5.2,4.6,12.6,1482.8953029263855,1480.0188162384743,2.8764866879112105,1.0
10.0,Sat,2021-10-30,12:30,Leicester City,1.3,0.7,Arsenal,32209.0,King Power Stadium,Michael Oliver,90,0,2,8.0,7.0,22.0,772.0,11.0,7.0,15.0,16.0,2.0,6.0,24.0,70.0,11.0,6.0,14.0,487.0,7.0,8.0,9.0,27.0,1.0,7.0,18.0,73.0,2021-2022,A,1.6,2.2,1.8,5.2,4.0,8.6,2.2,1.8,0.8,5.0,5.4,9.8,1512.2042538572873,1509.5123793600449,2.691874497242452,1.0
10.0,Sat,2021-10-30,15:00,Liverpool,1.5,1.0,Brighton,52598.0,Anfield,Mike Dean,92,2,2,8.0,5.0,20.0,792.0,10.0,16.0,11.0,19.0,1.0,3.0,20.0,72.0,5.0,3.0,11.0,614.0,20.0,16.0,11.0,17.0,5.0,7.0,19.0,80.0,2021-2022,D,2.2,3.6,1.0,7.2,3.6,10.4,1.2,0.8,1.2,5.6,6.8,10.0,1556.2463592494921,1513.8139343864568,42.432424863035294,1.0
10.0,Sat,2021-10-30,15:00,Newcastle Utd,0.2,2.2,Chelsea,52208.0,St. James' Park,Paul Tierney,91,0,3,14.0,0.0,7.0,321.0,10.0,6.0,21.0,24.0,1.0,11.0,11.0,64.0,12.0,2.0,19.0,897.0,12.0,3.0,16.0,10.0,4.0,2.0,15.0,34.0,2021-2022,A,0.6,1.2,1.6,4.6,4.4,9.6,2.4,2.8,0.4,6.4,5.0,12.0,1456.6736196193135,1551.9836786466187,-95.31005902730521,1.0
10.0,Sat,2021-10-30,15:00,Burnley,2.3,0.8,Brentford,18821.0,Turf Moor,Jonathan Moss,93,3,1,7.0,4.0,15.0,527.0,8.0,21.0,20.0,29.0,3.0,3.0,22.0,79.0,10.0,2.0,22.0,672.0,12.0,15.0,17.0,17.0,4.0,8.0,20.0,90.0,2021-2022,H,0.6,0.8,1.4,4.8,5.6,9.2,1.4,1.6,1.4,4.8,6.4,10.8,1456.9772580524857,1498.0565845510152,-41.079326498529554,1.0
10.0,Sun,2021-10-31,14:00,Norwich City,0.8,0.7,Leeds United,26913.0,Carrow Road,Anthony Taylor,97,1,2,14.0,5.0,18.0,469.0,17.0,7.0,20.0,8.0,0.0,3.0,24.0,78.0,23.0,0.0,7.0,514.0,21.0,7.0,21.0,22.0,0.0,9.0,24.0,59.0,2021-2022,A,0.4,0.2,2.4,4.2,6.4,8.6,1.0,0.8,1.0,4.6,5.0,12.0,1440.3244835140633,1470.8505632318715,-30.526079717808216,1.0
10.0,Sun,2021-10-31,16:30,Aston Villa,0.7,2.3,West Ham,41874.0,Villa Park,Chris Kavanagh,98,1,4,7.0,3.0,15.0,483.0,16.0,5.0,25.0,14.0,2.0,7.0,21.0,73.0,13.0,6.0,16.0,631.0,20.0,13.0,16.0,23.0,0.0,7.0,21.0,67.0,2021-2022,A,1.2,1.6,1.6,5.6,5.6,10.4,1.8,1.2,1.0,6.0,6.6,8.2,1484.1189018190867,1526.5540247809881,-42.43512296190147,1.0
10.0,Mon,2021-11-01,20:00,Wolves,1.7,1.5,Everton,30617.0,Molineux Stadium,Martin Atkinson,99,2,1,10.0,4.0,9.0,771.0,15.0,11.0,23.0,18.0,1.0,5.0,19.0,95.0,8.0,3.0,14.0,535.0,26.0,13.0,19.0,12.0,2.0,5.0,20.0,65.0,2021-2022,H,2.0,1.4,1.2,3.8,4.6,12.8,0.8,1.0,2.0,4.2,6.6,8.6,1503.9198147404531,1502.2189992204899,1.700815519963271,1.0
11.0,Fri,2021-11-05,20:00,Southampton,0.6,0.6,Aston Villa,30178.0,St. Mary's Stadium,Andy Madley,100,1,0,12.0,10.0,24.0,603.0,14.0,14.0,20.0,27.0,0.0,9.0,19.0,65.0,12.0,8.0,23.0,494.0,22.0,11.0,24.0,21.0,2.0,5.0,22.0,66.0,2021-2022,H,1.4,1.0,1.2,5.8,4.0,11.4,0.6,1.2,2.4,5.2,6.0,10.4,1491.8090454564062,1473.61377429503,18.19527116137624,1.0
11.0,Sat,2021-11-06,17:30,Brighton,1.5,0.3,Newcastle Utd,31267.0,The American Express Community Stadium,David Coote,105,1,1,16.0,2.0,17.0,797.0,15.0,6.0,11.0,25.0,1.0,3.0,21.0,66.0,10.0,5.0,18.0,462.0,23.0,9.0,9.0,10.0,1.0,5.0,20.0,54.0,2021-2022,D,0.8,0.8,1.4,5.4,6.0,9.4,0.4,1.0,2.0,3.8,3.8,10.6,1516.6796239183927,1447.6864401515472,68.9931837668455,1.0
11.0,Sat,2021-11-06,15:00,Crystal Palace,1.9,0.3,Wolves,24390.0,Selhurst Park,Graham Scott,104,2,0,14.0,4.0,12.0,717.0,28.0,13.0,15.0,11.0,1.0,2.0,30.0,62.0,13.0,6.0,10.0,522.0,32.0,6.0,11.0,11.0,1.0,7.0,16.0,80.0,2021-2022,H,1.4,1.6,1.2,2.8,5.6,11.0,2.6,1.8,1.0,3.8,4.8,12.8,1504.5440030327575,1512.162359289444,-7.6183562566866385,1.0
11.0,Sat,2021-11-06,15:00,Chelsea,1.8,0.7,Burnley,39798.0,Stamford Bridge,Andre Marriner,103,1,1,6.0,14.0,24.0,796.0,8.0,4.0,23.0,4.0,1.0,6.0,21.0,66.0,9.0,2.0,10.0,417.0,17.0,15.0,15.0,24.0,4.0,14.0,10.0,72.0,2021-2022,D,2.4,2.8,0.4,4.6,4.0,11.4,1.2,1.4,1.4,4.0,5.4,8.8,1560.970858114385,1466.4332150063215,94.53764310806355,1.0
11.0,Sat,2021-11-06,15:00,Brentford,2.5,1.2,Norwich City,16837.0,Brentford Community Stadium,Jarred Gillett,102,1,2,12.0,6.0,35.0,735.0,19.0,3.0,35.0,11.0,2.0,3.0,28.0,100.0,13.0,2.0,11.0,499.0,16.0,8.0,22.0,44.0,3.0,9.0,16.0,85.0,2021-2022,A,0.8,1.4,2.0,4.8,6.4,11.4,0.4,0.2,2.2,4.4,4.8,9.4,1488.6006275971795,1429.4781850786887,59.12244251849074,1.0
11.0,Sat,2021-11-06,12:30,Manchester Utd,0.9,1.6,Manchester City,73086.0,Old Trafford,Michael Oliver,101,0,2,9.0,1.0,9.0,526.0,18.0,6.0,9.0,23.0,4.0,11.0,14.0,48.0,12.0,9.0,19.0,938.0,12.0,6.0,10.0,7.0,1.0,5.0,10.0,55.0,2021-2022,A,0.8,1.2,2.2,5.0,4.6,12.0,2.0,1.8,1.0,7.2,3.4,10.0,1516.2658345822385,1535.7626166484304,-19.496782066191827,1.0
11.0,Sun,2021-11-07,14:00,Everton,0.6,0.7,Tottenham,39059.0,Goodison Park,Chris Kavanagh,106,0,0,13.0,4.0,15.0,584.0,22.0,15.0,5.0,16.0,1.0,3.0,22.0,77.0,17.0,2.0,12.0,681.0,16.0,8.0,19.0,19.0,2.0,9.0,27.0,44.0,2021-2022,D,0.8,1.2,1.8,4.0,6.4,8.2,1.2,1.2,2.0,6.4,3.4,8.8,1493.976454671499,1497.0585715420468,-3.0821168705479067,1.0
11.0,Sun,2021-11-07,14:00,Leeds United,1.3,0.7,Leicester City,36478.0,Elland Road,Darren England,107,1,1,12.0,10.0,31.0,635.0,12.0,18.0,7.0,13.0,1.0,10.0,25.0,67.0,5.0,5.0,10.0,523.0,33.0,9.0,15.0,36.0,2.0,14.0,11.0,59.0,2021-2022,D,1.4,1.0,1.0,3.6,5.2,14.4,1.6,2.0,1.8,4.8,4.4,8.2,1481.6968616672461,1500.4191683985757,-18.72230673132958,1.0
11.0,Sun,2021-11-07,14:00,Arsenal,1.6,0.5,Watford,59833.0,Emirates Stadium,Kevin Friend,108,1,0,6.0,4.0,25.0,657.0,22.0,7.0,17.0,23.0,3.0,4.0,16.0,61.0,19.0,2.0,15.0,472.0,15.0,11.0,9.0,23.0,3.0,4.0,23.0,77.0,2021-2022,H,2.2,2.0,0.8,5.6,5.2,10.4,0.8,1.2,2.0,3.8,6.4,13.6,1521.2974648187565,1471.1050737084536,50.19239111030288,1.0
11.0,Sun,2021-11-07,16:30,West Ham,1.0,1.2,Liverpool,59909.0,London Stadium,Craig Pawson,109,3,2,11.0,3.0,16.0,452.0,8.0,14.0,17.0,37.0,2.0,10.0,15.0,73.0,6.0,2.0,24.0,829.0,6.0,12.0,19.0,15.0,0.0,3.0,19.0,53.0,2021-2022,H,2.4,1.8,0.8,6.8,5.0,9.8,1.8,3.4,1.4,6.2,3.2,8.6,1537.0591523050448,1553.3806697175562,-16.32151741251141,1.0
12.0,Sat,2021-11-20,17:30,Liverpool,4.3,0.4,Arsenal,53092.0,Anfield,Michael Oliver,117,4,0,15.0,6.0,17.0,778.0,14.0,4.0,10.0,9.0,2.0,3.0,17.0,70.0,12.0,1.0,7.0,518.0,18.0,8.0,10.0,17.0,8.0,5.0,16.0,56.0,2021-2022,H,1.6,3.2,1.4,4.4,3.4,8.4,2.2,1.6,0.6,5.6,4.8,9.2,1544.6312560509684,1528.228104843562,16.40315120740638,1.0
12.0,Sat,2021-11-20,15:00,Newcastle Utd,1.5,0.9,Brentford,52131.0,St. James' Park,Robert Jones,115,3,3,13.0,8.0,31.0,542.0,13.0,10.0,26.0,18.0,0.0,6.0,32.0,88.0,11.0,2.0,11.0,510.0,21.0,7.0,15.0,38.0,2.0,8.0,23.0,90.0,2021-2022,D,0.4,1.0,2.0,3.6,3.2,10.2,0.6,1.0,1.8,5.6,4.6,12.2,1451.2374803064354,1475.3003273348854,-24.06284702845005,1.0
12.0,Sat,2021-11-20,15:00,Aston Villa,0.7,0.4,Brighton,41925.0,Villa Park,Anthony Taylor,114,2,0,7.0,5.0,19.0,498.0,16.0,9.0,9.0,21.0,1.0,5.0,20.0,49.0,13.0,6.0,24.0,752.0,16.0,3.0,16.0,23.0,0.0,6.0,20.0,63.0,2021-2022,H,0.0,1.0,2.6,5.8,7.0,10.2,0.8,0.8,1.4,4.8,5.8,10.6,1465.827168409571,1513.1285837635046,-47.301415353933635,1.0
12.0,Sat,2021-11-20,15:00,Burnley,1.5,1.9,Crystal Palace,18028.0,Turf Moor,Simon Hooper,116,3,3,14.0,3.0,24.0,456.0,15.0,6.0,31.0,17.0,1.0,5.0,20.0,85.0,15.0,6.0,20.0,645.0,6.0,3.0,16.0,28.0,0.0,8.0,21.0,67.0,2021-2022,D,1.2,1.2,1.2,3.8,6.6,9.0,1.8,1.8,1.0,2.4,5.8,11.4,1470.609326877318,1513.0476585587962,-42.4383316814783,1.0
12.0,Sat,2021-11-20,15:00,Watford,2.7,1.4,Manchester Utd,21087.0,Vicarage Road Stadium,Jonathan Moss,112,4,1,7.0,8.0,23.0,477.0,22.0,12.0,15.0,12.0,1.0,6.0,21.0,86.0,5.0,3.0,12.0,687.0,13.0,7.0,20.0,18.0,4.0,11.0,19.0,64.0,2021-2022,H,0.6,1.0,2.0,3.2,6.0,13.6,0.8,1.2,2.4,4.2,5.4,12.0,1464.174433683648,1505.1053108081526,-40.930877124504605,1.0
12.0,Sat,2021-11-20,15:00,Wolves,1.4,0.4,West Ham,30667.0,Molineux Stadium,Mike Dean,111,1,0,6.0,7.0,25.0,667.0,17.0,14.0,11.0,24.0,0.0,6.0,13.0,64.0,9.0,3.0,23.0,629.0,12.0,12.0,11.0,22.0,1.0,11.0,17.0,55.0,2021-2022,H,2.0,1.6,1.4,4.0,4.6,13.8,2.4,2.0,1.0,6.0,4.4,10.8,1503.6587037634054,1545.8085659716326,-42.149862208227205,1.0
12.0,Sat,2021-11-20,12:30,Leicester City,0.4,2.0,Chelsea,35497.0,King Power Stadium,Paul Tierney,110,0,3,15.0,3.0,6.0,518.0,20.0,13.0,8.0,11.0,3.0,6.0,30.0,49.0,8.0,5.0,12.0,758.0,15.0,4.0,13.0,10.0,4.0,4.0,24.0,56.0,2021-2022,A,1.6,1.8,1.6,4.2,5.8,7.2,2.6,3.0,0.4,6.6,1.8,10.2,1501.601677419581,1556.7947462433885,-55.19306882380761,1.0
12.0,Sat,2021-11-20,15:00,Norwich City,0.5,1.0,Southampton,26885.0,Carrow Road,Martin Atkinson,113,2,1,8.0,5.0,19.0,485.0,16.0,13.0,23.0,22.0,0.0,10.0,18.0,77.0,9.0,7.0,26.0,734.0,10.0,14.0,24.0,16.0,1.0,4.0,13.0,70.0,2021-2022,H,1.0,0.6,2.0,4.0,4.8,10.2,2.0,1.2,1.0,6.8,4.6,11.4,1442.7784853409828,1499.5956513418653,-56.81716600088248,1.0
12.0,Sun,2021-11-21,14:00,Manchester City,2.5,0.2,Everton,52571.0,Etihad Stadium,Stuart Attwell,118,3,0,5.0,7.0,25.0,1004.0,15.0,8.0,15.0,8.0,0.0,0.0,13.0,49.0,7.0,1.0,13.0,376.0,18.0,6.0,5.0,19.0,2.0,13.0,9.0,61.0,2021-2022,H,2.0,2.0,1.0,6.4,2.8,10.4,0.4,0.8,1.8,3.6,6.0,8.4,1546.9231404225163,1492.3527262153984,54.57041420711789,1.0
12.0,Sun,2021-11-21,16:30,Tottenham,2.1,1.4,Leeds United,58989.0,Tottenham Hotspur Stadium,Andre Marriner,119,2,1,11.0,4.0,17.0,580.0,18.0,13.0,21.0,27.0,4.0,7.0,22.0,45.0,12.0,8.0,21.0,699.0,20.0,14.0,12.0,19.0,1.0,3.0,26.0,65.0,2021-2022,H,1.4,1.0,1.4,6.0,3.4,9.6,1.6,1.0,0.8,4.6,4.8,14.8,1498.6822999981473,1480.514352646241,18.167947351906378,1.0
13.0,Sat,2021-11-27,12:30,Arsenal,2.5,0.3,Newcastle Utd,59886.0,Emirates Stadium,Stuart Attwell,120,2,0,6.0,4.0,18.0,778.0,14.0,3.0,11.0,12.0,0.0,0.0,15.0,52.0,12.0,4.0,14.0,462.0,13.0,11.0,5.0,21.0,3.0,12.0,5.0,51.0,2021-2022,H,2.0,1.6,1.4,4.8,4.4,10.6,0.6,1.4,2.2,4.4,3.6,11.8,1520.3923889955367,1450.2067989938819,70.18559000165487,1.0
13.0,Sat,2021-11-27,15:00,Crystal Palace,1.0,0.5,Aston Villa,25203.0,Selhurst Park,Michael Salisbury,121,1,2,12.0,7.0,30.0,735.0,20.0,9.0,13.0,7.0,1.0,5.0,28.0,72.0,10.0,3.0,9.0,487.0,24.0,6.0,12.0,33.0,0.0,6.0,10.0,58.0,2021-2022,A,1.8,2.0,1.2,3.4,5.8,11.4,0.6,1.2,2.2,5.2,7.2,8.8,1513.5526939640822,1475.461836426604,38.090857537478314,1.0
13.0,Sat,2021-11-27,15:00,Liverpool,2.9,1.0,Southampton,53040.0,Anfield,Andre Marriner,122,4,0,7.0,5.0,16.0,779.0,13.0,6.0,14.0,22.0,2.0,3.0,23.0,73.0,14.0,7.0,14.0,499.0,16.0,13.0,20.0,30.0,2.0,13.0,17.0,88.0,2021-2022,H,2.0,3.6,1.0,5.0,2.8,9.4,2.0,1.2,0.8,7.8,4.2,10.6,1552.4669718989937,1489.6872581057492,62.77971379324458,1.0
13.0,Sat,2021-11-27,15:00,Norwich City,1.6,0.3,Wolves,26911.0,Carrow Road,Simon Hooper,123,0,0,11.0,4.0,22.0,596.0,23.0,8.0,8.0,13.0,1.0,7.0,13.0,62.0,10.0,3.0,9.0,734.0,21.0,10.0,11.0,16.0,0.0,8.0,16.0,79.0,2021-2022,D,1.4,1.0,2.2,4.0,4.4,11.2,2.0,1.4,1.2,5.4,4.4,12.0,1452.686878577099,1513.1453870656467,-60.45850848854775,1.0
13.0,Sat,2021-11-27,17:30,Brighton,2.1,0.6,Leeds United,31166.0,The American Express Community Stadium,Craig Pawson,124,0,0,12.0,6.0,19.0,659.0,11.0,11.0,17.0,14.0,2.0,9.0,20.0,54.0,14.0,1.0,11.0,548.0,28.0,15.0,13.0,18.0,1.0,12.0,14.0,74.0,2021-2022,D,0.6,0.8,1.8,4.4,5.8,11.6,1.0,1.0,1.2,5.0,5.0,15.2,1503.4939157464717,1472.726998834018,30.766916912453553,1.0
13.0,Sun,2021-11-28,16:30,Chelsea,2.7,0.9,Manchester Utd,40041.0,Stamford Bridge,Anthony Taylor,128,1,1,13.0,15.0,37.0,761.0,16.0,12.0,11.0,7.0,2.0,2.0,17.0,70.0,14.0,2.0,8.0,483.0,21.0,9.0,11.0,38.0,1.0,14.0,17.0,54.0,2021-2022,D,2.6,3.0,0.2,6.2,2.0,9.6,0.6,1.2,3.0,2.8,6.8,11.0,1566.9330920169875,1495.6536138249717,71.27947819201586,1.0
13.0,Sun,2021-11-28,14:00,Brentford,1.2,1.0,Everton,16957.0,Brentford Community Stadium,Darren England,125,1,0,8.0,3.0,11.0,514.0,19.0,11.0,12.0,19.0,0.0,7.0,23.0,88.0,11.0,3.0,30.0,709.0,19.0,7.0,25.0,24.0,3.0,2.0,20.0,63.0,2021-2022,H,0.2,1.2,2.2,4.8,4.2,11.8,0.2,0.6,2.2,3.6,5.4,8.0,1476.331008647439,1485.535778748988,-9.204770101549002,1.0
13.0,Sun,2021-11-28,14:00,Leicester City,2.1,2.8,Watford,32020.0,King Power Stadium,Andy Madley,126,4,2,5.0,8.0,15.0,579.0,22.0,11.0,30.0,17.0,5.0,11.0,18.0,92.0,20.0,6.0,23.0,466.0,14.0,13.0,23.0,13.0,2.0,6.0,28.0,72.0,2021-2022,H,1.4,1.4,1.8,4.2,6.6,8.0,1.2,1.8,2.0,4.2,5.4,11.8,1491.463331645982,1473.6261306668289,17.837200979153067,1.0
13.0,Sun,2021-11-28,14:00,Manchester City,2.1,0.2,West Ham,53245.0,Etihad Stadium,Michael Oliver,127,2,1,7.0,8.0,19.0,867.0,15.0,5.0,11.0,12.0,4.0,2.0,12.0,53.0,6.0,4.0,17.0,461.0,16.0,11.0,13.0,18.0,4.0,9.0,10.0,62.0,2021-2022,H,2.4,2.2,0.6,7.0,2.4,9.0,2.4,1.8,0.8,4.6,4.6,9.4,1553.7400878889268,1536.3218826693912,17.418205219535594,1.0
14.0,Tue,2021-11-30,20:15,Leeds United,1.4,1.1,Crystal Palace,35558.0,Elland Road,Kevin Friend,130,1,0,15.0,7.0,18.0,645.0,23.0,12.0,12.0,17.0,2.0,10.0,13.0,56.0,15.0,4.0,16.0,472.0,21.0,13.0,9.0,18.0,0.0,9.0,22.0,75.0,2021-2022,H,1.2,1.0,1.0,5.0,4.6,15.2,1.6,1.8,1.2,4.2,5.2,13.0,1475.2816251669874,1500.8021090155542,-25.520483848566755,1.0
14.0,Tue,2021-11-30,19:30,Newcastle Utd,1.1,1.2,Norwich City,50757.0,St. James' Park,Andy Madley,129,1,1,8.0,2.0,7.0,387.0,8.0,10.0,7.0,15.0,0.0,13.0,23.0,70.0,11.0,5.0,24.0,717.0,17.0,14.0,15.0,9.0,3.0,6.0,20.0,61.0,2021-2022,D,0.6,1.0,2.0,4.8,2.6,11.6,1.4,1.0,2.2,3.2,4.2,12.4,1443.7877949940466,1452.700075504572,-8.912280510525306,1.0
14.0,Wed,2021-12-01,19:30,Southampton,1.5,1.5,Leicester City,26951.0,St. Mary's Stadium,Robert Jones,131,2,2,14.0,2.0,15.0,500.0,12.0,15.0,23.0,17.0,1.0,7.0,21.0,71.0,11.0,4.0,19.0,604.0,11.0,7.0,35.0,18.0,2.0,6.0,24.0,81.0,2021-2022,D,1.4,1.0,1.6,7.6,5.0,10.2,1.4,1.4,1.8,5.0,7.2,8.0,1483.0810295058902,1499.2597409456037,-16.178711439713425,1.0
14.0,Wed,2021-12-01,19:30,West Ham,1.3,1.3,Brighton,59626.0,London Stadium,Chris Kavanagh,132,1,1,10.0,9.0,25.0,434.0,13.0,14.0,11.0,19.0,1.0,8.0,23.0,58.0,8.0,5.0,18.0,709.0,19.0,5.0,16.0,26.0,0.0,7.0,18.0,49.0,2021-2022,D,1.8,1.8,1.2,3.6,4.8,10.0,0.6,0.8,1.8,4.8,4.4,11.2,1528.5139962527348,1500.9392894135024,27.574706839232476,1.0
14.0,Wed,2021-12-01,19:30,Wolves,0.7,0.2,Burnley,30328.0,Molineux Stadium,John Brooks,133,0,0,5.0,5.0,27.0,755.0,14.0,10.0,26.0,17.0,1.0,5.0,25.0,89.0,7.0,5.0,20.0,468.0,19.0,9.0,26.0,39.0,3.0,10.0,14.0,82.0,2021-2022,D,1.6,0.8,0.8,4.6,4.0,10.6,1.2,1.8,1.8,2.6,6.8,9.2,1513.1321901381737,1470.104291472032,43.02789866614171,1.0
14.0,Wed,2021-12-01,19:30,Watford,1.0,0.9,Chelsea,20388.0,Vicarage Road Stadium,David Coote,134,1,2,18.0,6.0,30.0,573.0,10.0,15.0,29.0,9.0,3.0,2.0,35.0,95.0,16.0,0.0,8.0,598.0,12.0,15.0,34.0,42.0,5.0,4.0,18.0,66.0,2021-2022,A,1.2,2.2,1.8,5.2,5.2,15.0,2.2,3.0,0.4,8.2,1.4,10.6,1465.8297213672072,1563.3246798272583,-97.49495846005107,1.0
14.0,Wed,2021-12-01,20:15,Aston Villa,0.8,1.0,Manchester City,41400.0,Villa Park,Mike Dean,135,1,2,8.0,4.0,14.0,481.0,25.0,11.0,15.0,20.0,1.0,9.0,15.0,56.0,12.0,10.0,18.0,735.0,11.0,9.0,10.0,14.0,0.0,4.0,16.0,57.0,2021-2022,A,1.2,1.2,1.8,4.6,7.2,9.2,2.4,2.2,0.8,7.4,2.8,8.2,1488.212421375132,1561.5479743055832,-73.33555293045129,1.0
14.0,Wed,2021-12-01,20:15,Everton,0.7,2.4,Liverpool,39641.0,Goodison Park,Paul Tierney,136,1,4,8.0,3.0,12.0,424.0,9.0,16.0,15.0,16.0,3.0,9.0,23.0,75.0,16.0,11.0,21.0,747.0,15.0,9.0,22.0,13.0,1.0,6.0,14.0,67.0,2021-2022,A,0.2,0.6,2.2,2.8,4.2,9.6,2.0,3.4,1.0,4.2,4.0,8.8,1476.9874547167126,1559.0732004988527,-82.08574578214007,1.0
14.0,Thu,2021-12-02,19:30,Tottenham,1.9,0.3,Brentford,54202.0,Tottenham Hotspur Stadium,Jonathan Moss,137,2,0,13.0,10.0,17.0,609.0,8.0,12.0,23.0,25.0,0.0,5.0,21.0,58.0,11.0,5.0,21.0,669.0,10.0,15.0,19.0,21.0,0.0,4.0,22.0,85.0,2021-2022,H,1.4,1.0,1.4,5.8,3.4,9.6,0.8,1.4,2.0,4.4,3.8,10.8,1506.4696538103701,1484.8793326797143,21.590321130655866,1.0
14.0,Thu,2021-12-02,20:15,Manchester Utd,1.9,1.4,Arsenal,73123.0,Old Trafford,Martin Atkinson,138,3,2,9.0,3.0,12.0,561.0,18.0,9.0,22.0,19.0,0.0,7.0,16.0,44.0,10.0,8.0,18.0,658.0,10.0,9.0,16.0,14.0,1.0,4.0,23.0,68.0,2021-2022,H,0.8,1.0,2.4,2.6,9.0,10.4,2.4,1.6,1.0,4.4,4.6,10.4,1499.262026014701,1526.811392995372,-27.54936698067104,1.0
15.0,Sat,2021-12-04,15:00,Wolves,0.1,2.7,Liverpool,30729.0,Molineux Stadium,Chris Kavanagh,142,0,1,4.0,2.0,7.0,482.0,21.0,10.0,4.0,29.0,7.0,8.0,23.0,74.0,7.0,8.0,28.0,794.0,15.0,9.0,11.0,7.0,1.0,2.0,23.0,57.0,2021-2022,A,1.6,0.6,0.6,5.0,3.8,8.8,2.0,3.2,1.2,5.8,3.4,10.4,1510.2507767249722,1568.4383764877573,-58.18759976278511,1.0
15.0,Sat,2021-12-04,15:00,Southampton,1.6,1.6,Brighton,28706.0,St. Mary's Stadium,Anthony Taylor,141,1,1,15.0,6.0,18.0,488.0,12.0,7.0,19.0,17.0,0.0,5.0,20.0,58.0,12.0,2.0,12.0,574.0,21.0,6.0,17.0,24.0,0.0,10.0,37.0,97.0,2021-2022,D,1.4,1.0,1.6,6.8,5.4,11.0,0.8,0.8,1.2,4.4,5.0,10.8,1481.8263973778562,1503.4078330688283,-21.581435690972057,1.0
15.0,Sat,2021-12-04,17:30,Watford,0.8,3.1,Manchester City,20673.0,Vicarage Road Stadium,Simon Hooper,143,1,3,11.0,5.0,14.0,372.0,15.0,11.0,11.0,19.0,0.0,10.0,11.0,70.0,7.0,11.0,21.0,978.0,15.0,13.0,12.0,7.0,1.0,6.0,11.0,73.0,2021-2022,A,0.6,1.4,1.8,5.4,4.6,16.0,2.4,1.8,0.8,8.2,2.2,9.4,1456.904742830101,1571.1643346175351,-114.25959178743415,1.0
15.0,Sat,2021-12-04,12:30,West Ham,1.8,1.1,Chelsea,59942.0,London Stadium,Andre Marriner,139,3,2,10.0,1.0,13.0,479.0,13.0,5.0,17.0,31.0,3.0,5.0,20.0,51.0,10.0,9.0,33.0,727.0,6.0,6.0,14.0,11.0,1.0,6.0,16.0,59.0,2021-2022,H,1.4,1.8,1.4,5.0,5.0,9.8,2.2,2.0,0.6,7.2,2.6,11.0,1526.045452597409,1572.2496583643644,-46.20420576695551,1.0
15.0,Sat,2021-12-04,15:00,Newcastle Utd,1.0,0.6,Burnley,51948.0,St. James' Park,Paul Tierney,140,1,0,11.0,10.0,20.0,465.0,13.0,2.0,27.0,24.0,0.0,13.0,19.0,95.0,9.0,3.0,16.0,509.0,15.0,10.0,31.0,21.0,1.0,6.0,22.0,96.0,2021-2022,H,0.6,1.0,2.0,3.8,3.0,11.4,1.4,1.8,1.4,3.2,6.6,9.6,1442.3278789170745,1472.9857048852334,-30.65782596815893,1.0
15.0,Sun,2021-12-05,14:00,Leeds United,1.2,1.0,Brentford,35639.0,Elland Road,David Coote,144,2,2,11.0,5.0,34.0,676.0,18.0,16.0,18.0,19.0,7.0,5.0,21.0,83.0,9.0,1.0,13.0,460.0,18.0,15.0,19.0,27.0,0.0,5.0,18.0,65.0,2021-2022,D,1.6,1.0,0.8,5.2,4.8,15.2,0.8,1.2,2.0,3.6,5.4,10.4,1484.2924700467413,1477.185453394317,7.107016652424363,1.0
15.0,Sun,2021-12-05,14:00,Tottenham,1.6,1.2,Norwich City,57088.0,Tottenham Hotspur Stadium,Jarred Gillett,145,3,0,11.0,6.0,12.0,595.0,10.0,11.0,11.0,27.0,2.0,9.0,16.0,40.0,4.0,4.0,16.0,797.0,18.0,6.0,11.0,6.0,4.0,8.0,20.0,83.0,2021-2022,H,1.4,0.8,1.0,6.0,4.0,11.4,1.6,1.2,1.0,4.2,3.6,11.4,1514.1635330957674,1454.159991581544,60.00354151422334,1.0
15.0,Sun,2021-12-05,14:00,Manchester Utd,0.9,0.5,Crystal Palace,73172.0,Old Trafford,Craig Pawson,146,1,0,16.0,9.0,20.0,703.0,24.0,8.0,17.0,14.0,3.0,4.0,30.0,74.0,9.0,6.0,13.0,488.0,23.0,8.0,21.0,22.0,0.0,9.0,20.0,63.0,2021-2022,H,1.4,1.6,1.8,2.0,10.0,10.2,1.4,1.6,1.2,4.4,5.2,13.4,1508.3307282451822,1491.7912641358002,16.539464109381925,1.0
15.0,Sun,2021-12-05,16:30,Aston Villa,2.1,1.1,Leicester City,41572.0,Villa Park,Michael Oliver,147,2,1,8.0,3.0,16.0,516.0,21.0,10.0,15.0,22.0,1.0,9.0,19.0,65.0,25.0,6.0,18.0,669.0,16.0,12.0,21.0,9.0,0.0,5.0,29.0,69.0,2021-2022,H,1.2,1.2,1.6,4.6,7.8,8.8,1.0,1.4,2.0,5.4,5.8,8.8,1478.59606106318,1500.5143730736377,-21.918312010457612,1.0
15.0,Mon,2021-12-06,20:00,Everton,0.9,1.0,Arsenal,38906.0,Goodison Park,Mike Dean,148,2,1,8.0,3.0,13.0,480.0,13.0,11.0,15.0,13.0,5.0,7.0,28.0,64.0,12.0,3.0,15.0,731.0,19.0,10.0,14.0,14.0,1.0,7.0,20.0,69.0,2021-2022,H,0.2,0.4,2.0,2.8,5.4,9.4,1.8,1.4,1.4,4.6,4.4,9.0,1467.622278727808,1517.7426907648908,-50.120412037082815,1.0
16.0,Fri,2021-12-10,20:00,Brentford,1.6,0.5,Watford,16861.0,Brentford Community Stadium,Michael Oliver,149,2,1,12.0,8.0,28.0,633.0,20.0,11.0,24.0,10.0,1.0,4.0,34.0,97.0,18.0,2.0,11.0,448.0,17.0,8.0,36.0,37.0,0.0,8.0,26.0,70.0,2021-2022,H,1.0,1.4,1.8,3.4,5.6,10.2,0.6,1.6,2.2,5.4,5.2,15.0,1479.0932824355398,1448.4538855337296,30.639396901810187,1.0
16.0,Sat,2021-12-11,17:30,Norwich City,1.2,2.0,Manchester Utd,27606.0,Carrow Road,Darren England,154,0,1,6.0,8.0,22.0,605.0,9.0,13.0,15.0,23.0,0.0,6.0,28.0,72.0,17.0,6.0,14.0,660.0,21.0,8.0,21.0,21.0,1.0,6.0,18.0,50.0,2021-2022,A,1.6,1.0,1.2,4.0,4.8,9.4,1.4,1.2,1.8,3.6,9.2,10.6,1447.4828707515312,1516.1627047872441,-68.67983403571293,1.0
16.0,Sat,2021-12-11,12:30,Manchester City,3.2,0.2,Wolves,52613.0,Etihad Stadium,Jonathan Moss,150,1,0,12.0,14.0,33.0,895.0,11.0,12.0,10.0,1.0,1.0,1.0,19.0,52.0,5.0,1.0,4.0,460.0,14.0,17.0,10.0,32.0,0.0,12.0,14.0,55.0,2021-2022,H,3.0,2.4,0.6,9.0,3.0,8.6,1.0,0.2,0.6,4.6,4.8,7.6,1579.6151919139065,1500.1986121260288,79.41657978787771,1.0
16.0,Sat,2021-12-11,15:00,Liverpool,2.2,0.2,Aston Villa,53093.0,Anfield,Stuart Attwell,151,1,0,13.0,11.0,28.0,729.0,17.0,10.0,21.0,21.0,2.0,3.0,23.0,80.0,6.0,3.0,15.0,502.0,21.0,7.0,7.0,25.0,1.0,10.0,25.0,75.0,2021-2022,H,2.4,3.0,0.8,6.4,3.2,10.2,1.8,1.4,1.0,4.6,7.8,9.0,1578.4905410867007,1487.5043503758136,90.98619071088706,1.0
16.0,Sat,2021-12-11,15:00,Arsenal,1.8,0.6,Southampton,59653.0,Emirates Stadium,Jarred Gillett,152,3,0,5.0,9.0,20.0,646.0,8.0,7.0,21.0,10.0,3.0,3.0,19.0,72.0,9.0,8.0,13.0,470.0,12.0,8.0,22.0,24.0,1.0,8.0,20.0,78.0,2021-2022,H,1.2,1.2,1.8,4.0,3.6,9.2,1.0,1.0,1.8,6.4,4.8,12.8,1508.026971546302,1480.7251071886242,27.301864357677914,1.0
16.0,Sat,2021-12-11,15:00,Chelsea,2.5,1.4,Leeds United,39959.0,Stamford Bridge,Chris Kavanagh,153,3,2,9.0,5.0,16.0,595.0,18.0,12.0,16.0,14.0,1.0,2.0,31.0,50.0,15.0,2.0,10.0,459.0,23.0,9.0,8.0,13.0,4.0,7.0,28.0,57.0,2021-2022,H,1.6,1.8,1.2,8.6,2.8,10.6,1.2,1.0,1.0,6.2,4.0,12.8,1562.6465246854536,1482.3846410055185,80.26188367993518,1.0
16.0,Sun,2021-12-12,16:30,Crystal Palace,1.8,1.0,Everton,24066.0,Selhurst Park,Andy Madley,157,3,1,15.0,8.0,18.0,665.0,15.0,4.0,27.0,21.0,1.0,5.0,31.0,60.0,14.0,2.0,15.0,471.0,25.0,5.0,14.0,26.0,0.0,8.0,26.0,78.0,2021-2022,H,0.8,1.2,1.4,5.4,5.6,13.0,0.8,0.6,1.8,2.8,5.2,9.4,1483.9592875937383,1477.3379979463966,6.621289647341655,1.0
16.0,Sun,2021-12-12,14:00,Burnley,0.8,0.8,West Ham,18065.0,Turf Moor,Graham Scott,155,0,0,13.0,6.0,23.0,460.0,19.0,6.0,24.0,30.0,1.0,12.0,10.0,98.0,11.0,14.0,32.0,621.0,10.0,4.0,29.0,15.0,1.0,10.0,23.0,83.0,2021-2022,D,1.2,1.4,1.2,3.4,7.4,9.2,1.4,1.6,1.6,4.0,6.2,9.2,1463.8282383968947,1535.6485862763197,-71.82034787942507,1.0
16.0,Sun,2021-12-12,14:00,Leicester City,2.6,1.0,Newcastle Utd,31959.0,King Power Stadium,Peter Bankes,156,4,0,9.0,4.0,9.0,544.0,20.0,6.0,14.0,26.0,0.0,8.0,21.0,62.0,16.0,6.0,23.0,587.0,26.0,4.0,16.0,13.0,1.0,9.0,19.0,85.0,2021-2022,H,1.0,1.6,2.0,5.2,5.2,12.2,1.2,1.2,1.4,5.8,3.2,10.8,1491.6060837610041,1451.4853454054132,40.1207383555909,1.0
17.0,Tue,2021-12-14,19:45,Norwich City,0.5,2.0,Aston Villa,26836.0,Carrow Road,David Coote,158,0,2,12.0,7.0,18.0,621.0,23.0,12.0,14.0,28.0,0.0,3.0,24.0,75.0,9.0,10.0,19.0,605.0,17.0,7.0,12.0,18.0,0.0,6.0,19.0,54.0,2021-2022,A,1.0,0.6,1.2,5.2,4.8,8.0,1.8,1.4,1.0,3.6,8.0,7.8,1437.7326444957819,1481.5957113034701,-43.863066807688256,1.0
17.0,Tue,2021-12-14,20:00,Manchester City,3.1,0.3,Leeds United,52401.0,Etihad Stadium,Paul Tierney,159,7,0,5.0,6.0,17.0,755.0,12.0,9.0,8.0,12.0,1.0,4.0,8.0,31.0,9.0,2.0,6.0,455.0,15.0,7.0,3.0,15.0,0.0,12.0,16.0,51.0,2021-2022,H,3.0,2.2,0.6,10.0,3.0,8.6,1.0,1.2,1.4,4.6,4.0,13.4,1585.8048138031277,1476.215797175227,109.58901662790072,1.0
17.0,Wed,2021-12-15,19:30,Brighton,1.2,1.0,Wolves,30362.0,The American Express Community Stadium,Tony Harrington,160,0,1,11.0,7.0,25.0,685.0,16.0,10.0,9.0,10.0,1.0,3.0,23.0,44.0,15.0,4.0,13.0,509.0,17.0,10.0,11.0,26.0,1.0,9.0,15.0,68.0,2021-2022,A,0.8,0.6,1.0,4.2,5.2,12.2,1.0,0.2,0.4,3.6,6.8,6.0,1504.5091232580603,1494.0089902368077,10.500133021252623,1.0
17.0,Wed,2021-12-15,19:30,Crystal Palace,1.2,0.6,Southampton,22861.0,Selhurst Park,Simon Hooper,161,2,2,16.0,4.0,20.0,629.0,20.0,10.0,24.0,32.0,1.0,7.0,32.0,90.0,20.0,6.0,19.0,496.0,24.0,11.0,22.0,27.0,3.0,5.0,23.0,74.0,2021-2022,D,0.8,1.4,1.6,6.2,4.8,13.2,0.4,0.8,2.4,6.0,5.0,12.2,1492.0649336265385,1473.1862749188972,18.878658707641307,1.0
17.0,Wed,2021-12-15,20:00,Arsenal,2.8,0.4,West Ham,59777.0,Emirates Stadium,Anthony Taylor,162,2,0,9.0,5.0,16.0,644.0,22.0,5.0,18.0,21.0,0.0,6.0,17.0,56.0,9.0,2.0,17.0,547.0,18.0,11.0,20.0,22.0,0.0,5.0,28.0,74.0,2021-2022,H,1.2,1.6,1.8,5.0,4.8,9.0,1.0,1.0,1.2,6.2,7.0,9.2,1515.565803816029,1535.308500519609,-19.742696703579895,1.0
17.0,Thu,2021-12-16,19:45,Chelsea,2.9,0.6,Everton,13933.0,Stamford Bridge,Michael Oliver,163,1,1,11.0,7.0,22.0,938.0,11.0,2.0,18.0,6.0,0.0,2.0,31.0,49.0,11.0,1.0,5.0,323.0,19.0,9.0,14.0,23.0,2.0,13.0,11.0,69.0,2021-2022,D,2.0,2.2,1.4,6.8,2.8,11.2,0.6,0.8,2.4,2.4,6.4,9.6,1568.8153685157451,1469.2323519135964,99.58301660214875,1.0
17.0,Thu,2021-12-16,20:00,Liverpool,2.7,0.3,Newcastle Utd,52951.0,Anfield,Mike Dean,164,3,1,9.0,11.0,23.0,869.0,12.0,9.0,16.0,4.0,2.0,4.0,23.0,71.0,4.0,0.0,6.0,398.0,24.0,22.0,9.0,28.0,1.0,14.0,9.0,74.0,2021-2022,H,3.0,2.8,0.2,8.2,3.2,11.6,1.0,1.0,2.0,6.0,3.6,12.0,1584.3991801590441,1444.2898475156635,140.10933264338064,1.0
18.0,Sat,2021-12-18,17:30,Leeds United,1.6,3.5,Arsenal,36166.0,Elland Road,Andre Marriner,165,1,4,11.0,1.0,9.0,557.0,14.0,9.0,6.0,16.0,0.0,5.0,27.0,55.0,7.0,4.0,7.0,522.0,13.0,11.0,11.0,9.0,1.0,8.0,15.0,55.0,2021-2022,A,1.0,1.0,2.4,3.4,4.4,12.8,1.8,2.0,1.0,5.8,4.0,8.4,1470.7429990366588,1524.4122632791286,-53.66926424246981,1.0
18.0,Sun,2021-12-19,14:15,Newcastle Utd,0.3,2.9,Manchester City,52127.0,St. James' Park,Martin Atkinson,167,0,4,9.0,3.0,12.0,390.0,13.0,11.0,12.0,16.0,4.0,8.0,14.0,54.0,6.0,6.0,12.0,831.0,21.0,5.0,8.0,9.0,2.0,7.0,15.0,58.0,2021-2022,A,0.8,0.6,2.0,4.4,5.4,10.2,3.0,3.0,0.6,9.8,3.2,8.6,1439.4870832678346,1591.2776119416958,-151.79052867386122,1.0
18.0,Sun,2021-12-19,16:30,Tottenham,3.0,1.1,Liverpool,45421.0,Tottenham Hotspur Stadium,Paul Tierney,168,2,2,12.0,6.0,13.0,578.0,15.0,8.0,15.0,27.0,3.0,10.0,18.0,67.0,11.0,4.0,27.0,701.0,25.0,11.0,11.0,15.0,1.0,4.0,21.0,77.0,2021-2022,D,2.0,1.4,0.8,6.4,4.4,12.8,3.0,2.6,0.4,9.2,3.0,10.4,1520.8406539257803,1589.201944406873,-68.36129048109274,1.0
18.0,Sun,2021-12-19,14:00,Wolves,0.2,0.9,Chelsea,30631.0,Molineux Stadium,David Coote,166,0,0,9.0,4.0,14.0,586.0,17.0,13.0,11.0,30.0,2.0,7.0,17.0,57.0,7.0,9.0,30.0,898.0,16.0,16.0,13.0,20.0,4.0,1.0,22.0,59.0,2021-2022,D,1.0,0.2,0.4,3.0,7.6,7.8,1.6,1.8,1.6,7.2,2.4,11.8,1506.0107483176598,1564.52009594781,-58.50934763015016,1.0
19.0,Sun,2021-12-26,15:00,West Ham,1.6,1.2,Southampton,41027.0,London Stadium,Kevin Friend,169,2,3,10.0,10.0,36.0,603.0,13.0,9.0,19.0,11.0,2.0,2.0,20.0,79.0,9.0,2.0,8.0,537.0,19.0,13.0,21.0,36.0,1.0,17.0,18.0,65.0,2021-2022,A,1.0,1.0,1.4,6.0,6.6,9.2,0.6,1.0,2.4,5.8,4.8,14.4,1526.4620410565094,1475.4183667138645,51.04367434264486,1.0
19.0,Sun,2021-12-26,15:00,Manchester City,3.6,2.7,Leicester City,53226.0,Etihad Stadium,Chris Kavanagh,170,6,3,11.0,14.0,24.0,854.0,7.0,3.0,2.0,10.0,2.0,3.0,18.0,42.0,9.0,4.0,10.0,410.0,15.0,9.0,3.0,25.0,1.0,5.0,3.0,39.0,2021-2022,H,3.0,3.4,0.4,9.4,3.0,8.4,1.4,2.2,1.8,5.0,4.4,13.0,1598.6954672037107,1498.8015816507539,99.89388555295682,3.0
19.0,Sun,2021-12-26,15:00,Norwich City,0.1,2.5,Arsenal,26940.0,Carrow Road,Graham Scott,171,0,5,13.0,3.0,9.0,445.0,17.0,13.0,10.0,12.0,3.0,7.0,23.0,62.0,7.0,4.0,9.0,712.0,13.0,8.0,22.0,10.0,2.0,3.0,20.0,54.0,2021-2022,A,0.4,0.2,1.4,5.6,5.4,8.8,1.8,2.4,1.2,5.8,3.4,8.6,1427.2685199139212,1534.5944563381565,-107.32593642423535,0.0
19.0,Sun,2021-12-26,15:00,Tottenham,2.3,0.2,Crystal Palace,40539.0,Tottenham Hotspur Stadium,Jonathan Moss,172,3,0,16.0,4.0,22.0,743.0,23.0,12.0,15.0,8.0,1.0,5.0,14.0,52.0,9.0,2.0,12.0,528.0,18.0,12.0,9.0,6.0,0.0,14.0,13.0,67.0,2021-2022,H,2.2,1.8,0.6,5.6,5.0,12.8,0.8,1.2,1.4,5.8,5.4,13.4,1521.0812647621563,1489.8328418315712,31.248422930585093,0.0
19.0,Sun,2021-12-26,17:30,Aston Villa,0.4,2.6,Chelsea,41907.0,Villa Park,Martin Atkinson,173,1,3,8.0,2.0,12.0,592.0,17.0,12.0,7.0,23.0,2.0,6.0,18.0,36.0,11.0,5.0,21.0,766.0,17.0,16.0,8.0,19.0,2.0,2.0,23.0,76.0,2021-2022,A,1.8,1.4,1.0,4.6,8.2,8.2,1.6,1.6,1.4,6.0,2.8,10.6,1492.0598358853308,1564.5630001086224,-72.5031642232916,0.0
19.0,Sun,2021-12-26,20:00,Brighton,0.8,0.7,Brentford,30141.0,The American Express Community Stadium,Darren England,174,2,0,8.0,6.0,16.0,647.0,13.0,11.0,20.0,25.0,2.0,4.0,15.0,65.0,10.0,9.0,24.0,617.0,16.0,12.0,14.0,21.0,3.0,10.0,19.0,69.0,2021-2022,H,0.6,0.4,1.0,5.2,5.0,11.2,1.6,1.6,1.6,3.8,5.6,10.2,1492.5073651772082,1486.5420872156808,5.965277961527363,3.0
19.0,Mon,2021-12-27,20:00,Newcastle Utd,1.3,1.6,Manchester Utd,52178.0,St. James' Park,Craig Pawson,175,1,1,11.0,2.0,9.0,440.0,18.0,17.0,9.0,22.0,2.0,12.0,28.0,70.0,8.0,3.0,23.0,731.0,17.0,10.0,16.0,19.0,3.0,7.0,32.0,82.0,2021-2022,D,0.8,0.6,2.4,4.2,5.8,9.6,2.0,1.4,1.4,4.6,9.0,12.2,1432.0692280058197,1525.9129310429935,-93.84370303717378,0.0
20.0,Tue,2021-12-28,20:00,Leicester City,0.4,2.3,Liverpool,32230.0,King Power Stadium,Michael Oliver,179,1,0,8.0,1.0,4.0,537.0,17.0,31.0,20.0,39.0,3.0,14.0,15.0,69.0,11.0,12.0,42.0,757.0,15.0,15.0,17.0,6.0,1.0,2.0,26.0,78.0,2021-2022,H,1.4,2.8,2.4,5.2,6.2,11.8,2.6,2.2,0.8,9.0,2.8,11.2,1493.1041481790098,1588.9613335704971,-95.85718539148729,1.0
20.0,Tue,2021-12-28,15:00,Southampton,0.4,2.3,Tottenham,31304.0,St. Mary's Stadium,Anthony Taylor,176,1,1,15.0,3.0,11.0,433.0,15.0,10.0,21.0,28.0,3.0,6.0,17.0,74.0,5.0,7.0,31.0,702.0,9.0,5.0,20.0,15.0,3.0,1.0,23.0,56.0,2021-2022,D,1.2,1.6,2.0,4.8,5.8,13.4,2.6,2.4,0.6,6.0,4.6,12.6,1488.5099035506412,1528.5136886100722,-40.00378505943104,1.0
20.0,Tue,2021-12-28,15:00,Crystal Palace,1.9,0.9,Norwich City,24433.0,Selhurst Park,Paul Tierney,177,3,0,9.0,8.0,21.0,560.0,26.0,6.0,20.0,17.0,1.0,3.0,30.0,81.0,13.0,8.0,19.0,548.0,16.0,5.0,14.0,24.0,3.0,5.0,21.0,72.0,2021-2022,H,0.8,1.0,1.6,4.8,5.6,12.8,0.2,0.2,2.4,5.4,5.6,9.2,1482.4004179836552,1418.6223072391178,63.778110744537344,1.0
20.0,Tue,2021-12-28,15:00,Watford,1.6,3.6,West Ham,20073.0,Vicarage Road Stadium,Darren England,178,1,4,12.0,4.0,19.0,501.0,16.0,13.0,25.0,20.0,0.0,5.0,25.0,75.0,12.0,5.0,21.0,578.0,15.0,16.0,19.0,17.0,1.0,12.0,26.0,87.0,2021-2022,A,0.6,1.8,2.4,5.4,6.0,14.8,1.0,1.2,1.6,7.2,5.4,10.0,1441.0050807535886,1513.3705042197328,-72.3654234661442,1.0
20.0,Wed,2021-12-29,20:15,Brentford,0.4,1.1,Manchester City,17009.0,Brentford Community Stadium,David Coote,181,0,1,12.0,3.0,10.0,336.0,17.0,16.0,15.0,19.0,0.0,11.0,10.0,69.0,10.0,5.0,21.0,843.0,11.0,8.0,18.0,11.0,3.0,5.0,26.0,57.0,2021-2022,A,1.4,1.0,1.4,5.2,5.2,10.0,3.0,4.2,0.8,10.2,3.0,8.2,1478.4182307352264,1604.3929006754547,-125.9746699402283,1.0
20.0,Wed,2021-12-29,19:30,Chelsea,0.7,0.9,Brighton,40080.0,Stamford Bridge,Mike Dean,180,1,1,14.0,10.0,20.0,602.0,23.0,10.0,20.0,25.0,1.0,10.0,17.0,66.0,7.0,8.0,23.0,662.0,23.0,9.0,14.0,19.0,0.0,4.0,25.0,62.0,2021-2022,D,1.6,1.8,1.4,7.0,2.0,9.6,1.2,0.8,0.6,5.2,5.8,10.2,1574.2032853853145,1500.6312216576625,73.572063727652,1.0
20.0,Thu,2021-12-30,20:15,Manchester Utd,2.4,1.1,Burnley,73121.0,Old Trafford,Jonathan Moss,182,3,1,5.0,7.0,26.0,623.0,8.0,5.0,21.0,18.0,2.0,8.0,20.0,78.0,10.0,5.0,23.0,518.0,14.0,8.0,25.0,24.0,4.0,8.0,12.0,82.0,2021-2022,H,2.2,1.4,0.8,4.6,7.8,12.8,0.8,0.8,1.0,3.8,9.8,10.4,1524.941900301838,1464.1683241536055,60.77357614823245,1.0
21.0,Sat,2022-01-01,12:30,Arsenal,0.8,2.0,Manchester City,59757.0,Emirates Stadium,Stuart Attwell,183,1,2,13.0,5.0,15.0,370.0,16.0,10.0,5.0,15.0,1.0,9.0,10.0,70.0,5.0,5.0,9.0,779.0,14.0,2.0,16.0,23.0,2.0,6.0,12.0,55.0,2021-2022,A,2.4,3.0,0.6,5.0,3.4,8.0,3.0,3.8,0.6,9.0,2.6,8.8,1543.2406690129599,1612.5164963494892,-69.27582733652935,0.0
21.0,Sat,2022-01-01,15:00,Watford,0.3,2.2,Tottenham,20391.0,Vicarage Road Stadium,Robert Jones,184,0,1,6.0,3.0,9.0,407.0,16.0,8.0,24.0,44.0,1.0,9.0,10.0,77.0,9.0,7.0,43.0,883.0,16.0,3.0,22.0,10.0,3.0,5.0,20.0,70.0,2021-2022,A,0.0,1.2,3.0,4.6,6.4,15.8,2.2,2.2,0.6,6.6,3.6,11.4,1431.360836052812,1529.088591305288,-97.72775525247607,0.0
21.0,Sat,2022-01-01,17:30,Crystal Palace,2.4,2.2,West Ham,24351.0,Selhurst Park,Darren England,185,2,3,6.0,9.0,38.0,757.0,15.0,6.0,19.0,16.0,0.0,8.0,31.0,73.0,16.0,1.0,15.0,515.0,31.0,11.0,13.0,39.0,2.0,10.0,23.0,72.0,2021-2022,A,1.4,1.6,1.4,5.6,5.8,11.6,1.4,1.8,1.6,6.4,5.2,10.4,1488.9812449937,1523.0147489205094,-34.03350392680932,1.0
21.0,Sun,2022-01-02,14:00,Leeds United,1.9,1.0,Burnley,36083.0,Elland Road,Paul Tierney,186,3,1,11.0,9.0,23.0,543.0,18.0,10.0,23.0,21.0,5.0,9.0,21.0,84.0,7.0,3.0,15.0,453.0,14.0,8.0,33.0,18.0,1.0,13.0,29.0,86.0,2021-2022,H,0.8,1.2,3.2,3.4,4.0,12.2,0.6,0.8,1.4,4.4,8.4,10.6,1460.560805977631,1457.5109049849898,3.049900992641142,1.0
21.0,Sun,2022-01-02,14:00,Brentford,0.6,0.8,Aston Villa,16876.0,Brentford Community Stadium,Craig Pawson,187,2,1,17.0,3.0,13.0,546.0,20.0,8.0,10.0,19.0,0.0,8.0,19.0,61.0,11.0,7.0,10.0,636.0,11.0,6.0,15.0,12.0,4.0,9.0,23.0,55.0,2021-2022,H,0.8,0.8,1.6,5.2,5.6,10.8,1.2,1.2,1.4,4.4,7.8,7.8,1470.294635061192,1482.4195506086387,-12.12491554744679,1.0
21.0,Sun,2022-01-02,14:00,Everton,1.6,1.7,Brighton,38203.0,Goodison Park,John Brooks,188,2,3,5.0,8.0,29.0,575.0,17.0,9.0,24.0,11.0,1.0,5.0,29.0,84.0,12.0,5.0,10.0,594.0,25.0,6.0,19.0,33.0,1.0,13.0,20.0,78.0,2021-2022,A,0.8,1.0,2.0,2.4,6.4,10.4,1.2,1.0,0.8,5.6,7.6,9.2,1473.5276244815316,1504.2968908134148,-30.769266331883273,3.0
21.0,Sun,2022-01-02,16:30,Chelsea,1.2,1.3,Liverpool,40072.0,Stamford Bridge,Anthony Taylor,189,2,2,5.0,6.0,24.0,739.0,19.0,17.0,10.0,16.0,3.0,3.0,14.0,89.0,13.0,7.0,14.0,624.0,12.0,10.0,17.0,24.0,3.0,8.0,28.0,78.0,2021-2022,D,1.8,1.6,1.0,7.2,3.4,10.4,2.0,1.4,0.8,9.2,2.4,10.2,1570.5376162295622,1577.9329295133582,-7.395313283795986,1.0
21.0,Mon,2022-01-03,17:30,Manchester Utd,0.8,0.7,Wolves,73045.0,Old Trafford,Mike Dean,190,0,1,9.0,3.0,21.0,646.0,17.0,12.0,13.0,15.0,2.0,13.0,23.0,62.0,8.0,8.0,21.0,624.0,13.0,9.0,12.0,18.0,3.0,4.0,19.0,69.0,2021-2022,A,2.6,1.8,0.8,5.6,5.8,11.0,1.0,0.2,0.4,3.2,8.6,7.6,1531.5993194704536,1505.9678441568474,25.631475313606188,3.0
18.0,Tue,2022-01-11,19:45,Southampton,1.4,0.5,Brentford,27383.0,St. Mary's Stadium,Stuart Attwell,191,4,1,9.0,5.0,19.0,559.0,16.0,16.0,17.0,20.0,0.0,8.0,16.0,71.0,8.0,2.0,13.0,586.0,15.0,7.0,20.0,16.0,1.0,6.0,27.0,68.0,2021-2022,H,1.2,1.4,1.8,5.0,6.4,13.6,1.4,1.2,1.4,4.8,5.0,12.0,1487.9350008554254,1478.9253349958096,9.00966585961578,1.0
18.0,Wed,2022-01-12,19:45,West Ham,2.5,0.3,Norwich City,59775.0,London Stadium,Simon Hooper,192,2,0,9.0,11.0,22.0,693.0,8.0,7.0,16.0,14.0,4.0,5.0,26.0,70.0,8.0,2.0,16.0,467.0,15.0,12.0,12.0,16.0,3.0,8.0,12.0,63.0,2021-2022,H,1.4,1.8,1.6,6.4,5.2,11.6,0.0,0.0,2.8,6.0,6.8,9.6,1533.760736316627,1412.041480229073,121.71925608755396,1.0
22.0,Fri,2022-01-14,20:00,Brighton,2.0,0.2,Crystal Palace,30675.0,The American Express Community Stadium,Robert Jones,193,1,1,11.0,9.0,33.0,735.0,21.0,9.0,19.0,10.0,1.0,5.0,24.0,77.0,7.0,0.0,7.0,502.0,17.0,6.0,10.0,25.0,2.0,11.0,23.0,56.0,2021-2022,D,1.6,1.4,1.0,5.6,7.4,10.0,1.4,2.0,1.8,6.2,4.2,11.0,1515.1362394965424,1478.2352575975826,36.9009818989598,1.0
22.0,Sat,2022-01-15,12:30,Manchester City,1.0,0.3,Chelsea,53319.0,Etihad Stadium,Craig Pawson,194,1,0,11.0,9.0,17.0,705.0,8.0,3.0,16.0,10.0,3.0,2.0,20.0,66.0,6.0,1.0,11.0,604.0,22.0,11.0,6.0,23.0,4.0,8.0,12.0,53.0,2021-2022,H,3.0,4.0,0.8,7.2,3.4,7.4,1.4,1.4,1.0,7.4,4.4,9.6,1622.249579992321,1569.034996406397,53.21458358592395,3.0
22.0,Sat,2022-01-15,15:00,Norwich City,1.0,0.6,Everton,26629.0,Carrow Road,Andy Madley,195,2,1,12.0,8.0,25.0,463.0,18.0,9.0,21.0,29.0,3.0,5.0,25.0,71.0,14.0,8.0,29.0,604.0,18.0,8.0,10.0,26.0,1.0,2.0,20.0,67.0,2021-2022,H,0.0,0.0,2.6,5.6,7.8,10.4,0.8,1.4,2.4,3.4,6.8,9.2,1406.8418325836903,1462.688275798404,-55.846443214713645,0.0
22.0,Sat,2022-01-15,15:00,Newcastle Utd,1.2,1.4,Watford,52223.0,St. James' Park,Paul Tierney,196,1,1,13.0,4.0,21.0,570.0,27.0,10.0,31.0,10.0,1.0,6.0,29.0,79.0,13.0,6.0,15.0,555.0,19.0,17.0,26.0,27.0,1.0,9.0,20.0,75.0,2021-2022,D,0.8,0.6,2.4,4.2,5.4,10.2,0.0,0.8,2.4,4.0,6.2,13.0,1433.0402587469753,1422.4424800330473,10.597778713927937,1.0
22.0,Sat,2022-01-15,15:00,Wolves,2.5,0.8,Southampton,30057.0,Molineux Stadium,Michael Salisbury,197,3,1,13.0,2.0,11.0,495.0,23.0,15.0,13.0,30.0,2.0,5.0,20.0,68.0,14.0,10.0,28.0,587.0,10.0,9.0,19.0,8.0,1.0,3.0,29.0,51.0,2021-2022,H,1.4,0.4,0.4,3.8,8.2,8.2,1.6,2.0,1.8,4.8,6.4,12.4,1518.383793298821,1495.974458026251,22.409335272569933,3.0
22.0,Sat,2022-01-15,17:30,Aston Villa,1.9,1.0,Manchester Utd,41968.0,Villa Park,David Coote,198,2,2,8.0,3.0,18.0,676.0,17.0,12.0,14.0,16.0,1.0,5.0,14.0,45.0,13.0,6.0,13.0,611.0,23.0,15.0,12.0,19.0,1.0,7.0,23.0,59.0,2021-2022,D,1.2,1.2,1.4,5.0,6.4,8.4,2.0,1.2,0.6,5.6,5.8,11.0,1473.788850674021,1519.18337032848,-45.39451965445892,3.0
22.0,Sun,2022-01-16,14:00,West Ham,2.4,2.2,Leeds United,59951.0,London Stadium,Mike Dean,199,2,3,6.0,4.0,26.0,558.0,22.0,11.0,23.0,12.0,1.0,9.0,31.0,68.0,9.0,3.0,16.0,625.0,24.0,10.0,17.0,24.0,1.0,11.0,24.0,78.0,2021-2022,A,1.8,2.2,1.6,5.8,4.4,11.2,0.8,1.6,3.4,3.8,3.8,11.4,1538.9603839620095,1468.7657458929305,70.19463806907902,3.0
22.0,Sun,2022-01-16,14:00,Liverpool,2.7,0.7,Brentford,52824.0,Anfield,Jonathan Moss,200,3,0,6.0,9.0,32.0,875.0,9.0,9.0,24.0,5.0,2.0,4.0,26.0,90.0,6.0,0.0,4.0,497.0,21.0,15.0,19.0,36.0,7.0,9.0,12.0,79.0,2021-2022,H,1.6,1.6,1.2,9.0,3.2,11.4,1.2,1.0,1.8,5.0,5.0,11.8,1579.4355493365233,1470.885877824984,108.54967151153937,1.0
24.0,Tue,2022-01-18,20:00,Brighton,0.7,0.7,Chelsea,30880.0,The American Express Community Stadium,Kevin Friend,201,1,1,8.0,5.0,21.0,602.0,16.0,17.0,8.0,20.0,1.0,7.0,25.0,62.0,5.0,7.0,24.0,741.0,14.0,10.0,15.0,25.0,0.0,5.0,19.0,50.0,2021-2022,D,1.6,1.4,1.0,7.0,6.2,9.8,1.2,1.2,1.0,6.2,6.0,8.6,1512.417340586752,1562.1829353965607,-49.76559480980859,1.0
17.0,Wed,2022-01-19,19:30,Leicester City,1.2,3.1,Tottenham,31986.0,King Power Stadium,Jonathan Moss,202,2,3,6.0,3.0,10.0,703.0,17.0,11.0,9.0,18.0,1.0,10.0,9.0,51.0,12.0,8.0,18.0,745.0,20.0,14.0,14.0,14.0,0.0,5.0,14.0,43.0,2021-2022,A,1.4,2.2,2.0,3.8,7.4,12.4,2.2,2.0,0.6,6.0,3.2,10.6,1504.1325522361487,1538.0069473250526,-33.87439508890384,1.0
17.0,Wed,2022-01-19,20:00,Brentford,2.3,2.3,Manchester Utd,17094.0,Brentford Community Stadium,Andre Marriner,203,1,3,7.0,6.0,19.0,573.0,17.0,7.0,17.0,30.0,3.0,8.0,16.0,79.0,9.0,9.0,27.0,684.0,19.0,12.0,31.0,34.0,0.0,4.0,8.0,66.0,2021-2022,A,0.6,0.6,2.2,3.4,6.4,10.6,1.6,1.4,1.0,5.0,5.2,10.4,1465.3892639426288,1519.603502389822,-54.21423844719334,1.0
23.0,Fri,2022-01-21,20:00,Watford,1.2,1.1,Norwich City,20782.0,Vicarage Road Stadium,Mike Dean,204,0,3,16.0,5.0,22.0,691.0,14.0,9.0,20.0,5.0,1.0,5.0,17.0,81.0,11.0,1.0,5.0,400.0,16.0,9.0,16.0,17.0,1.0,8.0,28.0,68.0,2021-2022,A,0.2,0.8,2.2,4.0,7.0,12.0,0.6,0.4,2.6,5.6,8.2,11.6,1424.446935814527,1416.722289304452,7.72464651007499,3.0
23.0,Sat,2022-01-22,17:30,Southampton,0.8,1.8,Manchester City,31178.0,St. Mary's Stadium,Simon Hooper,209,1,1,13.0,2.0,5.0,442.0,20.0,12.0,11.0,42.0,2.0,12.0,12.0,51.0,5.0,11.0,45.0,937.0,21.0,8.0,13.0,5.0,0.0,2.0,15.0,57.0,2021-2022,D,1.6,2.2,1.8,5.2,5.0,13.4,3.0,2.8,0.8,7.8,3.2,8.6,1488.3028860306067,1629.1016410021575,-140.7987549715508,1.0
23.0,Sat,2022-01-22,15:00,Manchester Utd,1.9,0.3,West Ham,73130.0,Old Trafford,Jonathan Moss,207,1,0,9.0,3.0,17.0,699.0,17.0,4.0,20.0,17.0,4.0,7.0,25.0,67.0,8.0,3.0,15.0,550.0,9.0,16.0,15.0,13.0,1.0,14.0,20.0,67.0,2021-2022,H,1.6,1.8,1.2,5.6,4.8,8.8,1.8,2.6,1.8,6.2,4.0,10.6,1529.770014601816,1525.3791609352436,4.390853666572411,3.0
23.0,Sat,2022-01-22,15:00,Brentford,1.1,0.2,Wolves,16982.0,Brentford Community Stadium,Peter Bankes,208,1,2,6.0,6.0,22.0,600.0,16.0,10.0,25.0,14.0,0.0,5.0,29.0,75.0,7.0,3.0,7.0,640.0,22.0,9.0,14.0,36.0,4.0,6.0,20.0,73.0,2021-2022,A,0.6,0.8,2.4,2.8,7.0,10.0,2.0,1.0,0.4,3.8,8.6,10.0,1455.2227517306349,1526.0553652944654,-70.83261356383059,3.0
23.0,Sat,2022-01-22,12:30,Everton,1.6,0.8,Aston Villa,38203.0,Goodison Park,Craig Pawson,205,0,1,14.0,9.0,25.0,518.0,24.0,7.0,29.0,7.0,3.0,7.0,35.0,89.0,16.0,2.0,7.0,531.0,26.0,10.0,30.0,20.0,1.0,11.0,27.0,69.0,2021-2022,A,0.8,1.4,2.0,4.4,6.2,10.4,0.8,1.2,1.6,5.0,6.4,8.4,1452.8078190776423,1473.3687186126788,-20.56089953503647,0.0
23.0,Sat,2022-01-22,15:00,Leeds United,0.7,0.9,Newcastle Utd,36405.0,Elland Road,Chris Kavanagh,206,0,1,9.0,6.0,22.0,641.0,21.0,7.0,14.0,20.0,0.0,5.0,24.0,67.0,9.0,7.0,14.0,459.0,18.0,16.0,30.0,28.0,0.0,9.0,22.0,80.0,2021-2022,A,1.2,1.8,3.4,3.4,4.4,11.0,0.4,0.6,2.6,3.0,6.0,10.6,1482.3469689196963,1431.0358029654956,51.31116595420076,1.0
23.0,Sun,2022-01-23,14:00,Crystal Palace,2.2,1.9,Liverpool,25002.0,Selhurst Park,Kevin Friend,210,1,3,12.0,2.0,12.0,580.0,13.0,10.0,20.0,25.0,5.0,7.0,14.0,66.0,10.0,5.0,19.0,718.0,7.0,9.0,16.0,11.0,2.0,5.0,27.0,90.0,2021-2022,A,1.0,1.6,1.8,4.6,5.6,9.4,1.6,2.0,1.2,8.6,2.6,10.0,1480.954156507373,1584.9321632188785,-103.97800671150549,0.0
23.0,Sun,2022-01-23,14:00,Arsenal,1.2,0.4,Burnley,59255.0,Emirates Stadium,David Coote,211,0,0,9.0,12.0,34.0,785.0,7.0,4.0,17.0,17.0,0.0,5.0,20.0,87.0,13.0,4.0,6.0,353.0,18.0,7.0,25.0,41.0,2.0,10.0,11.0,65.0,2021-2022,D,2.4,3.0,0.6,5.4,3.8,8.2,0.4,0.4,1.4,4.4,9.0,9.2,1533.507585370128,1449.3059650696903,84.20162030043775,3.0
23.0,Sun,2022-01-23,14:00,Leicester City,1.4,1.1,Brighton,31231.0,King Power Stadium,Martin Atkinson,212,1,1,6.0,4.0,10.0,645.0,18.0,9.0,9.0,34.0,3.0,5.0,14.0,63.0,8.0,5.0,26.0,754.0,22.0,7.0,9.0,13.0,3.0,2.0,21.0,70.0,2021-2022,D,1.2,2.2,2.2,3.6,8.6,11.4,1.8,1.6,1.0,6.6,6.8,9.2,1493.382010960346,1512.122855897658,-18.740844937311977,0.0
23.0,Sun,2022-01-23,16:30,Chelsea,1.2,0.5,Tottenham,40020.0,Stamford Bridge,Paul Tierney,213,2,0,17.0,10.0,26.0,737.0,15.0,10.0,13.0,12.0,0.0,4.0,18.0,54.0,14.0,3.0,5.0,481.0,14.0,12.0,8.0,26.0,1.0,9.0,21.0,45.0,2021-2022,H,1.2,1.4,1.2,5.8,6.2,8.2,2.2,2.0,1.0,6.4,3.0,10.8,1562.4774200856548,1548.7574886008554,13.719931484799417,3.0
17.0,Sat,2022-02-05,18:00,Burnley,0.6,0.8,Watford,19527.0,Turf Moor,Craig Pawson,214,0,0,16.0,4.0,14.0,559.0,14.0,6.0,24.0,23.0,3.0,6.0,43.0,107.0,9.0,7.0,22.0,547.0,16.0,19.0,22.0,28.0,0.0,7.0,20.0,92.0,2021-2022,D,0.4,0.4,1.4,4.2,10.4,10.4,0.2,0.6,2.2,4.0,5.0,13.0,1453.2334495595371,1412.5219828252912,40.71146673424596,1.0
24.0,Tue,2022-02-08,19:45,West Ham,0.8,0.3,Watford,59581.0,London Stadium,Martin Atkinson,215,1,0,1.0,5.0,20.0,768.0,16.0,13.0,42.0,15.0,3.0,8.0,39.0,109.0,6.0,6.0,16.0,502.0,17.0,12.0,25.0,30.0,1.0,10.0,21.0,63.0,2021-2022,H,1.8,2.2,1.4,4.8,4.2,10.2,0.4,0.4,1.8,5.0,4.2,11.2,1517.2115470479723,1415.3421426953444,101.86940435262795,3.0
24.0,Tue,2022-02-08,19:45,Newcastle Utd,1.9,0.7,Everton,52186.0,St. James' Park,Anthony Taylor,216,3,1,13.0,6.0,14.0,460.0,21.0,17.0,30.0,12.0,1.0,11.0,26.0,75.0,13.0,2.0,13.0,615.0,19.0,4.0,23.0,14.0,1.0,4.0,19.0,57.0,2021-2022,H,1.0,0.8,1.8,3.2,6.4,9.2,0.2,1.0,2.0,5.6,6.0,11.6,1444.1343013291419,1441.6775212159441,2.4567801131977376,1.0
24.0,Tue,2022-02-08,20:00,Burnley,0.4,1.8,Manchester Utd,21233.0,Turf Moor,Mike Dean,217,1,1,11.0,2.0,14.0,468.0,25.0,7.0,11.0,28.0,2.0,9.0,23.0,68.0,10.0,10.0,23.0,690.0,15.0,1.0,22.0,16.0,1.0,6.0,28.0,71.0,2021-2022,D,0.6,0.4,1.2,4.4,9.8,11.8,2.0,1.8,1.0,5.6,5.0,9.0,1450.413289689484,1537.9376284890873,-87.52433879960336,0.0
24.0,Wed,2022-02-09,19:45,Tottenham,1.4,2.2,Southampton,54012.0,Tottenham Hotspur Stadium,David Coote,218,2,3,7.0,2.0,19.0,598.0,18.0,13.0,30.0,27.0,3.0,7.0,24.0,64.0,13.0,8.0,20.0,627.0,14.0,10.0,17.0,20.0,1.0,4.0,19.0,65.0,2021-2022,A,2.0,1.6,1.0,5.8,4.2,11.2,1.6,2.0,1.6,4.4,6.4,12.0,1540.8480392206488,1490.5874239868315,50.26061523381736,1.0
24.0,Wed,2022-02-09,19:45,Norwich City,0.4,1.3,Crystal Palace,26652.0,Carrow Road,Paul Tierney,219,1,1,11.0,4.0,11.0,413.0,15.0,11.0,11.0,28.0,1.0,8.0,25.0,73.0,16.0,6.0,25.0,817.0,15.0,10.0,21.0,9.0,2.0,5.0,15.0,63.0,2021-2022,D,1.2,1.0,2.2,4.4,7.2,11.4,0.8,1.4,2.0,4.2,5.4,8.6,1428.647242293688,1472.2132280916678,-43.56598579797992,0.0
24.0,Wed,2022-02-09,19:45,Manchester City,1.9,0.4,Brentford,51658.0,Etihad Stadium,Darren England,220,2,0,7.0,9.0,24.0,848.0,7.0,8.0,19.0,7.0,2.0,2.0,23.0,75.0,13.0,3.0,8.0,367.0,13.0,11.0,8.0,31.0,10.0,8.0,14.0,67.0,2021-2022,H,2.6,2.2,1.0,8.8,3.0,8.4,0.6,1.0,2.6,3.4,6.6,8.8,1626.8171030459328,1445.5344384200619,181.2826646258709,3.0
24.0,Wed,2022-02-09,20:00,Aston Villa,1.6,1.8,Leeds United,41927.0,Villa Park,Jarred Gillett,221,3,3,11.0,6.0,15.0,452.0,22.0,9.0,15.0,26.0,1.0,8.0,20.0,46.0,9.0,11.0,26.0,613.0,3.0,10.0,6.0,13.0,2.0,7.0,21.0,54.0,2021-2022,D,1.4,1.4,1.4,4.8,6.0,10.4,1.2,1.4,3.0,4.2,4.8,9.8,1484.499016474377,1469.24847055605,15.250545918326907,1.0
24.0,Thu,2022-02-10,19:45,Wolves,0.8,1.8,Arsenal,31523.0,Molineux Stadium,Michael Oliver,223,0,1,12.0,7.0,42.0,664.0,12.0,17.0,17.0,17.0,1.0,3.0,29.0,72.0,13.0,4.0,13.0,519.0,17.0,7.0,14.0,35.0,2.0,9.0,17.0,64.0,2021-2022,A,2.6,1.4,0.4,4.2,7.0,10.4,2.0,2.4,0.6,6.0,3.0,9.0,1535.7436786050384,1529.5801008802812,6.1635777247572605,1.0
24.0,Thu,2022-02-10,19:45,Liverpool,1.8,0.5,Leicester City,53050.0,Anfield,Chris Kavanagh,222,2,0,11.0,7.0,28.0,856.0,18.0,19.0,24.0,15.0,3.0,3.0,19.0,67.0,7.0,6.0,9.0,556.0,23.0,12.0,10.0,36.0,4.0,9.0,27.0,65.0,2021-2022,H,1.6,2.0,1.2,7.4,3.0,10.2,1.4,2.2,2.0,3.2,9.0,7.6,1593.6730916345837,1492.2000280540283,101.47306358055539,0.0
25.0,Sat,2022-02-12,12:30,Manchester Utd,2.1,0.8,Southampton,73084.0,Old Trafford,Stuart Attwell,224,1,1,12.0,1.0,13.0,612.0,14.0,6.0,18.0,13.0,7.0,9.0,21.0,73.0,13.0,4.0,7.0,572.0,17.0,19.0,12.0,15.0,1.0,7.0,18.0,58.0,2021-2022,D,1.6,1.4,1.0,6.2,4.4,10.0,1.6,2.0,1.6,5.6,4.8,12.8,1537.147067507015,1503.6585625082164,33.48850499879859,1.0
25.0,Sat,2022-02-12,15:00,Everton,2.7,0.3,Leeds United,39150.0,Goodison Park,Graham Scott,225,3,0,8.0,5.0,7.0,534.0,22.0,13.0,17.0,15.0,1.0,13.0,30.0,65.0,9.0,3.0,12.0,678.0,29.0,13.0,14.0,19.0,0.0,7.0,34.0,51.0,2021-2022,H,0.2,1.0,2.0,5.6,5.6,11.4,1.4,2.0,2.2,6.0,4.8,9.8,1433.4560549424577,1471.3811113996833,-37.92505645722554,1.0
25.0,Sat,2022-02-12,15:00,Brentford,1.6,0.3,Crystal Palace,16958.0,Brentford Community Stadium,Simon Hooper,226,0,0,10.0,3.0,13.0,550.0,31.0,11.0,24.0,29.0,0.0,4.0,19.0,79.0,10.0,9.0,26.0,677.0,17.0,6.0,16.0,19.0,0.0,1.0,29.0,84.0,2021-2022,D,0.0,0.6,2.8,3.4,7.0,8.0,1.0,1.6,1.6,5.0,5.4,10.0,1441.5428807066316,1472.6858845925012,-31.143003885869575,1.0
25.0,Sat,2022-02-12,15:00,Watford,0.5,1.6,Brighton,20795.0,Vicarage Road Stadium,Jonathan Moss,227,0,2,16.0,4.0,18.0,489.0,18.0,11.0,8.0,22.0,1.0,5.0,20.0,66.0,9.0,5.0,20.0,750.0,21.0,10.0,28.0,17.0,1.0,6.0,22.0,76.0,2021-2022,A,0.4,0.2,1.2,5.4,4.2,10.0,1.4,1.4,1.2,6.4,5.8,9.2,1409.6909296833862,1513.3048388039756,-103.61390912058937,0.0
25.0,Sat,2022-02-12,17:30,Norwich City,0.4,4.6,Manchester City,27010.0,Carrow Road,Andre Marriner,228,0,4,7.0,4.0,8.0,417.0,11.0,6.0,13.0,30.0,2.0,9.0,13.0,46.0,8.0,12.0,26.0,830.0,5.0,11.0,12.0,9.0,2.0,4.0,11.0,72.0,2021-2022,A,1.4,1.2,1.4,4.6,7.6,11.0,2.6,1.4,0.4,7.8,2.8,7.6,1428.1745857928545,1630.808660759363,-202.63407496650848,0.0
25.0,Sun,2022-02-13,14:00,Tottenham,1.2,1.3,Wolves,56452.0,Tottenham Hotspur Stadium,Kevin Friend,231,0,2,13.0,7.0,23.0,743.0,15.0,14.0,21.0,9.0,3.0,1.0,21.0,42.0,13.0,3.0,6.0,571.0,15.0,12.0,11.0,34.0,1.0,7.0,25.0,80.0,2021-2022,A,1.4,1.4,1.6,5.4,5.4,9.4,2.0,1.2,0.6,4.8,6.4,9.8,1527.776900699264,1523.8620290497354,3.91487164952855,3.0
25.0,Sun,2022-02-13,16:30,Leicester City,1.4,1.1,West Ham,32061.0,King Power Stadium,Michael Oliver,232,2,2,10.0,5.0,15.0,695.0,21.0,14.0,10.0,21.0,0.0,4.0,19.0,65.0,9.0,4.0,17.0,572.0,14.0,5.0,23.0,14.0,0.0,10.0,17.0,56.0,2021-2022,D,0.8,1.4,2.4,3.6,9.2,7.2,1.8,1.6,1.2,4.8,4.6,8.0,1486.53956025068,1522.8627600599305,-36.323199809250355,0.0
25.0,Sun,2022-02-13,14:00,Newcastle Utd,0.5,0.6,Aston Villa,52207.0,St. James' Park,Craig Pawson,229,1,0,22.0,3.0,11.0,393.0,15.0,12.0,22.0,14.0,3.0,10.0,17.0,64.0,15.0,6.0,17.0,551.0,14.0,10.0,12.0,9.0,2.0,5.0,20.0,74.0,2021-2022,H,1.6,1.2,1.4,4.4,4.6,11.0,1.0,1.6,2.0,4.0,6.8,10.8,1452.3557676026282,1482.3663756307437,-30.010608028115485,0.0
25.0,Sun,2022-02-13,14:00,Burnley,1.5,1.7,Liverpool,19563.0,Turf Moor,Martin Atkinson,230,0,1,7.0,5.0,13.0,461.0,14.0,19.0,12.0,22.0,7.0,8.0,24.0,83.0,6.0,8.0,16.0,791.0,11.0,6.0,16.0,22.0,3.0,4.0,21.0,78.0,2021-2022,A,0.6,0.6,1.4,3.6,9.0,11.4,2.0,2.0,0.8,8.0,3.0,10.2,1451.2038506715562,1599.3335594379319,-148.12970876637564,0.0
18.0,Tue,2022-02-15,20:15,Manchester Utd,1.7,0.7,Brighton,73012.0,Old Trafford,Peter Bankes,233,2,0,8.0,10.0,21.0,660.0,18.0,8.0,14.0,16.0,1.0,10.0,13.0,61.0,10.0,2.0,16.0,699.0,17.0,22.0,6.0,19.0,1.0,5.0,21.0,63.0,2021-2022,H,1.8,1.6,1.0,5.8,3.6,10.6,1.8,1.6,1.0,5.8,4.6,9.6,1534.519367438319,1522.05608201938,12.463285418938995,1.0
26.0,Sat,2022-02-19,17:30,Manchester City,2.1,1.4,Tottenham,53201.0,Etihad Stadium,Anthony Taylor,241,2,3,5.0,10.0,42.0,907.0,13.0,9.0,13.0,2.0,1.0,3.0,23.0,46.0,7.0,0.0,4.0,465.0,13.0,7.0,9.0,37.0,3.0,13.0,10.0,58.0,2021-2022,A,2.6,2.0,0.4,9.2,3.0,7.2,1.2,1.2,1.8,5.4,5.4,11.0,1636.919401879281,1515.9577577745092,120.96164410477172,0.0
26.0,Sat,2022-02-19,15:00,Brighton,0.6,0.7,Burnley,30361.0,The American Express Community Stadium,Kevin Friend,239,0,3,12.0,4.0,34.0,739.0,13.0,5.0,12.0,23.0,1.0,4.0,22.0,71.0,12.0,4.0,14.0,385.0,17.0,11.0,13.0,20.0,3.0,7.0,14.0,71.0,2021-2022,A,1.2,1.0,1.0,5.2,5.0,9.2,0.6,0.4,1.0,3.6,9.2,10.8,1514.112018174258,1443.6873892172487,70.42462895700942,3.0
26.0,Sat,2022-02-19,15:00,Crystal Palace,0.5,0.9,Chelsea,25109.0,Selhurst Park,David Coote,240,0,1,4.0,4.0,20.0,539.0,22.0,10.0,9.0,18.0,1.0,7.0,19.0,67.0,20.0,4.0,13.0,660.0,17.0,8.0,9.0,16.0,3.0,8.0,28.0,73.0,2021-2022,A,0.6,1.0,1.6,5.2,4.4,10.2,1.2,1.2,1.0,6.8,6.4,9.4,1473.514551067712,1570.3868694658613,-96.87231839814922,0.0
26.0,Sat,2022-02-19,15:00,Liverpool,3.6,0.6,Norwich City,53135.0,Anfield,Mike Dean,238,3,1,7.0,8.0,37.0,863.0,14.0,7.0,17.0,12.0,1.0,5.0,11.0,55.0,8.0,4.0,12.0,466.0,19.0,13.0,13.0,41.0,5.0,13.0,11.0,66.0,2021-2022,H,2.6,2.2,0.6,7.2,3.8,9.2,1.4,1.2,1.6,3.8,8.4,9.8,1606.8500208922394,1422.0638446729365,184.7861762193029,3.0
26.0,Sat,2022-02-19,12:30,West Ham,0.6,0.8,Newcastle Utd,59949.0,London Stadium,Chris Kavanagh,234,1,1,3.0,3.0,19.0,552.0,11.0,7.0,25.0,32.0,2.0,6.0,22.0,72.0,7.0,7.0,28.0,592.0,12.0,6.0,18.0,17.0,1.0,6.0,22.0,81.0,2021-2022,D,1.4,1.4,1.2,5.4,3.8,6.6,2.2,1.4,0.6,4.4,4.6,13.6,1523.5431801725338,1461.4947408214111,62.048439351122624,3.0
26.0,Sat,2022-02-19,15:00,Arsenal,1.7,0.6,Brentford,59249.0,Emirates Stadium,Jonathan Moss,236,2,1,10.0,14.0,43.0,727.0,14.0,8.0,10.0,7.0,1.0,1.0,25.0,64.0,5.0,0.0,8.0,466.0,14.0,12.0,17.0,49.0,2.0,8.0,15.0,63.0,2021-2022,H,2.0,2.2,0.6,5.8,4.0,9.8,0.2,0.4,2.0,3.6,7.8,8.4,1541.4617504355842,1440.7142142314208,100.74753620416345,0.0
26.0,Sat,2022-02-19,15:00,Aston Villa,1.3,1.2,Watford,41936.0,Villa Park,Robert Jones,235,0,1,12.0,10.0,36.0,726.0,19.0,4.0,16.0,16.0,0.0,6.0,14.0,69.0,7.0,5.0,12.0,566.0,17.0,14.0,17.0,38.0,0.0,13.0,26.0,85.0,2021-2022,A,1.0,1.4,1.6,4.8,6.4,12.2,0.4,0.2,1.4,5.6,3.8,12.0,1473.2274024119608,1400.9396864679818,72.28771594397904,0.0
26.0,Sat,2022-02-19,15:00,Southampton,2.5,0.3,Everton,31312.0,St. Mary's Stadium,Andy Madley,237,2,0,6.0,4.0,14.0,682.0,21.0,16.0,24.0,13.0,4.0,6.0,11.0,75.0,9.0,4.0,14.0,564.0,20.0,12.0,13.0,17.0,2.0,6.0,25.0,77.0,2021-2022,H,1.6,2.0,1.6,5.8,3.6,12.4,0.6,1.4,1.8,6.4,4.8,10.8,1506.2862625769123,1442.8215405924293,63.46472198448305,0.0
26.0,Sun,2022-02-20,14:00,Leeds United,1.8,2.2,Manchester Utd,36715.0,Elland Road,Paul Tierney,242,2,4,13.0,3.0,10.0,565.0,24.0,17.0,4.0,16.0,4.0,4.0,14.0,49.0,19.0,3.0,13.0,486.0,19.0,10.0,7.0,13.0,2.0,7.0,20.0,57.0,2021-2022,A,1.4,1.8,2.0,6.4,5.0,9.4,2.2,1.6,0.6,6.6,3.4,9.6,1462.0156257497117,1542.463431283441,-80.44780553372925,0.0
26.0,Sun,2022-02-20,16:30,Wolves,0.5,1.7,Leicester City,31587.0,Molineux Stadium,Craig Pawson,243,2,1,12.0,7.0,14.0,500.0,22.0,6.0,17.0,42.0,2.0,8.0,19.0,61.0,9.0,10.0,34.0,733.0,22.0,6.0,8.0,12.0,2.0,5.0,28.0,49.0,2021-2022,H,2.4,1.6,0.6,4.6,6.0,10.6,1.0,1.2,1.6,3.8,7.2,7.4,1535.68117197449,1485.8591401380768,49.822031836413316,0.0
13.0,Wed,2022-02-23,19:30,Burnley,0.9,0.7,Tottenham,19488.0,Turf Moor,Graham Scott,244,1,0,8.0,3.0,22.0,517.0,11.0,24.0,17.0,39.0,3.0,10.0,15.0,67.0,8.0,7.0,25.0,802.0,15.0,5.0,18.0,16.0,2.0,6.0,26.0,51.0,2021-2022,H,1.2,0.8,0.4,3.8,8.2,11.8,1.2,1.6,2.2,4.0,6.8,10.6,1457.2743815621986,1530.7413115458821,-73.46692998368349,1.0
18.0,Wed,2022-02-23,19:30,Watford,1.4,1.1,Crystal Palace,20012.0,Vicarage Road Stadium,Andre Marriner,245,1,4,12.0,6.0,16.0,597.0,11.0,8.0,10.0,13.0,2.0,4.0,23.0,79.0,9.0,4.0,13.0,706.0,23.0,6.0,10.0,18.0,1.0,7.0,18.0,80.0,2021-2022,A,0.8,0.2,1.2,5.4,5.0,10.8,0.6,0.6,1.2,4.2,5.0,9.8,1414.573313085956,1464.571855222763,-49.99854213680692,1.0
19.0,Wed,2022-02-23,19:45,Liverpool,5.9,0.2,Leeds United,53018.0,Anfield,Michael Oliver,246,6,0,5.0,4.0,15.0,821.0,8.0,12.0,9.0,8.0,1.0,2.0,20.0,76.0,11.0,0.0,6.0,511.0,21.0,15.0,1.0,9.0,6.0,10.0,11.0,68.0,2021-2022,H,3.0,2.4,0.4,7.4,3.4,8.0,0.8,1.6,2.6,5.2,5.0,9.8,1610.7775339750235,1452.6034823322489,158.17405164277466,3.0
20.0,Thu,2022-02-24,19:45,Arsenal,3.1,1.0,Wolves,59888.0,Emirates Stadium,Martin Atkinson,247,2,1,8.0,5.0,18.0,651.0,12.0,4.0,11.0,9.0,2.0,3.0,20.0,67.0,9.0,4.0,9.0,558.0,21.0,16.0,12.0,23.0,2.0,14.0,14.0,72.0,2021-2022,H,2.0,1.8,0.6,7.8,3.8,10.4,2.4,1.8,0.8,4.4,7.4,11.4,1547.1391834753745,1542.6214706963037,4.5177127790707345,3.0
27.0,Fri,2022-02-25,20:00,Southampton,2.6,0.6,Norwich City,31182.0,St. Mary's Stadium,Simon Hooper,248,2,0,12.0,13.0,28.0,685.0,9.0,10.0,19.0,17.0,2.0,5.0,28.0,69.0,9.0,6.0,17.0,534.0,18.0,7.0,14.0,44.0,1.0,12.0,20.0,55.0,2021-2022,H,1.6,1.6,1.4,5.6,4.0,11.8,1.4,1.4,1.8,4.2,7.8,9.8,1512.8750575844383,1418.1363315901524,94.73872599428591,0.0
27.0,Sat,2022-02-26,12:30,Leeds United,1.5,1.9,Tottenham,36599.0,Elland Road,Craig Pawson,249,0,4,16.0,3.0,25.0,584.0,17.0,9.0,5.0,6.0,0.0,2.0,13.0,33.0,11.0,6.0,9.0,614.0,10.0,12.0,4.0,26.0,3.0,12.0,10.0,49.0,2021-2022,A,0.2,1.0,3.4,4.6,5.0,10.2,0.6,1.0,2.0,3.8,6.8,9.8,1448.169909756632,1520.3538961425804,-72.1839863859484,0.0
27.0,Sat,2022-02-26,15:00,Crystal Palace,1.0,0.2,Burnley,24203.0,Selhurst Park,Jonathan Moss,250,1,1,5.0,5.0,18.0,687.0,13.0,7.0,12.0,18.0,0.0,2.0,27.0,87.0,16.0,4.0,17.0,517.0,12.0,20.0,25.0,22.0,2.0,5.0,26.0,100.0,2021-2022,D,1.0,1.2,1.2,5.0,4.4,10.2,1.6,1.0,0.4,3.6,7.2,10.8,1474.8596408320116,1467.6617969655003,7.197843866511221,1.0
27.0,Sat,2022-02-26,15:00,Manchester Utd,2.8,0.6,Watford,73152.0,Old Trafford,Kevin Friend,251,0,0,2.0,4.0,31.0,849.0,20.0,6.0,21.0,5.0,2.0,5.0,29.0,75.0,7.0,3.0,7.0,503.0,22.0,22.0,10.0,31.0,2.0,17.0,13.0,81.0,2021-2022,D,2.2,1.8,0.8,5.4,2.8,11.6,0.8,0.4,1.4,5.6,5.6,10.0,1551.8755747009038,1404.2855274767073,147.5900472241965,0.0
27.0,Sat,2022-02-26,15:00,Brighton,0.7,1.0,Aston Villa,31475.0,The American Express Community Stadium,John Brooks,252,0,2,17.0,7.0,25.0,706.0,17.0,4.0,12.0,12.0,0.0,6.0,23.0,80.0,11.0,2.0,6.0,435.0,22.0,8.0,11.0,26.0,0.0,10.0,16.0,53.0,2021-2022,A,1.0,0.8,1.4,4.2,5.8,9.4,1.0,1.2,1.4,5.4,6.8,12.4,1500.525025829308,1459.5937757939867,40.931250035321455,0.0
27.0,Sat,2022-02-26,15:00,Brentford,0.4,2.7,Newcastle Utd,17039.0,Brentford Community Stadium,Mike Dean,253,0,2,9.0,6.0,16.0,449.0,9.0,9.0,21.0,25.0,0.0,15.0,18.0,94.0,7.0,6.0,31.0,673.0,13.0,6.0,20.0,26.0,0.0,7.0,26.0,65.0,2021-2022,A,0.2,0.6,1.8,3.6,8.8,8.2,2.2,1.4,0.6,5.4,4.6,12.8,1435.0367811916306,1464.8698753819124,-29.833094190281827,1.0
27.0,Sat,2022-02-26,17:30,Everton,0.5,1.8,Manchester City,39105.0,Goodison Park,Paul Tierney,254,0,1,7.0,3.0,14.0,471.0,22.0,7.0,7.0,30.0,4.0,9.0,12.0,64.0,14.0,4.0,23.0,815.0,17.0,12.0,17.0,19.0,2.0,5.0,15.0,55.0,2021-2022,A,0.6,1.0,1.6,5.6,4.6,11.6,2.0,2.0,0.8,10.2,2.0,7.2,1436.2327455849033,1622.135848107908,-185.9031025230047,0.0
27.0,Sun,2022-02-27,14:00,West Ham,1.8,0.7,Wolves,59946.0,London Stadium,Anthony Taylor,255,1,0,8.0,3.0,19.0,562.0,15.0,18.0,14.0,28.0,2.0,5.0,18.0,57.0,2.0,5.0,16.0,770.0,13.0,5.0,6.0,22.0,1.0,12.0,18.0,67.0,2021-2022,H,1.0,1.2,1.4,3.8,4.8,5.4,1.8,1.4,1.0,4.8,6.4,10.6,1520.1680456120325,1534.457385274141,-14.289339662108432,0.0
22.0,Tue,2022-03-01,19:45,Burnley,0.9,1.5,Leicester City,17825.0,Turf Moor,Chris Kavanagh,256,0,2,10.0,6.0,22.0,531.0,20.0,13.0,25.0,15.0,4.0,4.0,26.0,112.0,13.0,8.0,18.0,619.0,12.0,8.0,21.0,31.0,3.0,11.0,26.0,64.0,2021-2022,A,1.6,1.2,0.6,3.6,6.8,10.8,0.4,1.2,2.0,5.6,6.2,7.6,1469.572144945811,1478.9188414162631,-9.346696470452116,1.0
28.0,Sat,2022-03-05,15:00,Norwich City,1.0,2.0,Brentford,26887.0,Carrow Road,Anthony Taylor,262,1,3,13.0,5.0,21.0,611.0,13.0,13.0,14.0,10.0,1.0,4.0,31.0,75.0,18.0,5.0,12.0,477.0,15.0,9.0,21.0,37.0,3.0,5.0,16.0,60.0,2021-2022,A,0.8,1.0,2.0,3.8,8.8,9.2,0.2,0.4,1.6,3.6,8.2,8.6,1412.3172205790927,1424.1706832533514,-11.853462674258708,3.0
28.0,Sat,2022-03-05,15:00,Aston Villa,2.5,1.1,Southampton,41855.0,Villa Park,Peter Bankes,259,4,0,10.0,4.0,7.0,492.0,14.0,12.0,10.0,21.0,0.0,10.0,16.0,71.0,8.0,7.0,21.0,700.0,15.0,12.0,10.0,7.0,1.0,4.0,19.0,78.0,2021-2022,H,1.4,1.2,1.0,5.2,7.0,13.0,2.2,1.8,0.8,6.2,4.8,11.4,1472.4197573809024,1518.694168595498,-46.2744112145956,0.0
28.0,Sat,2022-03-05,17:30,Liverpool,2.4,1.3,West Ham,59925.0,Anfield,Jonathan Moss,263,1,0,7.0,4.0,17.0,864.0,11.0,5.0,21.0,10.0,1.0,8.0,19.0,61.0,7.0,6.0,19.0,479.0,16.0,18.0,14.0,24.0,4.0,7.0,14.0,81.0,2021-2022,H,3.0,3.0,0.4,6.4,3.4,7.8,1.6,1.0,0.8,3.6,5.2,5.8,1615.2111065506404,1528.8599260175642,86.3511805330761,0.0
28.0,Sat,2022-03-05,15:00,Wolves,0.7,2.7,Crystal Palace,31395.0,Molineux Stadium,Andy Madley,261,0,2,13.0,7.0,25.0,728.0,20.0,10.0,13.0,14.0,1.0,3.0,16.0,68.0,8.0,7.0,18.0,485.0,14.0,11.0,14.0,33.0,8.0,8.0,12.0,69.0,2021-2022,A,1.2,1.0,1.0,5.2,5.8,9.6,1.2,1.2,0.8,5.6,4.2,8.8,1525.7655048686092,1472.9492928517009,52.816212016908366,0.0
28.0,Sat,2022-03-05,15:00,Newcastle Utd,1.7,1.5,Brighton,52214.0,St. James' Park,Martin Atkinson,258,2,1,8.0,4.0,15.0,456.0,12.0,15.0,22.0,30.0,0.0,8.0,14.0,74.0,10.0,7.0,28.0,800.0,11.0,12.0,33.0,8.0,4.0,4.0,23.0,90.0,2021-2022,H,2.6,1.6,0.4,5.8,4.6,11.6,0.8,0.6,1.6,4.6,4.8,11.2,1475.7359733201915,1487.6990442423923,-11.963070922200814,1.0
28.0,Sat,2022-03-05,12:30,Leicester City,0.4,1.7,Leeds United,32236.0,King Power Stadium,David Coote,257,1,0,9.0,5.0,15.0,659.0,23.0,10.0,19.0,26.0,2.0,8.0,22.0,56.0,12.0,10.0,26.0,650.0,21.0,7.0,11.0,23.0,0.0,1.0,32.0,60.0,2021-2022,H,1.0,1.2,1.4,6.6,5.8,9.0,0.2,1.0,4.0,4.0,4.8,11.6,1490.366518262929,1438.5204493897652,51.84606887316386,1.0
28.0,Sat,2022-03-05,15:00,Burnley,0.7,2.3,Chelsea,19439.0,Turf Moor,Andre Marriner,260,0,4,12.0,5.0,17.0,426.0,25.0,9.0,15.0,16.0,1.0,2.0,14.0,57.0,7.0,2.0,15.0,927.0,14.0,4.0,14.0,14.0,1.0,5.0,17.0,63.0,2021-2022,A,1.4,1.0,0.8,4.4,6.4,10.6,1.6,1.2,0.8,5.6,5.6,10.6,1458.1244680991451,1579.3295653108105,-121.20509721166536,1.0
28.0,Sun,2022-03-06,14:00,Watford,1.0,1.0,Arsenal,21142.0,Vicarage Road Stadium,Craig Pawson,264,2,3,5.0,1.0,10.0,592.0,17.0,16.0,30.0,18.0,2.0,9.0,36.0,71.0,12.0,5.0,21.0,709.0,20.0,18.0,9.0,15.0,0.0,2.0,15.0,65.0,2021-2022,A,0.8,0.4,1.4,4.8,5.6,9.6,2.0,1.2,0.8,8.0,4.0,10.6,1409.6381540655416,1555.3032688975372,-145.66511483199565,0.0
28.0,Sun,2022-03-06,16:30,Manchester City,2.7,0.5,Manchester Utd,53165.0,Etihad Stadium,Michael Oliver,265,4,1,10.0,9.0,18.0,887.0,13.0,11.0,4.0,9.0,0.0,2.0,14.0,52.0,14.0,3.0,9.0,458.0,16.0,11.0,8.0,21.0,1.0,11.0,9.0,39.0,2021-2022,H,2.0,2.0,0.8,9.2,2.4,7.8,1.8,1.6,0.8,5.6,2.8,10.2,1628.6627766386662,1546.5229481120696,82.1398285265966,3.0
28.0,Mon,2022-03-07,20:00,Tottenham,2.5,0.2,Everton,59647.0,Tottenham Hotspur Stadium,Stuart Attwell,266,5,0,15.0,5.0,14.0,806.0,25.0,6.0,15.0,18.0,0.0,5.0,13.0,54.0,10.0,2.0,14.0,670.0,20.0,6.0,3.0,12.0,1.0,6.0,19.0,45.0,2021-2022,H,1.2,1.8,1.6,4.4,5.4,9.2,0.6,0.8,1.4,4.6,3.8,10.2,1530.0033565094473,1429.7058170541452,100.29753945530206,1.0
19.0,Thu,2022-03-10,19:30,Wolves,0.7,0.6,Watford,29658.0,Molineux Stadium,Darren England,267,4,0,11.0,5.0,21.0,793.0,10.0,9.0,18.0,8.0,1.0,6.0,24.0,67.0,10.0,2.0,9.0,464.0,13.0,7.0,12.0,19.0,4.0,5.0,14.0,63.0,2021-2022,H,1.2,1.0,1.2,5.2,6.4,9.8,0.8,0.8,1.8,3.8,5.6,9.4,1512.6278994281627,1402.055014896007,110.57288453215574,3.0
21.0,Thu,2022-03-10,19:30,Southampton,1.1,0.6,Newcastle Utd,30056.0,St. Mary's Stadium,Kevin Friend,268,1,2,6.0,12.0,29.0,816.0,15.0,9.0,19.0,16.0,1.0,3.0,19.0,79.0,7.0,5.0,17.0,482.0,21.0,12.0,20.0,29.0,1.0,5.0,14.0,77.0,2021-2022,A,2.0,1.6,1.4,7.2,3.4,10.4,2.6,1.8,0.6,5.2,4.8,11.4,1509.0890174078422,1484.3621026255314,24.726914782310814,1.0
30.0,Thu,2022-03-10,19:30,Norwich City,1.0,1.8,Chelsea,26684.0,Carrow Road,Martin Atkinson,269,1,3,8.0,3.0,11.0,476.0,16.0,11.0,4.0,13.0,2.0,6.0,15.0,42.0,15.0,8.0,12.0,837.0,15.0,11.0,11.0,17.0,1.0,8.0,14.0,42.0,2021-2022,A,0.2,0.6,2.6,4.6,8.8,9.6,2.0,1.6,0.4,4.8,5.2,11.0,1400.9402547868183,1587.5859405522745,-186.64568576545616,0.0
20.0,Thu,2022-03-10,19:45,Leeds United,0.2,1.5,Aston Villa,36400.0,Elland Road,Simon Hooper,270,0,3,17.0,3.0,17.0,560.0,25.0,6.0,6.0,14.0,3.0,5.0,20.0,64.0,11.0,5.0,14.0,564.0,15.0,9.0,9.0,20.0,5.0,9.0,18.0,53.0,2021-2022,A,0.0,0.4,3.6,3.8,4.6,12.2,1.4,1.8,1.0,5.6,6.6,11.8,1431.6328587520136,1482.0249085685582,-50.39204981654461,1.0
29.0,Sat,2022-03-12,17:30,Manchester Utd,1.0,1.5,Tottenham,73458.0,Old Trafford,Jonathan Moss,273,3,2,8.0,4.0,10.0,583.0,13.0,14.0,10.0,18.0,0.0,10.0,9.0,64.0,7.0,5.0,24.0,712.0,16.0,4.0,10.0,4.0,2.0,4.0,17.0,52.0,2021-2022,H,1.6,1.6,1.4,4.2,4.2,11.0,1.8,2.4,1.0,5.0,4.2,10.8,1540.400126565732,1535.6913273729183,4.708799192813785,3.0
29.0,Sat,2022-03-12,15:00,Brentford,1.9,0.7,Burnley,17088.0,Brentford Community Stadium,Paul Tierney,272,2,0,6.0,2.0,15.0,638.0,16.0,11.0,23.0,35.0,4.0,5.0,30.0,93.0,10.0,9.0,33.0,545.0,15.0,10.0,23.0,20.0,4.0,4.0,15.0,111.0,2021-2022,H,0.8,0.8,1.4,3.4,8.6,11.0,1.4,1.0,1.4,4.4,5.2,11.6,1435.5476490456258,1449.8680928576812,-14.320443812055373,0.0
29.0,Sat,2022-03-12,12:30,Brighton,0.5,2.2,Liverpool,31474.0,The American Express Community Stadium,Mike Dean,271,0,2,12.0,7.0,17.0,589.0,13.0,6.0,6.0,19.0,1.0,7.0,27.0,74.0,15.0,5.0,14.0,552.0,15.0,9.0,7.0,16.0,1.0,10.0,19.0,75.0,2021-2022,A,0.6,0.6,1.8,5.0,4.8,11.6,3.0,2.6,0.2,6.2,4.2,7.2,1479.0729149370525,1621.2314236725185,-142.15850873546606,1.0
29.0,Sun,2022-03-13,14:00,Chelsea,1.1,0.3,Newcastle Utd,40026.0,Stamford Bridge,David Coote,274,1,0,17.0,7.0,16.0,708.0,14.0,6.0,11.0,14.0,3.0,5.0,15.0,48.0,17.0,2.0,9.0,362.0,16.0,3.0,15.0,24.0,6.0,9.0,22.0,60.0,2021-2022,H,2.6,2.2,0.4,6.2,4.0,12.8,2.6,1.6,0.6,5.0,6.8,10.2,1594.094087880539,1496.7535206816074,97.3405671989317,3.0
29.0,Sun,2022-03-13,14:00,Southampton,1.4,1.7,Watford,28863.0,St. Mary's Stadium,Graham Scott,275,1,2,8.0,11.0,33.0,678.0,17.0,8.0,23.0,12.0,0.0,7.0,32.0,82.0,12.0,3.0,12.0,481.0,18.0,20.0,26.0,33.0,0.0,7.0,16.0,82.0,2021-2022,A,1.4,1.2,1.4,8.0,4.0,9.0,0.8,0.8,2.2,3.4,5.6,8.2,1496.6975993517663,1396.6047019350303,100.09289741673592,3.0
29.0,Sun,2022-03-13,14:00,West Ham,1.2,1.1,Aston Villa,59957.0,London Stadium,Jarred Gillett,276,2,1,9.0,5.0,20.0,599.0,11.0,13.0,14.0,19.0,0.0,4.0,18.0,68.0,3.0,7.0,21.0,642.0,17.0,14.0,14.0,14.0,0.0,10.0,20.0,67.0,2021-2022,H,1.6,1.0,0.8,4.2,5.4,5.6,1.8,1.8,0.4,5.4,5.0,11.8,1522.839608895686,1492.3013771326098,30.538231763076283,3.0
29.0,Sun,2022-03-13,14:00,Everton,0.4,0.8,Wolves,39112.0,Goodison Park,Michael Oliver,277,0,1,13.0,5.0,15.0,504.0,22.0,10.0,11.0,11.0,7.0,7.0,17.0,50.0,11.0,2.0,12.0,739.0,12.0,13.0,12.0,23.0,0.0,7.0,14.0,67.0,2021-2022,A,0.6,0.8,2.2,3.2,4.4,9.4,1.2,1.4,1.2,5.6,5.4,9.4,1424.0178461906742,1518.0782123891393,-94.06036619846509,0.0
29.0,Sun,2022-03-13,14:00,Leeds United,2.5,1.5,Norwich City,36321.0,Elland Road,Stuart Attwell,278,2,1,18.0,6.0,21.0,611.0,28.0,14.0,14.0,14.0,2.0,5.0,27.0,77.0,8.0,2.0,10.0,556.0,12.0,10.0,17.0,14.0,3.0,11.0,27.0,56.0,2021-2022,H,0.0,0.4,3.6,3.8,4.6,13.8,0.0,0.6,3.0,4.4,9.2,9.0,1421.356390187962,1394.4321074585537,26.924282729408333,3.0
29.0,Sun,2022-03-13,16:30,Arsenal,2.4,0.4,Leicester City,60111.0,Emirates Stadium,Anthony Taylor,279,2,0,8.0,2.0,12.0,622.0,15.0,11.0,6.0,15.0,2.0,1.0,14.0,51.0,10.0,6.0,14.0,701.0,17.0,10.0,8.0,13.0,0.0,8.0,23.0,60.0,2021-2022,H,2.6,1.6,0.8,8.0,3.2,10.4,1.4,1.2,1.2,6.8,6.8,9.6,1562.886408067072,1497.2541089006806,65.63229916639125,3.0
29.0,Mon,2022-03-14,20:00,Crystal Palace,0.6,2.8,Manchester City,25309.0,Selhurst Park,Martin Atkinson,280,0,0,6.0,2.0,3.0,407.0,16.0,8.0,8.0,34.0,2.0,15.0,15.0,71.0,11.0,6.0,19.0,914.0,13.0,9.0,22.0,8.0,3.0,7.0,27.0,75.0,2021-2022,D,1.6,1.4,0.6,5.8,4.8,7.2,2.4,2.6,0.8,8.8,2.6,8.8,1486.0868982921475,1634.7855981850037,-148.6986998928562,3.0
16.0,Wed,2022-03-16,19:30,Brighton,0.7,2.2,Tottenham,31144.0,The American Express Community Stadium,Robert Jones,281,0,2,11.0,6.0,23.0,640.0,16.0,11.0,10.0,12.0,3.0,7.0,16.0,57.0,9.0,3.0,7.0,696.0,11.0,8.0,11.0,22.0,1.0,4.0,15.0,39.0,2021-2022,A,0.0,0.2,2.2,5.4,5.0,12.2,1.8,2.8,1.2,4.6,4.4,9.6,1471.3945138301667,1527.532555943779,-56.1380421136123,1.0
27.0,Wed,2022-03-16,20:15,Arsenal,0.5,0.8,Liverpool,59968.0,Emirates Stadium,Andre Marriner,282,0,2,9.0,1.0,10.0,653.0,16.0,5.0,6.0,18.0,4.0,6.0,23.0,78.0,9.0,6.0,18.0,669.0,16.0,11.0,15.0,14.0,2.0,5.0,17.0,60.0,2021-2022,A,3.0,2.0,0.8,6.0,3.6,10.2,3.0,2.6,0.2,5.8,4.4,8.0,1569.420192627818,1628.9098247794043,-59.48963215158619,0.0
20.0,Thu,2022-03-17,19:45,Everton,0.7,0.9,Newcastle Utd,39068.0,Goodison Park,Craig Pawson,283,1,0,13.0,5.0,15.0,435.0,18.0,3.0,30.0,27.0,1.0,11.0,21.0,80.0,11.0,7.0,19.0,611.0,15.0,2.0,35.0,10.0,1.0,6.0,27.0,84.0,2021-2022,H,0.6,0.6,1.8,3.8,3.6,9.4,2.0,1.4,0.8,4.8,7.0,9.2,1414.99505382414,1490.9960125295743,-76.00095870543419,0.0
30.0,Fri,2022-03-18,20:00,Wolves,1.2,2.0,Leeds United,31842.0,Molineux Stadium,Kevin Friend,284,2,3,13.0,2.0,11.0,565.0,15.0,8.0,10.0,14.0,1.0,8.0,23.0,73.0,14.0,5.0,16.0,602.0,26.0,7.0,14.0,15.0,3.0,5.0,20.0,64.0,2021-2022,A,1.2,1.2,1.0,4.6,4.4,9.2,0.6,0.4,3.0,4.4,4.4,14.8,1527.1010047556733,1428.905434565364,98.19557019030935,1.0
30.0,Sat,2022-03-19,12:30,Aston Villa,0.5,1.3,Arsenal,41956.0,Villa Park,Andy Madley,285,0,1,13.0,6.0,27.0,570.0,10.0,4.0,5.0,15.0,1.0,6.0,20.0,52.0,14.0,5.0,14.0,641.0,13.0,5.0,6.0,24.0,1.0,11.0,20.0,67.0,2021-2022,A,1.8,2.0,0.6,5.6,5.4,9.4,2.4,1.8,1.2,5.4,3.4,9.4,1484.849849898719,1559.4055030708878,-74.55565317216883,0.0
30.0,Sun,2022-03-20,14:00,Leicester City,1.0,1.3,Brentford,31830.0,King Power Stadium,Darren England,286,2,1,10.0,2.0,13.0,665.0,14.0,10.0,15.0,25.0,2.0,7.0,12.0,54.0,10.0,5.0,21.0,596.0,8.0,11.0,17.0,10.0,3.0,8.0,22.0,68.0,2021-2022,H,1.4,1.2,1.2,6.8,5.8,10.2,1.4,1.2,1.0,3.2,8.6,9.6,1490.7203243399345,1444.2404093915593,46.47991494837515,3.0
30.0,Sun,2022-03-20,16:30,Tottenham,3.0,0.6,West Ham,58685.0,Tottenham Hotspur Stadium,Anthony Taylor,287,3,1,7.0,5.0,16.0,704.0,13.0,7.0,9.0,9.0,1.0,6.0,11.0,49.0,7.0,3.0,12.0,655.0,6.0,6.0,7.0,20.0,0.0,8.0,13.0,63.0,2021-2022,H,1.8,2.6,0.8,5.2,3.6,10.0,1.6,1.2,1.0,4.2,5.6,7.2,1537.6437074492144,1530.291136129577,7.352571319637491,0.0
31.0,Sat,2022-04-02,12:30,Liverpool,2.2,0.6,Watford,53104.0,Anfield,Stuart Attwell,288,2,0,9.0,9.0,22.0,880.0,23.0,7.0,21.0,4.0,1.0,2.0,26.0,72.0,8.0,3.0,9.0,419.0,23.0,14.0,12.0,23.0,3.0,15.0,15.0,68.0,2021-2022,H,3.0,2.8,0.2,5.4,3.6,8.6,0.8,1.0,2.4,3.0,5.8,9.2,1638.9245143363346,1410.9119349586738,228.0125793776608,3.0
31.0,Sat,2022-04-02,15:00,Wolves,1.3,2.1,Aston Villa,31012.0,Molineux Stadium,Darren England,289,2,1,15.0,4.0,11.0,571.0,23.0,6.0,15.0,20.0,1.0,6.0,20.0,58.0,8.0,9.0,22.0,598.0,17.0,8.0,9.0,13.0,1.0,5.0,16.0,57.0,2021-2022,H,1.2,1.4,1.2,4.2,4.4,10.0,1.8,2.0,0.6,4.8,5.4,9.6,1512.838354333122,1475.2685503415285,37.56980399159352,3.0
31.0,Sat,2022-04-02,15:00,Leeds United,1.2,1.4,Southampton,36580.0,Elland Road,Anthony Taylor,290,1,1,14.0,4.0,11.0,660.0,19.0,10.0,31.0,35.0,0.0,4.0,22.0,65.0,7.0,7.0,23.0,540.0,9.0,13.0,18.0,25.0,0.0,10.0,17.0,89.0,2021-2022,D,1.2,1.0,2.2,5.4,4.0,15.4,1.2,1.2,1.6,9.4,4.4,8.0,1443.1680849879153,1482.3903663281228,-39.22228134020747,0.0
31.0,Sat,2022-04-02,15:00,Chelsea,1.3,1.8,Brentford,39061.0,Stamford Bridge,Andy Madley,291,1,4,11.0,12.0,33.0,801.0,9.0,6.0,13.0,13.0,0.0,7.0,22.0,74.0,7.0,7.0,17.0,418.0,19.0,8.0,19.0,35.0,0.0,10.0,13.0,60.0,2021-2022,A,3.0,2.2,0.2,6.2,3.4,15.2,1.2,1.4,1.4,3.6,7.2,9.6,1599.8515960325722,1437.2126675933496,162.63892843922258,3.0
31.0,Sat,2022-04-02,15:00,Burnley,0.1,1.8,Manchester City,21249.0,Turf Moor,Craig Pawson,292,0,2,11.0,1.0,7.0,345.0,11.0,7.0,18.0,24.0,5.0,12.0,9.0,58.0,6.0,8.0,20.0,872.0,7.0,4.0,13.0,7.0,0.0,2.0,20.0,86.0,2021-2022,A,0.8,0.4,1.8,5.4,4.8,11.2,2.0,2.2,0.8,8.2,2.4,9.6,1441.1753325117477,1632.2866991395683,-191.11136662782064,0.0
31.0,Sat,2022-04-02,15:00,Brighton,2.8,0.4,Norwich City,31245.0,The American Express Community Stadium,Simon Hooper,293,0,0,12.0,11.0,37.0,654.0,14.0,10.0,14.0,12.0,1.0,6.0,30.0,76.0,11.0,2.0,10.0,455.0,17.0,11.0,18.0,37.0,1.0,15.0,23.0,59.0,2021-2022,D,0.0,0.2,2.2,6.2,3.6,12.4,0.0,0.8,2.6,4.0,8.0,9.2,1461.2833623247313,1386.8830630811517,74.40029924357964,1.0
31.0,Sat,2022-04-02,17:30,Manchester Utd,0.9,0.8,Leicester City,73444.0,Old Trafford,Andre Marriner,294,1,1,13.0,6.0,19.0,714.0,10.0,9.0,12.0,13.0,4.0,10.0,21.0,67.0,6.0,5.0,13.0,627.0,15.0,18.0,8.0,23.0,1.0,7.0,15.0,47.0,2021-2022,D,2.0,2.0,1.6,4.8,4.4,10.2,1.8,1.2,1.0,6.2,6.0,10.2,1548.5588979948714,1497.7480661381442,50.81083185672719,0.0
31.0,Sun,2022-04-03,16:30,Tottenham,3.1,0.5,Newcastle Utd,57553.0,Tottenham Hotspur Stadium,Martin Atkinson,296,5,1,10.0,2.0,14.0,713.0,17.0,2.0,10.0,18.0,0.0,5.0,10.0,49.0,7.0,3.0,16.0,498.0,13.0,7.0,16.0,17.0,4.0,11.0,9.0,52.0,2021-2022,H,2.4,3.2,0.8,4.8,3.6,9.8,1.8,1.2,0.8,4.8,7.4,10.0,1545.729068944322,1480.535793248303,65.1932756960191,3.0
31.0,Sun,2022-04-03,14:00,West Ham,1.2,0.7,Everton,59953.0,London Stadium,Michael Oliver,295,2,1,9.0,2.0,13.0,643.0,11.0,4.0,19.0,18.0,1.0,6.0,15.0,62.0,12.0,4.0,23.0,546.0,9.0,10.0,15.0,16.0,1.0,9.0,17.0,64.0,2021-2022,H,1.4,1.0,1.2,4.0,5.6,6.8,0.6,0.2,1.8,3.8,4.4,10.4,1522.2057746344692,1425.4552731054114,96.75050152905783,3.0
31.0,Mon,2022-04-04,20:00,Crystal Palace,1.5,0.8,Arsenal,25149.0,Selhurst Park,Paul Tierney,297,3,0,11.0,0.0,6.0,436.0,18.0,10.0,11.0,17.0,2.0,9.0,17.0,78.0,15.0,2.0,9.0,791.0,16.0,8.0,10.0,5.0,4.0,5.0,30.0,46.0,2021-2022,H,1.6,1.4,0.6,4.4,5.4,6.4,2.4,1.6,1.0,3.6,4.6,10.2,1488.5857973375828,1568.9868026280783,-80.4010052904955,1.0
19.0,Wed,2022-04-06,19:30,Burnley,2.0,2.4,Everton,19830.0,Turf Moor,Mike Dean,298,3,2,11.0,9.0,24.0,544.0,11.0,17.0,30.0,28.0,1.0,10.0,36.0,83.0,16.0,6.0,28.0,507.0,19.0,9.0,21.0,41.0,0.0,8.0,25.0,81.0,2021-2022,H,0.2,0.2,2.2,5.0,5.0,11.8,0.6,0.4,1.8,3.8,4.0,11.0,1434.779535348884,1419.6838282773556,15.095707071528523,0.0
32.0,Fri,2022-04-08,20:00,Newcastle Utd,1.5,0.4,Wolves,52164.0,St. James' Park,Peter Bankes,299,1,0,6.0,1.0,15.0,502.0,11.0,8.0,11.0,15.0,1.0,5.0,20.0,70.0,13.0,2.0,14.0,673.0,24.0,7.0,10.0,14.0,0.0,8.0,19.0,57.0,2021-2022,H,1.2,1.0,1.8,4.2,6.6,10.0,1.8,1.8,1.2,4.0,5.6,12.6,1473.9908858949927,1520.1016375813012,-46.110751686308504,0.0
32.0,Sat,2022-04-09,12:30,Everton,0.4,0.8,Manchester Utd,39080.0,Goodison Park,Jonathan Moss,300,1,0,4.0,5.0,12.0,496.0,18.0,12.0,16.0,36.0,1.0,6.0,25.0,67.0,10.0,7.0,24.0,825.0,15.0,12.0,28.0,14.0,2.0,7.0,27.0,61.0,2021-2022,H,0.6,0.8,2.2,4.4,5.0,12.8,1.6,1.8,1.8,4.0,5.0,11.2,1411.8122147907523,1545.4734236326908,-133.66120884193856,1.0
32.0,Sat,2022-04-09,15:00,Arsenal,1.9,0.6,Brighton,60112.0,Emirates Stadium,David Coote,301,1,2,12.0,11.0,23.0,652.0,9.0,6.0,9.0,9.0,2.0,3.0,17.0,61.0,19.0,2.0,10.0,440.0,21.0,16.0,16.0,30.0,2.0,4.0,19.0,64.0,2021-2022,A,1.8,1.2,1.4,3.0,3.8,11.6,0.2,0.2,1.6,7.6,3.2,12.4,1558.400288420476,1457.5970759047987,100.80321251567739,1.0
32.0,Sat,2022-04-09,15:00,Southampton,0.5,4.2,Chelsea,31359.0,St. Mary's Stadium,Kevin Friend,302,0,6,11.0,2.0,14.0,446.0,18.0,10.0,8.0,15.0,0.0,7.0,24.0,62.0,10.0,3.0,8.0,893.0,29.0,4.0,19.0,16.0,1.0,3.0,17.0,44.0,2021-2022,A,0.8,1.0,1.8,10.0,4.4,8.2,2.4,2.0,1.0,6.6,4.2,14.0,1482.987685228025,1584.197112679849,-101.20942745182401,0.0
32.0,Sat,2022-04-09,15:00,Watford,1.1,0.7,Leeds United,20957.0,Vicarage Road Stadium,Andre Marriner,303,0,3,8.0,3.0,16.0,593.0,21.0,14.0,25.0,20.0,3.0,10.0,40.0,65.0,12.0,7.0,14.0,611.0,46.0,18.0,22.0,18.0,1.0,7.0,26.0,78.0,2021-2022,A,0.8,0.8,2.0,2.4,6.8,8.4,1.4,1.2,1.6,5.6,4.2,15.0,1407.711143540517,1442.5707660880132,-34.8596225474962,0.0
32.0,Sat,2022-04-09,17:30,Aston Villa,1.6,1.1,Tottenham,41949.0,Villa Park,Graham Scott,304,0,4,12.0,9.0,27.0,626.0,15.0,3.0,10.0,8.0,1.0,4.0,16.0,32.0,14.0,3.0,6.0,602.0,20.0,6.0,6.0,30.0,2.0,9.0,11.0,47.0,2021-2022,A,1.2,1.8,1.0,6.2,4.8,9.0,2.4,3.4,1.0,4.0,3.6,9.6,1468.0052670933492,1552.2739762976323,-84.26870920428314,0.0
32.0,Sun,2022-04-10,14:00,Leicester City,1.0,1.4,Crystal Palace,31896.0,King Power Stadium,Robert Jones,306,2,1,11.0,3.0,11.0,650.0,20.0,11.0,11.0,11.0,0.0,3.0,22.0,46.0,12.0,4.0,6.0,641.0,17.0,14.0,12.0,14.0,0.0,7.0,19.0,65.0,2021-2022,H,2.0,1.2,0.8,5.2,5.8,9.6,2.2,2.0,0.4,3.6,5.0,7.8,1500.8335405003247,1499.172311545185,1.661228955139677,1.0
32.0,Sun,2022-04-10,14:00,Norwich City,1.7,1.7,Burnley,26361.0,Carrow Road,Michael Oliver,307,2,0,12.0,6.0,13.0,518.0,10.0,7.0,27.0,43.0,3.0,11.0,18.0,76.0,10.0,7.0,36.0,600.0,23.0,12.0,27.0,20.0,3.0,6.0,29.0,107.0,2021-2022,H,0.2,0.6,2.0,3.6,8.6,9.8,0.6,0.6,2.4,6.0,5.2,10.8,1390.5693495010844,1442.6511488354874,-52.08179933440306,1.0
32.0,Sun,2022-04-10,14:00,Brentford,1.4,0.3,West Ham,17032.0,Brentford Community Stadium,Martin Atkinson,305,2,0,2.0,4.0,22.0,612.0,11.0,10.0,15.0,16.0,1.0,9.0,20.0,67.0,6.0,6.0,19.0,690.0,10.0,10.0,13.0,32.0,2.0,5.0,13.0,71.0,2021-2022,H,1.8,2.0,1.2,5.0,6.8,10.0,1.8,1.2,1.2,3.8,5.0,8.0,1452.8671509460728,1527.977219462525,-75.1100685164522,3.0
32.0,Sun,2022-04-10,16:30,Manchester City,1.3,1.3,Liverpool,53197.0,Etihad Stadium,Anthony Taylor,308,2,2,9.0,4.0,17.0,708.0,17.0,8.0,9.0,12.0,5.0,2.0,20.0,83.0,11.0,1.0,5.0,612.0,18.0,8.0,9.0,19.0,2.0,10.0,15.0,76.0,2021-2022,D,2.0,1.8,0.8,7.4,1.8,9.2,3.0,2.6,0.0,5.6,3.4,9.0,1638.682496302432,1642.1253057544914,-3.442809452059464,1.0
33.0,Sat,2022-04-16,15:00,Southampton,0.8,1.7,Arsenal,31465.0,St. Mary's Stadium,Peter Bankes,312,1,0,6.0,6.0,10.0,369.0,14.0,17.0,18.0,35.0,2.0,15.0,13.0,69.0,6.0,8.0,31.0,830.0,12.0,5.0,19.0,20.0,0.0,2.0,26.0,43.0,2021-2022,H,0.2,0.6,3.0,7.8,3.8,8.0,1.2,0.8,1.4,4.2,4.0,11.6,1474.1682568309009,1544.0764184766522,-69.9081616457513,0.0
33.0,Sat,2022-04-16,15:00,Watford,1.7,1.9,Brentford,21045.0,Vicarage Road Stadium,Simon Hooper,311,1,2,11.0,6.0,22.0,577.0,13.0,17.0,26.0,21.0,0.0,5.0,24.0,79.0,9.0,5.0,17.0,563.0,22.0,6.0,18.0,15.0,0.0,9.0,36.0,82.0,2021-2022,A,0.6,0.8,2.6,2.4,7.4,8.6,2.4,2.4,0.8,4.6,6.8,8.6,1396.9888055782747,1463.3017796926238,-66.31297411434912,0.0
33.0,Sat,2022-04-16,15:00,Manchester Utd,1.9,1.5,Norwich City,73381.0,Old Trafford,Andy Madley,310,3,2,8.0,6.0,13.0,774.0,16.0,10.0,7.0,11.0,3.0,7.0,18.0,48.0,6.0,7.0,18.0,526.0,20.0,6.0,8.0,19.0,0.0,6.0,12.0,68.0,2021-2022,H,1.0,1.0,1.6,4.8,5.4,9.4,0.8,1.0,1.6,3.6,7.4,10.4,1533.3844893761445,1400.3414848157156,133.04300456042893,3.0
33.0,Sat,2022-04-16,12:30,Tottenham,0.5,0.6,Brighton,58685.0,Tottenham Hotspur Stadium,Craig Pawson,309,0,1,14.0,4.0,7.0,600.0,15.0,8.0,17.0,18.0,0.0,8.0,23.0,67.0,10.0,4.0,16.0,628.0,17.0,9.0,15.0,13.0,3.0,3.0,17.0,72.0,2021-2022,A,2.4,3.2,1.0,3.6,5.0,9.4,0.8,0.6,1.4,6.6,5.0,12.8,1561.576600530238,1471.9209458486225,89.65565468161549,3.0
33.0,Sun,2022-04-17,14:15,Newcastle Utd,1.8,0.6,Leicester City,52104.0,St. James' Park,Jarred Gillett,313,2,1,10.0,3.0,9.0,432.0,26.0,16.0,20.0,19.0,1.0,6.0,25.0,77.0,10.0,5.0,14.0,745.0,22.0,7.0,13.0,12.0,0.0,10.0,27.0,71.0,2021-2022,H,1.2,0.8,1.6,3.6,5.6,9.6,2.0,1.2,1.0,4.2,5.4,9.2,1483.5913340145257,1509.0771892724922,-25.485855257966477,0.0
33.0,Sun,2022-04-17,14:15,West Ham,2.2,1.8,Burnley,59958.0,London Stadium,Paul Tierney,314,1,1,9.0,13.0,37.0,668.0,6.0,6.0,15.0,22.0,1.0,2.0,27.0,74.0,11.0,4.0,20.0,473.0,11.0,7.0,15.0,29.0,1.0,11.0,12.0,79.0,2021-2022,D,1.2,1.0,1.6,4.4,4.8,7.6,0.6,0.6,2.4,6.2,4.8,10.8,1517.542590715974,1432.8790135208562,84.6635771951178,1.0
30.0,Tue,2022-04-19,20:00,Liverpool,2.0,0.1,Manchester Utd,52686.0,Anfield,Martin Atkinson,315,4,0,3.0,9.0,17.0,1048.0,15.0,10.0,11.0,7.0,3.0,4.0,21.0,76.0,6.0,2.0,6.0,478.0,22.0,16.0,9.0,15.0,2.0,5.0,12.0,52.0,2021-2022,H,2.6,1.8,0.4,5.0,4.2,10.2,1.4,1.6,2.0,5.2,6.2,10.6,1643.7389246524563,1538.3372669909934,105.40165766146288,3.0
18.0,Wed,2022-04-20,19:45,Everton,1.8,0.9,Leicester City,39153.0,Goodison Park,David Coote,316,1,1,8.0,5.0,16.0,509.0,14.0,13.0,21.0,13.0,0.0,5.0,23.0,76.0,17.0,4.0,13.0,762.0,11.0,4.0,18.0,18.0,1.0,11.0,23.0,64.0,2021-2022,D,1.2,1.0,1.2,5.0,5.4,11.6,1.4,1.2,1.4,4.2,4.0,9.4,1423.9011490472985,1500.0673313220595,-76.16618227476101,1.0
25.0,Wed,2022-04-20,19:45,Chelsea,0.7,2.0,Arsenal,32249.0,Stamford Bridge,Jonathan Moss,317,2,4,7.0,6.0,20.0,849.0,23.0,10.0,14.0,7.0,1.0,7.0,21.0,59.0,6.0,1.0,8.0,500.0,20.0,15.0,14.0,26.0,4.0,8.0,16.0,46.0,2021-2022,A,2.4,3.0,1.0,6.4,3.8,12.0,0.6,0.4,1.6,5.4,4.0,11.2,1593.016541076973,1533.7913159451027,59.225225131870275,3.0
30.0,Wed,2022-04-20,19:45,Newcastle Utd,0.9,0.5,Crystal Palace,51938.0,St. James' Park,Tony Harrington,318,1,0,12.0,2.0,6.0,504.0,18.0,14.0,21.0,23.0,2.0,6.0,26.0,65.0,12.0,5.0,21.0,749.0,20.0,7.0,20.0,14.0,3.0,4.0,20.0,77.0,2021-2022,H,1.2,0.8,1.6,3.2,4.2,10.2,1.6,1.4,0.6,3.6,4.4,8.4,1492.6011919649584,1490.9286627730175,1.6725291919408392,1.0
30.0,Wed,2022-04-20,20:00,Manchester City,1.3,0.2,Brighton,52226.0,Etihad Stadium,Mike Dean,319,3,0,12.0,7.0,15.0,812.0,16.0,11.0,14.0,16.0,1.0,3.0,16.0,69.0,7.0,4.0,11.0,488.0,20.0,5.0,11.0,16.0,2.0,9.0,14.0,63.0,2021-2022,H,2.2,1.8,0.6,6.2,2.0,10.0,1.4,0.6,1.0,6.0,5.0,12.8,1637.068877404467,1485.9803714313066,151.0885059731604,3.0
30.0,Thu,2022-04-21,19:45,Burnley,1.5,0.9,Southampton,17384.0,Turf Moor,Stuart Attwell,320,2,0,7.0,10.0,21.0,507.0,15.0,6.0,16.0,24.0,3.0,6.0,23.0,89.0,7.0,10.0,27.0,647.0,15.0,12.0,12.0,25.0,2.0,7.0,20.0,73.0,2021-2022,H,0.8,0.8,1.8,6.0,7.0,10.6,0.8,0.8,2.2,7.6,4.6,7.6,1436.8177373681553,1484.4533593624503,-47.63562199429498,1.0
34.0,Sat,2022-04-23,17:30,Brentford,0.9,0.6,Tottenham,17072.0,Brentford Community Stadium,Martin Atkinson,325,0,0,8.0,12.0,26.0,553.0,12.0,10.0,15.0,25.0,1.0,9.0,19.0,82.0,7.0,8.0,26.0,683.0,11.0,13.0,16.0,34.0,1.0,6.0,18.0,55.0,2021-2022,D,2.4,2.2,0.8,4.6,7.0,6.8,2.4,2.8,0.6,3.4,5.0,10.8,1473.1200976855605,1547.517174947554,-74.39707726199345,0.0
34.0,Sat,2022-04-23,15:00,Norwich City,0.6,1.9,Newcastle Utd,26910.0,Carrow Road,Chris Kavanagh,324,0,3,11.0,2.0,14.0,562.0,20.0,15.0,10.0,12.0,1.0,7.0,26.0,72.0,10.0,3.0,10.0,662.0,15.0,14.0,11.0,20.0,0.0,7.0,27.0,67.0,2021-2022,A,0.8,1.2,1.6,4.0,7.6,9.0,1.8,1.0,1.4,3.2,3.8,9.2,1395.3887072008667,1500.8445255250858,-105.45581832421908,1.0
34.0,Sat,2022-04-23,15:00,Leicester City,0.3,0.9,Aston Villa,32185.0,King Power Stadium,Andy Madley,322,0,0,15.0,7.0,26.0,670.0,13.0,6.0,10.0,13.0,0.0,5.0,28.0,48.0,16.0,6.0,15.0,429.0,15.0,8.0,10.0,24.0,1.0,4.0,23.0,64.0,2021-2022,D,1.6,1.4,1.2,3.8,4.6,10.8,0.6,1.0,1.8,7.2,4.0,9.4,1499.602366700674,1458.7026428607435,40.89972383993063,0.0
34.0,Sat,2022-04-23,12:30,Arsenal,2.3,1.8,Manchester Utd,60223.0,Emirates Stadium,Craig Pawson,321,3,1,9.0,1.0,11.0,633.0,10.0,7.0,5.0,17.0,2.0,8.0,13.0,53.0,12.0,7.0,16.0,545.0,13.0,9.0,15.0,17.0,2.0,7.0,19.0,41.0,2021-2022,H,1.2,1.2,1.6,5.4,4.0,10.6,1.4,1.4,2.0,5.0,6.2,9.0,1547.0942520515596,1532.7681276042163,14.326124447343318,0.0
34.0,Sat,2022-04-23,15:00,Manchester City,3.6,0.5,Watford,53013.0,Etihad Stadium,Kevin Friend,323,5,1,9.0,11.0,19.0,841.0,25.0,7.0,6.0,14.0,0.0,3.0,13.0,63.0,7.0,4.0,8.0,381.0,11.0,16.0,4.0,30.0,2.0,8.0,12.0,50.0,2021-2022,H,2.2,2.2,0.6,6.8,2.2,9.6,0.6,0.6,2.4,3.4,7.4,9.8,1641.644793999999,1387.170487585338,254.474306414661,3.0
34.0,Sun,2022-04-24,14:00,Brighton,1.7,0.9,Southampton,31335.0,The American Express Community Stadium,Robert Jones,326,2,2,12.0,6.0,20.0,535.0,17.0,6.0,23.0,32.0,2.0,9.0,20.0,81.0,7.0,6.0,26.0,557.0,13.0,17.0,21.0,23.0,3.0,4.0,33.0,73.0,2021-2022,D,1.4,0.6,1.2,5.4,5.4,11.8,0.8,0.6,2.2,7.2,5.6,7.8,1481.4044548357747,1474.8090846089835,6.595370226791147,1.0
34.0,Sun,2022-04-24,14:00,Burnley,1.4,0.6,Wolves,19246.0,Turf Moor,Anthony Taylor,327,1,0,8.0,3.0,12.0,490.0,20.0,15.0,11.0,18.0,5.0,6.0,15.0,58.0,7.0,6.0,16.0,756.0,28.0,9.0,12.0,16.0,2.0,5.0,25.0,64.0,2021-2022,H,1.4,1.2,1.4,6.2,8.6,10.0,1.8,1.8,1.0,3.0,4.4,12.6,1446.4620121216221,1510.5011894617683,-64.03917734014613,1.0
34.0,Sun,2022-04-24,14:00,Chelsea,3.0,0.5,West Ham,32231.0,Stamford Bridge,Michael Oliver,328,1,0,11.0,3.0,21.0,865.0,11.0,9.0,10.0,7.0,2.0,5.0,16.0,54.0,9.0,1.0,10.0,497.0,14.0,5.0,9.0,25.0,2.0,15.0,18.0,67.0,2021-2022,H,1.8,2.6,1.8,7.2,3.0,12.0,1.4,1.2,1.6,5.8,4.8,8.0,1579.7136049705161,1513.603866868675,66.10973810184123,0.0
34.0,Sun,2022-04-24,16:30,Liverpool,1.7,0.4,Everton,53213.0,Anfield,Stuart Attwell,329,2,0,8.0,13.0,36.0,970.0,15.0,4.0,13.0,6.0,1.0,9.0,29.0,83.0,8.0,1.0,4.0,356.0,20.0,14.0,11.0,37.0,0.0,9.0,16.0,61.0,2021-2022,H,2.6,2.4,0.4,6.0,3.4,9.4,1.4,1.2,1.2,5.0,5.8,10.6,1649.3080640392334,1424.366113668684,224.94195037054942,3.0
34.0,Mon,2022-04-25,20:00,Crystal Palace,1.9,0.5,Leeds United,25357.0,Selhurst Park,Darren England,330,0,0,12.0,6.0,20.0,616.0,13.0,12.0,26.0,9.0,1.0,9.0,31.0,85.0,13.0,3.0,10.0,570.0,29.0,12.0,19.0,25.0,1.0,8.0,25.0,79.0,2021-2022,D,1.4,1.2,0.6,3.6,4.0,9.8,2.0,1.8,1.4,5.0,3.8,15.0,1482.68532921289,1453.2931040502556,29.39222516263453,0.0
37.0,Thu,2022-04-28,19:45,Manchester Utd,0.5,1.9,Chelsea,73564.0,Old Trafford,Mike Dean,331,1,1,9.0,2.0,10.0,488.0,16.0,14.0,15.0,32.0,2.0,10.0,16.0,62.0,12.0,9.0,26.0,774.0,12.0,9.0,12.0,15.0,3.0,2.0,20.0,54.0,2021-2022,D,0.8,1.0,2.2,5.6,5.4,9.8,1.8,2.2,1.6,6.2,2.6,11.2,1524.875357227565,1586.2353045267714,-61.3599472992064,1.0
35.0,Sat,2022-04-30,17:30,Leeds United,1.3,2.4,Manchester City,35771.0,Elland Road,Paul Tierney,337,0,4,13.0,3.0,16.0,581.0,29.0,3.0,9.0,13.0,3.0,6.0,26.0,53.0,3.0,6.0,18.0,787.0,9.0,9.0,12.0,21.0,1.0,3.0,20.0,62.0,2021-2022,A,2.2,1.8,0.8,5.0,4.0,14.2,2.2,2.4,0.6,7.2,2.4,9.4,1455.8107085219222,1644.4569290121647,-188.6462204902425,0.0
35.0,Sat,2022-04-30,15:00,Aston Villa,1.8,0.5,Norwich City,40290.0,Villa Park,John Brooks,335,2,0,16.0,2.0,12.0,546.0,26.0,13.0,10.0,12.0,3.0,10.0,25.0,49.0,8.0,3.0,10.0,636.0,12.0,14.0,9.0,9.0,0.0,8.0,32.0,79.0,2021-2022,H,0.2,0.4,1.8,7.4,4.8,10.4,0.8,1.0,1.6,3.8,6.6,9.6,1461.5277894956787,1386.6896166758909,74.83817281978781,3.0
35.0,Sat,2022-04-30,15:00,Southampton,0.6,1.1,Crystal Palace,31359.0,St. Mary's Stadium,Jarred Gillett,336,1,2,13.0,6.0,15.0,483.0,23.0,13.0,31.0,25.0,0.0,6.0,16.0,67.0,11.0,7.0,21.0,708.0,9.0,8.0,22.0,30.0,4.0,7.0,24.0,78.0,2021-2022,A,1.0,0.8,2.2,6.2,6.2,7.6,1.0,0.8,0.6,3.4,3.2,10.6,1476.7027193166616,1480.1677247412235,-3.465005424561923,1.0
35.0,Sat,2022-04-30,15:00,Watford,1.0,1.6,Burnley,20738.0,Vicarage Road Stadium,Craig Pawson,333,1,2,13.0,5.0,26.0,529.0,16.0,8.0,30.0,28.0,1.0,8.0,29.0,86.0,9.0,6.0,20.0,568.0,16.0,8.0,23.0,23.0,0.0,11.0,27.0,89.0,2021-2022,A,0.6,0.8,2.6,3.8,8.6,9.2,2.0,1.4,1.0,6.6,8.2,9.4,1384.3583525731722,1456.57826375342,-72.21991118024789,1.0
35.0,Sat,2022-04-30,15:00,Wolves,0.7,2.6,Brighton,31243.0,Molineux Stadium,Simon Hooper,334,0,3,6.0,7.0,20.0,591.0,19.0,5.0,8.0,10.0,1.0,6.0,16.0,59.0,4.0,3.0,12.0,630.0,22.0,9.0,6.0,12.0,1.0,8.0,19.0,59.0,2021-2022,A,1.2,1.0,1.2,3.2,4.6,11.8,1.6,1.0,1.2,5.4,6.0,12.0,1500.3849378299703,1479.5108201280966,20.87411770187373,3.0
35.0,Sat,2022-04-30,12:30,Newcastle Utd,0.2,2.3,Liverpool,52281.0,St. James' Park,Andre Marriner,332,0,1,11.0,0.0,5.0,422.0,19.0,4.0,20.0,21.0,9.0,16.0,27.0,73.0,11.0,6.0,16.0,683.0,15.0,6.0,17.0,15.0,1.0,2.0,15.0,78.0,2021-2022,A,2.4,1.6,1.2,2.4,3.2,9.0,2.6,2.4,0.4,7.6,2.2,8.0,1509.5436160500617,1652.55666399661,-143.01304794654834,0.0
35.0,Sun,2022-05-01,14:00,Tottenham,1.2,0.5,Leicester City,59482.0,Tottenham Hotspur Stadium,Jonathan Moss,338,3,1,13.0,6.0,17.0,566.0,20.0,15.0,18.0,25.0,2.0,6.0,16.0,60.0,8.0,3.0,21.0,781.0,16.0,6.0,7.0,12.0,0.0,7.0,20.0,47.0,2021-2022,H,2.0,2.4,0.6,4.4,6.2,10.4,1.2,1.0,1.0,4.8,4.8,11.8,1547.1030307716157,1496.777220065739,50.32581070587685,3.0
35.0,Sun,2022-05-01,14:00,Everton,0.8,0.8,Chelsea,39256.0,Goodison Park,Kevin Friend,339,1,0,9.0,3.0,11.0,359.0,13.0,10.0,12.0,25.0,0.0,7.0,20.0,69.0,12.0,8.0,27.0,882.0,18.0,5.0,12.0,18.0,2.0,10.0,15.0,50.0,2021-2022,H,0.8,1.0,1.6,4.2,7.0,9.6,1.4,2.2,1.8,6.6,2.6,10.2,1421.1175137113073,1586.1961622969443,-165.07864858563698,1.0
35.0,Sun,2022-05-01,16:30,West Ham,0.5,0.9,Arsenal,59959.0,London Stadium,Mike Dean,340,1,2,7.0,3.0,22.0,717.0,11.0,8.0,14.0,9.0,1.0,6.0,23.0,67.0,9.0,7.0,13.0,594.0,16.0,10.0,18.0,27.0,0.0,6.0,11.0,54.0,2021-2022,A,0.8,0.8,1.6,5.0,4.0,8.0,1.2,1.6,1.8,4.6,4.2,9.6,1507.0821673124196,1554.9870224282108,-47.90485511579118,0.0
35.0,Mon,2022-05-02,20:00,Manchester Utd,2.0,0.6,Brentford,73482.0,Old Trafford,Chris Kavanagh,341,3,0,4.0,3.0,7.0,847.0,11.0,11.0,15.0,34.0,3.0,8.0,10.0,50.0,6.0,8.0,29.0,496.0,9.0,6.0,10.0,5.0,2.0,6.0,17.0,60.0,2021-2022,H,0.8,1.0,2.2,4.8,6.2,9.0,2.0,1.8,0.8,6.6,6.8,7.2,1524.9144994573921,1473.5342418614987,51.380257595893454,3.0
36.0,Sat,2022-05-07,17:30,Brighton,2.3,0.9,Manchester Utd,31637.0,The American Express Community Stadium,Andy Madley,346,4,0,13.0,7.0,20.0,525.0,11.0,10.0,9.0,20.0,3.0,6.0,17.0,60.0,9.0,6.0,22.0,665.0,13.0,11.0,13.0,31.0,3.0,7.0,13.0,52.0,2021-2022,H,2.0,1.6,1.2,3.8,7.0,10.4,1.4,1.6,2.0,4.0,6.8,7.8,1491.7974138876461,1531.8142035082535,-40.01678962060737,0.0
36.0,Sat,2022-05-07,15:00,Burnley,1.9,2.1,Aston Villa,20891.0,Turf Moor,David Coote,345,1,3,13.0,4.0,15.0,563.0,16.0,8.0,15.0,10.0,1.0,3.0,18.0,82.0,11.0,5.0,13.0,601.0,13.0,6.0,17.0,17.0,2.0,11.0,21.0,82.0,2021-2022,A,2.0,1.2,0.8,6.0,8.0,9.0,0.8,0.6,1.4,6.4,4.4,13.0,1466.2266913958933,1467.8306177108532,-1.6039263149598355,1.0
36.0,Sat,2022-05-07,19:45,Liverpool,1.3,0.9,Tottenham,53177.0,Anfield,Michael Oliver,347,1,1,12.0,11.0,46.0,804.0,19.0,4.0,15.0,14.0,0.0,4.0,19.0,76.0,8.0,5.0,17.0,539.0,20.0,13.0,12.0,53.0,0.0,13.0,20.0,68.0,2021-2022,D,2.6,2.2,0.4,7.6,2.0,8.4,2.0,2.4,0.6,4.6,6.2,11.6,1660.2118084743445,1554.0301928588951,106.18161561544935,1.0
36.0,Sat,2022-05-07,15:00,Brentford,2.6,1.4,Southampton,17051.0,Brentford Community Stadium,Michael Salisbury,343,3,0,12.0,4.0,14.0,480.0,10.0,15.0,15.0,26.0,0.0,10.0,16.0,82.0,9.0,7.0,30.0,628.0,17.0,8.0,14.0,17.0,2.0,9.0,13.0,56.0,2021-2022,H,2.0,1.6,1.0,7.2,7.0,6.4,0.8,0.8,2.4,6.0,6.8,8.8,1466.6345378106373,1465.0897226423565,1.5448151682808202,0.0
36.0,Sat,2022-05-07,15:00,Crystal Palace,2.2,0.4,Watford,24622.0,Selhurst Park,Graham Scott,342,1,0,11.0,8.0,24.0,673.0,11.0,3.0,14.0,12.0,2.0,3.0,25.0,81.0,18.0,5.0,16.0,391.0,16.0,11.0,17.0,24.0,0.0,8.0,16.0,72.0,2021-2022,H,1.4,1.2,0.8,4.4,3.2,11.6,0.0,0.6,2.8,4.2,7.6,9.4,1491.7807214155287,1374.709924930699,117.07079648482977,3.0
36.0,Sat,2022-05-07,15:00,Chelsea,1.7,2.0,Wolves,32190.0,Stamford Bridge,Peter Bankes,344,2,2,7.0,9.0,20.0,645.0,20.0,8.0,15.0,17.0,2.0,9.0,18.0,52.0,11.0,3.0,18.0,488.0,18.0,12.0,10.0,29.0,1.0,9.0,15.0,52.0,2021-2022,D,1.4,2.0,1.2,5.8,1.8,10.4,0.6,0.8,1.8,4.2,4.2,10.8,1573.2607166831554,1488.0983440704208,85.16237261273454,1.0
36.0,Sun,2022-05-08,14:00,Leicester City,1.5,1.1,Everton,32001.0,King Power Stadium,Craig Pawson,348,1,2,11.0,6.0,24.0,778.0,16.0,5.0,19.0,7.0,2.0,3.0,29.0,49.0,6.0,1.0,5.0,470.0,13.0,8.0,12.0,24.0,0.0,6.0,15.0,82.0,2021-2022,A,1.0,1.0,1.4,4.4,4.8,12.2,1.4,1.0,1.2,4.0,8.2,9.0,1489.8500579784595,1434.0529593250963,55.797098653363264,1.0
36.0,Sun,2022-05-08,14:00,Norwich City,0.8,3.0,West Ham,26428.0,Carrow Road,Robert Jones,349,0,4,7.0,9.0,18.0,498.0,12.0,9.0,7.0,20.0,2.0,5.0,8.0,47.0,7.0,5.0,18.0,798.0,12.0,8.0,8.0,14.0,3.0,4.0,15.0,59.0,2021-2022,A,0.8,0.8,1.6,4.0,5.8,9.6,0.8,0.8,1.4,5.0,4.4,8.0,1380.3867884607164,1496.7341816240225,-116.34739316330615,0.0
36.0,Sun,2022-05-08,14:00,Arsenal,2.0,0.3,Leeds United,60108.0,Emirates Stadium,Chris Kavanagh,350,2,1,13.0,8.0,26.0,773.0,16.0,5.0,7.0,10.0,1.0,1.0,30.0,55.0,15.0,2.0,8.0,482.0,24.0,2.0,8.0,25.0,0.0,13.0,10.0,61.0,2021-2022,H,1.8,2.0,1.4,5.6,4.8,8.4,1.6,1.4,1.4,4.4,4.8,13.2,1565.335008116608,1449.3530184523447,115.98198966426321,3.0
36.0,Sun,2022-05-08,16:30,Manchester City,3.1,0.8,Newcastle Utd,53336.0,Etihad Stadium,Stuart Attwell,351,5,0,6.0,8.0,19.0,836.0,8.0,5.0,21.0,12.0,1.0,5.0,12.0,57.0,11.0,2.0,11.0,400.0,19.0,7.0,12.0,21.0,4.0,15.0,9.0,63.0,2021-2022,H,2.6,3.2,0.6,7.2,2.6,7.8,2.4,1.4,0.4,1.8,4.0,9.8,1650.914619081742,1501.8884715723273,149.02614750941484,3.0
33.0,Tue,2022-05-10,20:00,Aston Villa,1.4,1.8,Liverpool,41919.0,Villa Park,Jonathan Moss,352,1,2,10.0,2.0,11.0,483.0,12.0,12.0,12.0,17.0,3.0,9.0,24.0,68.0,12.0,3.0,17.0,668.0,15.0,8.0,10.0,14.0,2.0,6.0,20.0,85.0,2021-2022,A,1.4,1.2,1.4,6.2,4.2,12.6,2.2,2.0,0.6,8.0,2.4,9.0,1479.4957413484478,1655.7629241294612,-176.2671827810134,0.0
33.0,Wed,2022-05-11,19:30,Leeds United,0.4,1.3,Chelsea,36549.0,Elland Road,Anthony Taylor,353,0,3,10.0,1.0,8.0,518.0,16.0,10.0,10.0,18.0,0.0,10.0,17.0,59.0,14.0,4.0,16.0,936.0,17.0,8.0,12.0,11.0,3.0,3.0,11.0,53.0,2021-2022,A,1.0,1.0,1.4,3.8,6.0,13.4,1.0,1.2,1.6,7.0,2.0,9.8,1444.025287293966,1569.3098704128147,-125.28458311884879,0.0
21.0,Wed,2022-05-11,19:45,Leicester City,2.0,1.1,Norwich City,38092.0,King Power Stadium,Simon Hooper,354,3,0,10.0,10.0,33.0,808.0,24.0,4.0,15.0,11.0,1.0,2.0,25.0,75.0,5.0,2.0,8.0,527.0,19.0,5.0,5.0,37.0,0.0,9.0,18.0,51.0,2021-2022,H,0.4,0.8,1.6,5.0,4.2,12.2,0.6,0.8,2.4,5.4,4.6,8.8,1476.6353116030089,1371.9945255593698,104.64078604363908,3.0
30.0,Wed,2022-05-11,19:45,Watford,0.3,0.7,Everton,20653.0,Vicarage Road Stadium,Mike Dean,355,0,0,5.0,1.0,10.0,629.0,15.0,12.0,21.0,21.0,1.0,4.0,12.0,73.0,12.0,13.0,29.0,641.0,25.0,11.0,25.0,11.0,1.0,9.0,17.0,90.0,2021-2022,D,0.0,0.6,2.6,4.6,7.4,11.4,2.0,1.0,0.8,3.0,7.6,7.0,1369.4066550567768,1447.267705700547,-77.86105064377011,3.0
33.0,Wed,2022-05-11,20:15,Wolves,0.5,2.3,Manchester City,32000.0,Molineux Stadium,Martin Atkinson,356,1,5,2.0,6.0,15.0,503.0,16.0,8.0,4.0,12.0,2.0,9.0,8.0,59.0,11.0,2.0,12.0,905.0,22.0,8.0,11.0,10.0,3.0,2.0,12.0,63.0,2021-2022,A,0.8,0.8,1.6,4.4,5.0,10.4,2.6,3.8,0.6,7.2,2.8,7.8,1492.0491903407615,1655.5325660033393,-163.48337566257783,0.0
22.0,Thu,2022-05-12,19:45,Tottenham,2.7,0.5,Arsenal,62027.0,Tottenham Hotspur Stadium,Paul Tierney,357,3,0,8.0,2.0,11.0,677.0,16.0,13.0,9.0,12.0,1.0,5.0,7.0,39.0,15.0,2.0,13.0,524.0,6.0,9.0,9.0,11.0,0.0,7.0,16.0,42.0,2021-2022,H,1.6,1.6,0.6,5.2,7.8,11.2,2.4,2.2,1.2,5.0,4.8,8.6,1558.4790772037784,1570.6627392749867,-12.183662071208346,0.0
37.0,Sun,2022-05-15,14:00,West Ham,1.1,2.4,Manchester City,59972.0,London Stadium,Anthony Taylor,363,2,2,9.0,4.0,13.0,347.0,11.0,13.0,18.0,40.0,1.0,17.0,9.0,66.0,5.0,9.0,39.0,846.0,10.0,5.0,19.0,13.0,0.0,5.0,15.0,56.0,2021-2022,D,0.8,1.2,1.2,5.6,5.4,7.6,3.0,4.4,0.4,6.8,3.8,8.2,1505.1264445253692,1662.6391358914823,-157.51269136611313,0.0
37.0,Sun,2022-05-15,16:30,Everton,2.1,1.4,Brentford,38819.0,Goodison Park,Michael Oliver,364,2,3,8.0,5.0,20.0,356.0,5.0,10.0,14.0,26.0,2.0,13.0,11.0,74.0,8.0,2.0,23.0,722.0,14.0,6.0,14.0,11.0,1.0,8.0,22.0,85.0,2021-2022,A,1.6,0.8,0.8,4.6,6.4,8.6,2.0,1.4,0.8,6.6,6.0,7.4,1446.7540757337915,1474.8814340718393,-28.12735833804777,0.0
37.0,Sun,2022-05-15,14:00,Wolves,0.9,1.1,Norwich City,31219.0,Molineux Stadium,Tony Harrington,361,1,1,5.0,5.0,27.0,758.0,8.0,8.0,14.0,10.0,0.0,10.0,19.0,49.0,10.0,3.0,7.0,470.0,24.0,9.0,10.0,23.0,0.0,15.0,18.0,62.0,2021-2022,D,0.2,0.6,2.4,4.8,3.6,7.8,0.0,0.4,3.0,4.6,5.2,7.4,1484.9426204526185,1366.4077689139751,118.53485153864335,1.0
37.0,Sun,2022-05-15,14:00,Aston Villa,1.0,1.4,Crystal Palace,41136.0,Villa Park,Chris Kavanagh,362,1,1,11.0,1.0,11.0,618.0,20.0,12.0,9.0,18.0,1.0,7.0,22.0,49.0,15.0,5.0,21.0,642.0,12.0,13.0,18.0,15.0,0.0,6.0,22.0,65.0,2021-2022,D,1.4,1.2,1.4,4.8,4.0,13.0,1.4,0.8,0.8,6.0,3.8,11.6,1472.7226142689142,1497.0839912894508,-24.361377020536565,3.0
37.0,Sun,2022-05-15,14:00,Watford,1.4,2.5,Leicester City,20257.0,Vicarage Road Stadium,Jarred Gillett,360,1,5,4.0,7.0,24.0,492.0,19.0,16.0,13.0,10.0,3.0,11.0,19.0,73.0,6.0,3.0,21.0,687.0,26.0,7.0,19.0,20.0,2.0,7.0,23.0,69.0,2021-2022,A,0.2,0.6,2.0,4.2,8.6,10.8,1.0,1.2,1.2,6.0,4.0,12.2,1369.9202850235322,1482.2220682484035,-112.30178322487131,0.0
37.0,Sun,2022-05-15,14:00,Leeds United,1.6,2.2,Brighton,36638.0,Elland Road,Mike Dean,359,1,1,16.0,8.0,23.0,549.0,13.0,11.0,13.0,7.0,1.0,10.0,24.0,83.0,8.0,1.0,9.0,574.0,13.0,9.0,22.0,26.0,1.0,10.0,21.0,85.0,2021-2022,D,0.8,0.8,1.8,3.2,5.4,12.6,2.0,2.0,1.0,4.8,6.0,9.2,1435.8825215353663,1501.2228842574768,-65.34036272211051,1.0
37.0,Sun,2022-05-15,12:00,Tottenham,2.2,0.7,Burnley,61729.0,Tottenham Hotspur Stadium,Kevin Friend,358,1,0,12.0,8.0,34.0,791.0,9.0,4.0,24.0,17.0,1.0,6.0,20.0,68.0,8.0,2.0,13.0,443.0,17.0,8.0,21.0,32.0,2.0,9.0,15.0,81.0,2021-2022,H,1.6,1.4,0.6,5.0,6.4,10.0,2.0,1.4,1.0,5.4,7.8,9.6,1567.1114363343208,1454.5615677582987,112.54986857602216,0.0
37.0,Mon,2022-05-16,20:00,Newcastle Utd,1.6,0.6,Arsenal,52274.0,St. James' Park,Darren England,365,2,0,11.0,12.0,31.0,485.0,18.0,8.0,18.0,20.0,6.0,4.0,21.0,67.0,8.0,8.0,15.0,464.0,15.0,4.0,9.0,29.0,1.0,9.0,13.0,57.0,2021-2022,H,1.8,1.2,1.4,2.0,5.2,10.8,2.4,2.2,1.6,3.8,4.0,10.4,1497.27052465073,1562.0303801444443,-64.75985549371421,0.0
37.0,Tue,2022-05-17,19:45,Southampton,0.1,1.3,Liverpool,31588.0,St. Mary's Stadium,Martin Atkinson,366,1,2,6.0,1.0,10.0,477.0,15.0,8.0,15.0,42.0,0.0,14.0,17.0,70.0,6.0,9.0,35.0,906.0,18.0,9.0,13.0,14.0,2.0,1.0,25.0,56.0,2021-2022,A,0.8,0.8,1.8,7.0,7.0,8.4,2.6,2.0,0.4,8.4,2.0,9.2,1456.8428263811545,1662.5360512089949,-205.69322482784037,0.0
33.0,Thu,2022-05-19,19:45,Everton,0.8,1.1,Crystal Palace,38448.0,Goodison Park,Anthony Taylor,367,3,2,9.0,4.0,25.0,525.0,25.0,7.0,32.0,21.0,0.0,4.0,22.0,80.0,12.0,5.0,18.0,636.0,20.0,4.0,23.0,36.0,3.0,13.0,24.0,86.0,2021-2022,H,1.4,1.0,1.2,4.6,6.0,8.6,1.6,0.8,0.6,6.2,3.4,12.2,1435.8392721470502,1498.106170744536,-62.266898597485806,0.0
18.0,Thu,2022-05-19,20:00,Aston Villa,1.5,1.6,Burnley,40468.0,Villa Park,Paul Tierney,368,1,1,11.0,13.0,35.0,754.0,16.0,3.0,13.0,21.0,1.0,2.0,17.0,47.0,20.0,6.0,14.0,361.0,11.0,2.0,15.0,34.0,0.0,14.0,12.0,74.0,2021-2022,D,1.6,1.4,0.8,3.2,4.4,12.8,1.8,1.2,1.0,5.0,6.8,9.0,1471.700434813829,1449.1562614178374,22.544173395991493,3.0
27.0,Thu,2022-05-19,20:00,Chelsea,1.6,0.1,Leicester City,31478.0,Stamford Bridge,Stuart Attwell,369,1,1,13.0,6.0,26.0,902.0,10.0,11.0,11.0,6.0,1.0,2.0,21.0,56.0,7.0,0.0,4.0,507.0,18.0,12.0,8.0,31.0,1.0,9.0,11.0,49.0,2021-2022,D,1.6,1.4,0.8,6.6,2.0,11.2,1.4,2.0,1.2,5.8,4.4,10.0,1577.4526361714143,1490.727970956116,86.72466521529827,3.0
38.0,Sun,2022-05-22,16:00,Chelsea,2.2,0.6,Watford,32089.0,Stamford Bridge,Mike Dean,379,2,1,9.0,3.0,13.0,898.0,32.0,9.0,15.0,11.0,0.0,3.0,20.0,61.0,9.0,3.0,11.0,421.0,25.0,14.0,9.0,17.0,2.0,7.0,11.0,55.0,2021-2022,H,1.2,1.4,1.0,7.2,1.8,11.6,0.2,0.6,2.6,4.4,8.2,9.4,1573.4639099448766,1361.4143823158197,212.0495276290569,3.0
38.0,Sun,2022-05-22,16:00,Burnley,1.6,1.8,Newcastle Utd,21361.0,Turf Moor,Craig Pawson,378,1,2,8.0,8.0,23.0,517.0,11.0,4.0,19.0,12.0,5.0,8.0,35.0,83.0,9.0,2.0,9.0,492.0,22.0,8.0,19.0,28.0,0.0,8.0,22.0,76.0,2021-2022,A,1.4,1.0,1.2,4.2,7.4,11.6,1.8,1.2,1.2,3.8,5.8,11.0,1451.4883596346483,1507.4075157340696,-55.91915609942134,0.0
38.0,Sun,2022-05-22,16:00,Liverpool,2.7,1.3,Wolves,53097.0,Anfield,Anthony Taylor,377,3,1,6.0,5.0,24.0,835.0,21.0,6.0,7.0,8.0,3.0,4.0,25.0,63.0,3.0,3.0,9.0,570.0,18.0,15.0,4.0,31.0,1.0,9.0,15.0,89.0,2021-2022,H,2.6,1.6,0.6,8.4,1.8,9.8,0.4,0.8,2.4,5.4,4.0,6.2,1668.5723185244349,1480.2131120354773,188.35920648895762,3.0
38.0,Sun,2022-05-22,16:00,Manchester City,3.4,0.2,Aston Villa,53395.0,Etihad Stadium,Michael Oliver,376,3,2,5.0,13.0,35.0,762.0,11.0,5.0,23.0,9.0,1.0,3.0,30.0,69.0,11.0,1.0,5.0,388.0,17.0,11.0,18.0,31.0,2.0,20.0,14.0,75.0,2021-2022,H,2.6,4.2,0.8,7.2,3.8,6.8,1.6,1.6,1.0,4.6,4.2,11.8,1659.903939924705,1469.368336597018,190.53560332768689,3.0
38.0,Sun,2022-05-22,16:00,Norwich City,0.5,3.4,Tottenham,27022.0,Carrow Road,Chris Kavanagh,375,0,5,13.0,3.0,14.0,513.0,14.0,11.0,6.0,7.0,0.0,4.0,17.0,80.0,7.0,2.0,6.0,735.0,8.0,9.0,10.0,13.0,4.0,8.0,16.0,46.0,2021-2022,A,0.2,0.2,2.6,3.8,5.0,8.2,2.2,1.6,0.4,5.8,6.0,9.6,1371.1372773311164,1572.516742674782,-201.37946534366574,0.0
38.0,Sun,2022-05-22,16:00,Brighton,1.6,0.2,West Ham,31604.0,The American Express Community Stadium,Kevin Friend,374,3,1,9.0,5.0,19.0,626.0,12.0,6.0,20.0,26.0,0.0,5.0,13.0,60.0,9.0,6.0,29.0,624.0,14.0,6.0,13.0,20.0,0.0,7.0,20.0,95.0,2021-2022,H,1.6,2.0,1.2,4.2,6.8,8.8,1.0,1.6,1.2,5.2,6.4,8.2,1501.0691883664867,1507.8616404921465,-6.792452125659793,1.0
38.0,Sun,2022-05-22,16:00,Arsenal,4.2,1.1,Everton,60201.0,Emirates Stadium,Andre Marriner,373,5,1,8.0,12.0,25.0,789.0,12.0,5.0,8.0,12.0,2.0,5.0,12.0,39.0,9.0,2.0,6.0,358.0,21.0,1.0,15.0,30.0,0.0,8.0,13.0,59.0,2021-2022,H,1.8,1.4,1.6,5.2,5.2,10.8,2.0,1.6,1.2,5.2,4.4,8.8,1551.8933890611047,1445.9045178076651,105.98887125343958,0.0
38.0,Sun,2022-05-22,16:00,Crystal Palace,0.6,0.7,Manchester Utd,25434.0,Selhurst Park,Martin Atkinson,372,1,0,12.0,3.0,11.0,479.0,8.0,9.0,8.0,21.0,2.0,6.0,21.0,62.0,22.0,6.0,21.0,679.0,17.0,12.0,10.0,10.0,4.0,4.0,27.0,66.0,2021-2022,H,1.6,1.2,1.0,6.2,3.8,12.2,0.8,1.0,2.4,4.0,6.8,8.0,1488.0409250839211,1522.3887331384228,-34.347808054501684,0.0
38.0,Sun,2022-05-22,16:00,Leicester City,3.4,1.1,Southampton,32003.0,King Power Stadium,Jonathan Moss,371,4,1,10.0,3.0,9.0,588.0,20.0,7.0,8.0,16.0,1.0,7.0,19.0,52.0,5.0,3.0,14.0,566.0,17.0,11.0,10.0,9.0,3.0,4.0,21.0,72.0,2021-2022,H,1.4,2.2,1.4,4.4,4.4,8.4,0.2,0.8,2.2,6.0,7.2,8.4,1494.7166971826537,1450.8065590657145,43.91013811693915,1.0
38.0,Sun,2022-05-22,16:00,Brentford,0.8,1.3,Leeds United,16957.0,Brentford Community Stadium,Paul Tierney,370,1,2,11.0,3.0,13.0,562.0,12.0,15.0,28.0,24.0,0.0,9.0,19.0,61.0,13.0,2.0,14.0,565.0,10.0,14.0,16.0,8.0,2.0,11.0,20.0,83.0,2021-2022,A,2.0,1.6,1.2,6.2,5.8,8.6,0.4,0.4,2.0,3.4,5.0,13.4,1485.7962376585806,1436.0362174263564,49.76002023222418,1.0
1.0,Fri,2022-08-05,20:00,Crystal Palace,1.2,1.0,Arsenal,25286.0,Selhurst Park,Anthony Taylor,0,0,2,16.0,3.0,19.0,726.0,18.0,8.0,10.0,18.0,1.0,4.0,25.0,83.0,11.0,5.0,11.0,599.0,29.0,9.0,14.0,24.0,2.0,2.0,14.0,59.0,2022-2023,A,,,,,,,,,,,,,1497.3039343495157,1557.4489554245206,-60.145021075004934,2.0
1.0,Sat,2022-08-06,12:30,Fulham,1.2,1.2,Liverpool,22207.0,Craven Cottage,Andy Madley,1,2,2,7.0,4.0,19.0,474.0,24.0,10.0,23.0,31.0,4.0,8.0,22.0,77.0,9.0,4.0,18.0,784.0,11.0,10.0,13.0,16.0,4.0,5.0,35.0,94.0,2022-2023,D,,,,,,,,,,,,,1500.0,1672.4353190600732,-172.4353190600732,1.0
1.0,Sat,2022-08-06,15:00,Tottenham,1.5,0.5,Southampton,61732.0,Tottenham Hotspur Stadium,Andre Marriner,2,4,1,11.0,10.0,24.0,709.0,24.0,3.0,13.0,20.0,2.0,5.0,20.0,85.0,6.0,2.0,18.0,554.0,14.0,13.0,11.0,21.0,0.0,4.0,14.0,61.0,2022-2023,H,,,,,,,,,,,,,1578.6581751276137,1443.7112400413369,134.94693508627688,0.5
1.0,Sat,2022-08-06,15:00,Newcastle Utd,1.7,0.3,Nott'ham Forest,52245.0,St James' Park,Simon Hooper,3,2,0,9.0,11.0,25.0,634.0,19.0,11.0,12.0,14.0,2.0,2.0,21.0,64.0,14.0,1.0,9.0,475.0,15.0,10.0,16.0,37.0,0.0,12.0,26.0,70.0,2022-2023,H,,,,,,,,,,,,,1517.5249664621283,1500.0,17.524966462128305,1.0
1.0,Sat,2022-08-06,15:00,Leeds United,0.8,1.3,Wolves,36347.0,Elland Road,Robert Jones,4,2,1,13.0,6.0,20.0,515.0,21.0,14.0,9.0,23.0,0.0,9.0,16.0,60.0,9.0,4.0,20.0,720.0,16.0,14.0,7.0,17.0,1.0,9.0,23.0,72.0,2022-2023,H,,,,,,,,,,,,,1449.0943008711768,1476.350111499839,-27.255810628662175,2.0
1.0,Sat,2022-08-06,17:30,Everton,0.7,1.5,Chelsea,39254.0,Goodison Park,Craig Pawson,6,0,1,14.0,4.0,15.0,495.0,24.0,8.0,12.0,26.0,0.0,5.0,22.0,71.0,11.0,16.0,25.0,730.0,19.0,9.0,22.0,16.0,2.0,7.0,17.0,46.0,2022-2023,A,,,,,,,,,,,,,1440.3489514442492,1576.9195345435353,-136.57058309928607,2.0
1.0,Sat,2022-08-06,15:00,Bournemouth,0.6,0.7,Aston Villa,11013.0,Vitality Stadium,Peter Bankes,5,2,0,18.0,5.0,11.0,462.0,20.0,13.0,16.0,40.0,1.0,12.0,14.0,68.0,16.0,5.0,31.0,721.0,10.0,8.0,16.0,9.0,4.0,3.0,19.0,70.0,2022-2023,H,,,,,,,,,,,,,1500.0,1465.5442351400404,34.45576485995957,1.0
1.0,Sun,2022-08-07,16:30,West Ham,0.5,2.2,Manchester City,62443.0,London Stadium,Michael Oliver,9,0,2,8.0,1.0,12.0,377.0,14.0,11.0,10.0,16.0,4.0,9.0,11.0,66.0,4.0,4.0,18.0,936.0,6.0,3.0,11.0,11.0,1.0,5.0,12.0,64.0,2022-2023,A,,,,,,,,,,,,,1499.3812158373469,1663.7280413816825,-164.34682554433562,0.5
1.0,Sun,2022-08-07,14:00,Leicester City,0.6,0.8,Brentford,31794.0,King Power Stadium,Jarred Gillett,7,2,2,6.0,5.0,10.0,725.0,13.0,10.0,14.0,13.0,2.0,3.0,20.0,42.0,5.0,6.0,16.0,580.0,10.0,8.0,15.0,16.0,2.0,7.0,12.0,70.0,2022-2023,D,,,,,,,,,,,,,1501.8120162070313,1472.7381542137603,29.073861993271066,3.0
1.0,Sun,2022-08-07,14:00,Manchester Utd,1.4,1.5,Brighton,73711.0,Old Trafford,Paul Tierney,8,1,2,7.0,6.0,24.0,708.0,12.0,15.0,11.0,11.0,3.0,3.0,22.0,74.0,12.0,2.0,12.0,483.0,14.0,12.0,9.0,24.0,1.0,11.0,22.0,78.0,2022-2023,A,,,,,,,,,,,,,1513.1257238728285,1509.5496130212864,3.5761108515421256,1.5
2.0,Sat,2022-08-13,12:30,Aston Villa,2.3,1.6,Everton,41883.0,Villa Park,Michael Oliver,10,2,1,9.0,5.0,14.0,669.0,15.0,14.0,14.0,16.0,2.0,1.0,20.0,55.0,7.0,8.0,13.0,529.0,16.0,8.0,12.0,18.0,3.0,6.0,18.0,77.0,2022-2023,H,0.0,0.0,2.0,5.0,5.0,16.0,0.0,0.0,1.0,4.0,16.0,14.0,1458.197833875503,1432.5178284624242,25.68000541307879,3.0
2.0,Sat,2022-08-13,15:00,Manchester City,1.7,0.1,Bournemouth,53453.0,Etihad Stadium,David Coote,11,4,0,9.0,11.0,27.0,814.0,8.0,5.0,9.0,4.0,2.0,1.0,11.0,54.0,9.0,1.0,6.0,442.0,10.0,6.0,8.0,21.0,1.0,15.0,9.0,58.0,2022-2023,H,3.0,2.0,0.0,4.0,1.0,4.0,3.0,2.0,0.0,5.0,5.0,18.0,1670.81185619514,1507.3464012645375,163.46545493060262,1.0
2.0,Sat,2022-08-13,15:00,Southampton,1.2,1.8,Leeds United,30815.0,St. Mary's Stadium,Tony Harrington,12,2,2,10.0,2.0,15.0,496.0,17.0,14.0,17.0,17.0,1.0,6.0,25.0,72.0,12.0,5.0,11.0,623.0,27.0,10.0,23.0,21.0,1.0,9.0,28.0,72.0,2022-2023,D,0.0,1.0,4.0,2.0,10.0,6.0,3.0,2.0,1.0,6.0,4.0,13.0,1438.7991890207622,1458.1546278131734,-19.355438792411178,2.0
2.0,Sat,2022-08-13,15:00,Wolves,0.9,1.5,Fulham,31178.0,Molineux Stadium,John Brooks,13,0,0,7.0,5.0,19.0,659.0,18.0,8.0,14.0,17.0,1.0,6.0,22.0,76.0,14.0,3.0,22.0,495.0,19.0,9.0,13.0,24.0,0.0,7.0,24.0,60.0,2022-2023,D,0.0,1.0,2.0,4.0,6.0,9.0,1.0,2.0,2.0,4.0,4.0,7.0,1467.2897845578423,1503.1277183209943,-35.83793376315202,1.0
2.0,Sat,2022-08-13,15:00,Arsenal,2.7,0.5,Leicester City,60033.0,Emirates Stadium,Darren England,14,4,2,15.0,6.0,17.0,590.0,8.0,8.0,19.0,12.0,2.0,3.0,15.0,50.0,9.0,2.0,9.0,586.0,12.0,8.0,14.0,19.0,3.0,12.0,16.0,66.0,2022-2023,H,3.0,2.0,0.0,5.0,3.0,11.0,1.0,2.0,2.0,5.0,6.0,6.0,1567.4447813826946,1499.302996146056,68.1417852366385,3.0
2.0,Sat,2022-08-13,15:00,Brighton,1.5,0.2,Newcastle Utd,31552.0,The American Express Community Stadium,Graham Scott,15,0,0,8.0,7.0,19.0,521.0,18.0,8.0,18.0,19.0,1.0,4.0,23.0,71.0,6.0,3.0,10.0,475.0,12.0,14.0,16.0,34.0,4.0,9.0,22.0,74.0,2022-2023,D,3.0,2.0,1.0,2.0,6.0,12.0,3.0,2.0,0.0,11.0,1.0,9.0,1521.359326622455,1525.3299279012037,-3.9706012787487452,0.5
2.0,Sat,2022-08-13,17:30,Brentford,1.6,0.9,Manchester Utd,17051.0,Brentford Community Stadium,Stuart Attwell,16,4,0,6.0,8.0,17.0,384.0,6.0,8.0,10.0,16.0,1.0,12.0,16.0,66.0,15.0,2.0,21.0,673.0,12.0,12.0,14.0,23.0,2.0,3.0,23.0,57.0,2022-2023,H,1.0,2.0,2.0,6.0,5.0,5.0,0.0,1.0,2.0,6.0,2.0,7.0,1475.2471742747355,1501.31601027166,-26.068835996924463,0.0
2.0,Sun,2022-08-14,14:00,Nott'ham Forest,1.3,2.1,West Ham,29281.0,The City Ground,Robert Jones,17,1,0,10.0,6.0,20.0,464.0,16.0,5.0,18.0,31.0,3.0,10.0,17.0,70.0,11.0,7.0,26.0,545.0,16.0,7.0,20.0,22.0,2.0,3.0,26.0,80.0,2022-2023,H,0.0,0.0,2.0,1.0,11.0,14.0,0.0,0.0,2.0,1.0,4.0,8.0,1492.1950385609246,1492.2974010238893,-0.10236246296472018,1.0
2.0,Sun,2022-08-14,16:30,Chelsea,1.6,1.0,Tottenham,39946.0,Stamford Bridge,Anthony Taylor,18,2,2,9.0,8.0,23.0,760.0,28.0,4.0,14.0,8.0,2.0,5.0,26.0,58.0,9.0,5.0,12.0,520.0,25.0,15.0,16.0,34.0,1.0,11.0,19.0,44.0,2022-2023,D,3.0,1.0,0.0,16.0,4.0,11.0,3.0,4.0,1.0,10.0,2.0,11.0,1584.7506575253603,1583.5702261481883,1.180431377171999,3.0
2.0,Mon,2022-08-15,20:00,Liverpool,2.0,1.0,Crystal Palace,52970.0,Anfield,Paul Tierney,19,1,1,7.0,4.0,29.0,911.0,20.0,13.0,9.0,9.0,3.0,5.0,27.0,98.0,8.0,2.0,9.0,450.0,23.0,18.0,16.0,37.0,2.0,16.0,17.0,69.0,2022-2023,D,1.0,2.0,2.0,4.0,4.0,9.0,0.0,0.0,2.0,3.0,5.0,16.0,1669.307600739079,1487.3081083913416,181.99949234773726,3.0
3.0,Sat,2022-08-20,12:30,Tottenham,1.7,0.7,Wolves,61298.0,Tottenham Hotspur Stadium,Simon Hooper,20,1,0,10.0,8.0,22.0,632.0,18.0,4.0,5.0,17.0,2.0,8.0,14.0,67.0,8.0,6.0,19.0,626.0,18.0,6.0,9.0,19.0,0.0,10.0,15.0,78.0,2022-2023,H,2.0,3.0,1.5,7.5,5.0,10.0,0.5,0.5,1.0,4.5,4.5,8.0,1585.3131625422025,1466.5954633594188,118.71769918278369,1.5
3.0,Sat,2022-08-20,15:00,Leicester City,0.3,0.9,Southampton,30850.0,King Power Stadium,Michael Salisbury,21,1,2,11.0,2.0,14.0,718.0,15.0,6.0,17.0,23.0,0.0,5.0,33.0,68.0,15.0,5.0,18.0,491.0,19.0,10.0,20.0,21.0,1.0,6.0,20.0,82.0,2022-2023,A,0.5,2.0,3.0,3.5,6.0,7.5,0.5,1.5,3.0,2.0,7.5,8.0,1492.8326025531564,1437.634652040893,55.19795051226356,2.0
3.0,Sat,2022-08-20,15:00,Everton,1.5,1.0,Nott'ham Forest,39271.0,Goodison Park,Andre Marriner,22,1,1,6.0,6.0,18.0,576.0,13.0,11.0,10.0,16.0,4.0,9.0,22.0,84.0,9.0,2.0,15.0,589.0,22.0,2.0,15.0,21.0,1.0,12.0,19.0,79.0,2022-2023,D,0.0,0.5,1.5,6.0,10.5,10.5,1.5,0.5,1.0,3.5,9.0,12.0,1424.9350928394858,1500.487925212014,-75.5528323725282,1.0
3.0,Sat,2022-08-20,15:00,Crystal Palace,2.6,0.9,Aston Villa,22012.0,Selhurst Park,Andy Madley,23,3,1,16.0,4.0,10.0,588.0,14.0,3.0,9.0,13.0,1.0,6.0,24.0,59.0,14.0,2.0,17.0,576.0,26.0,7.0,13.0,9.0,1.0,11.0,17.0,77.0,2022-2023,H,0.5,0.5,1.5,2.5,4.5,12.0,1.5,1.0,1.5,5.0,6.5,12.5,1493.329717874586,1465.7805694984413,27.549148376144785,0.5
3.0,Sat,2022-08-20,15:00,Fulham,2.4,1.8,Brentford,21798.0,Craven Cottage,Peter Bankes,24,3,2,13.0,6.0,21.0,468.0,12.0,11.0,20.0,21.0,5.0,8.0,21.0,73.0,7.0,3.0,11.0,561.0,12.0,6.0,23.0,9.0,7.0,6.0,30.0,96.0,2022-2023,H,1.0,1.0,1.0,3.5,4.5,10.5,2.0,3.0,1.0,7.0,3.5,5.5,1503.8220395194178,1484.273650001543,19.54838951787474,1.0
3.0,Sat,2022-08-20,17:30,Bournemouth,0.3,1.3,Arsenal,10423.0,Vitality Stadium,Craig Pawson,25,0,3,12.0,3.0,13.0,546.0,22.0,7.0,12.0,13.0,1.0,7.0,27.0,51.0,10.0,4.0,16.0,738.0,14.0,10.0,14.0,20.0,3.0,4.0,13.0,48.0,2022-2023,A,1.5,1.0,2.0,3.0,8.0,13.5,3.0,3.0,1.0,5.5,2.5,13.0,1503.0170459813223,1573.9151749755943,-70.89812899427193,1.0
3.0,Sun,2022-08-21,14:00,West Ham,0.8,1.7,Brighton,62449.0,London Stadium,Anthony Taylor,27,0,2,10.0,5.0,25.0,607.0,8.0,13.0,20.0,13.0,3.0,7.0,23.0,80.0,7.0,4.0,16.0,628.0,17.0,6.0,9.0,19.0,1.0,4.0,15.0,69.0,2022-2023,A,0.0,0.0,1.5,4.0,5.0,9.5,2.0,1.0,0.5,4.5,4.5,10.0,1484.0045143727998,1519.7605068707603,-35.755992497960506,0.5
3.0,Sun,2022-08-21,16:30,Newcastle Utd,1.8,2.1,Manchester City,52258.0,St James' Park,Jarred Gillett,28,3,3,14.0,5.0,12.0,415.0,13.0,13.0,12.0,22.0,2.0,4.0,9.0,66.0,7.0,5.0,20.0,756.0,9.0,5.0,15.0,13.0,1.0,4.0,18.0,67.0,2022-2023,D,2.0,1.0,0.0,7.0,4.0,7.5,3.0,3.0,0.0,7.5,1.0,6.5,1526.9287476528984,1675.1412114783552,-148.21246382545678,0.0
3.0,Sun,2022-08-21,14:00,Leeds United,2.1,0.9,Chelsea,36372.0,Elland Road,Stuart Attwell,26,3,0,16.0,4.0,12.0,477.0,26.0,16.0,9.0,17.0,1.0,6.0,19.0,51.0,15.0,6.0,20.0,672.0,22.0,17.0,21.0,13.0,7.0,7.0,29.0,80.0,2022-2023,H,2.0,2.0,1.5,5.5,3.0,12.5,2.0,1.5,1.0,12.0,4.5,10.0,1459.3191647930428,1583.0077211313462,-123.68855633830344,0.0
3.0,Mon,2022-08-22,20:00,Manchester Utd,1.8,1.3,Liverpool,74147.0,Old Trafford,Michael Oliver,29,2,1,11.0,6.0,7.0,443.0,24.0,12.0,14.0,34.0,2.0,16.0,15.0,66.0,7.0,8.0,23.0,795.0,13.0,6.0,20.0,8.0,2.0,4.0,28.0,78.0,2022-2023,H,0.0,0.5,3.0,4.0,5.0,11.0,1.0,1.5,1.5,4.0,3.0,8.0,1492.2895345448524,1663.2859912558345,-170.9964567109821,0.0
4.0,Sat,2022-08-27,15:00,Brentford,2.1,1.1,Everton,17009.0,Brentford Community Stadium,John Brooks,34,1,1,8.0,8.0,30.0,676.0,14.0,8.0,21.0,13.0,0.0,7.0,25.0,65.0,8.0,5.0,13.0,557.0,22.0,10.0,17.0,35.0,2.0,12.0,12.0,78.0,2022-2023,D,1.3333333333333333,2.6666666666666665,1.6666666666666667,5.666666666666667,4.333333333333333,6.0,0.3333333333333333,0.6666666666666666,1.3333333333333333,6.0,7.666666666666667,9.0,1476.5240499032848,1425.3824405696037,51.14160933368112,3.0
4.0,Sat,2022-08-27,15:00,Liverpool,3.3,0.3,Bournemouth,53328.0,Anfield,Stuart Attwell,35,9,0,6.0,8.0,20.0,821.0,12.0,9.0,18.0,3.0,3.0,3.0,19.0,77.0,5.0,1.0,5.0,429.0,20.0,11.0,14.0,18.0,0.0,11.0,20.0,67.0,2022-2023,H,0.6666666666666666,1.3333333333333333,1.6666666666666667,5.333333333333333,4.0,7.666666666666667,1.0,0.6666666666666666,2.3333333333333335,3.0,6.666666666666667,13.0,1650.1956836124716,1493.3306165134065,156.86506709906507,1.0
4.0,Sat,2022-08-27,15:00,Chelsea,1.8,2.5,Leicester City,39953.0,Stamford Bridge,Paul Tierney,33,2,1,10.0,3.0,12.0,595.0,18.0,6.0,17.0,28.0,3.0,11.0,18.0,64.0,7.0,11.0,34.0,689.0,17.0,7.0,17.0,16.0,1.0,2.0,17.0,50.0,2022-2023,H,1.3333333333333333,1.0,1.6666666666666667,10.0,4.333333333333333,11.666666666666666,0.3333333333333333,1.6666666666666667,2.6666666666666665,3.0,5.666666666666667,8.666666666666666,1571.1948772678584,1479.6333274217102,91.56154984614818,2.0
4.0,Sat,2022-08-27,17:30,Arsenal,2.6,0.8,Fulham,60164.0,Emirates Stadium,Jarred Gillett,36,2,1,6.0,9.0,19.0,745.0,15.0,7.0,11.0,5.0,1.0,8.0,17.0,73.0,12.0,2.0,11.0,388.0,24.0,14.0,22.0,29.0,0.0,10.0,18.0,55.0,2022-2023,H,3.0,3.0,0.6666666666666666,5.0,2.6666666666666665,12.0,1.6666666666666667,1.6666666666666667,1.3333333333333333,4.333333333333333,4.0,11.333333333333334,1583.60160444351,1511.571639617676,72.02996482583399,1.0
4.0,Sat,2022-08-27,15:00,Manchester City,2.2,0.1,Crystal Palace,53112.0,Etihad Stadium,Darren England,31,4,2,14.0,6.0,29.0,894.0,12.0,5.0,14.0,3.0,2.0,2.0,18.0,56.0,8.0,1.0,5.0,382.0,9.0,5.0,7.0,26.0,1.0,11.0,12.0,68.0,2022-2023,H,2.3333333333333335,3.0,1.0,6.666666666666667,2.3333333333333335,6.666666666666667,1.3333333333333333,1.3333333333333333,1.3333333333333333,3.0,3.6666666666666665,13.333333333333334,1672.6554380964606,1500.861865036259,171.79357306020165,0.5
4.0,Sat,2022-08-27,12:30,Southampton,1.4,1.1,Manchester Utd,31196.0,St. Mary's Stadium,Andy Madley,30,0,1,4.0,5.0,27.0,544.0,17.0,13.0,19.0,12.0,1.0,4.0,29.0,79.0,14.0,3.0,12.0,568.0,14.0,10.0,26.0,39.0,1.0,13.0,20.0,73.0,2022-2023,A,1.3333333333333333,1.6666666666666667,2.3333333333333335,3.0,5.666666666666667,10.333333333333334,1.0,1.0,2.3333333333333335,4.666666666666667,6.0,11.0,1450.8339271723391,1505.3798421882152,-54.54591501587606,1.0
4.0,Sat,2022-08-27,15:00,Brighton,2.0,1.8,Leeds United,30953.0,The American Express Community Stadium,Michael Salisbury,32,1,0,10.0,5.0,12.0,506.0,14.0,9.0,14.0,7.0,2.0,7.0,27.0,83.0,14.0,3.0,12.0,619.0,22.0,16.0,10.0,14.0,1.0,11.0,21.0,70.0,2022-2023,H,2.3333333333333335,1.3333333333333333,0.3333333333333333,4.333333333333333,4.666666666666667,9.0,2.3333333333333335,2.3333333333333335,1.0,5.0,4.0,13.666666666666666,1530.457175120198,1471.1320086565306,59.3251664636673,1.0
4.0,Sun,2022-08-28,14:00,Aston Villa,0.5,0.6,West Ham,41796.0,Villa Park,David Coote,38,0,1,10.0,3.0,26.0,741.0,17.0,13.0,13.0,17.0,2.0,5.0,25.0,68.0,10.0,2.0,19.0,573.0,13.0,16.0,9.0,30.0,1.0,9.0,23.0,63.0,2022-2023,A,1.0,1.0,2.0,4.0,5.666666666666667,13.0,0.0,0.0,1.6666666666666667,4.333333333333333,4.666666666666667,9.666666666666666,1458.2484223367685,1473.3078461233622,-15.059423786593698,0.0
4.0,Sun,2022-08-28,16:30,Nott'ham Forest,0.9,2.4,Tottenham,29296.0,The City Ground,Craig Pawson,39,0,2,11.0,6.0,24.0,729.0,21.0,13.0,15.0,7.0,1.0,9.0,17.0,70.0,13.0,1.0,10.0,613.0,12.0,18.0,15.0,26.0,3.0,10.0,19.0,64.0,2022-2023,A,1.3333333333333333,0.6666666666666666,1.0,3.0,8.0,11.0,2.3333333333333335,2.3333333333333335,1.0,7.666666666666667,5.333333333333333,10.0,1500.0405774818962,1590.5795695552442,-90.53899207334803,1.0
4.0,Sun,2022-08-28,14:00,Wolves,0.7,1.7,Newcastle Utd,31311.0,Molineux Stadium,Peter Bankes,37,1,1,10.0,4.0,14.0,431.0,22.0,4.0,11.0,37.0,3.0,2.0,15.0,64.0,11.0,13.0,34.0,632.0,15.0,6.0,16.0,14.0,1.0,3.0,12.0,72.0,2022-2023,D,0.3333333333333333,0.3333333333333333,1.0,5.0,5.666666666666667,8.0,1.6666666666666667,1.6666666666666667,1.0,6.333333333333333,4.333333333333333,9.666666666666666,1461.329056346377,1529.414521034793,-68.0854646884161,1.5
5.0,Tue,2022-08-30,19:30,Fulham,0.7,1.4,Brighton,22224.0,Craven Cottage,Thomas Bramall,40,2,1,9.0,3.0,8.0,506.0,26.0,6.0,18.0,24.0,0.0,8.0,23.0,49.0,11.0,3.0,17.0,697.0,23.0,11.0,13.0,11.0,2.0,11.0,26.0,78.0,2022-2023,H,1.25,1.5,1.5,3.75,5.25,11.5,2.5,1.25,0.25,4.5,4.25,9.25,1505.198825332497,1537.1516765276945,-31.952851195197354,1.0
5.0,Tue,2022-08-30,19:30,Crystal Palace,1.0,1.4,Brentford,25043.0,Selhurst Park,Simon Hooper,41,1,1,11.0,4.0,10.0,634.0,21.0,9.0,14.0,26.0,1.0,8.0,18.0,80.0,8.0,6.0,22.0,628.0,14.0,14.0,12.0,6.0,0.0,6.0,20.0,80.0,2022-2023,D,1.0,1.5,2.0,2.5,4.25,12.0,1.25,2.25,1.5,6.25,4.5,6.5,1496.6929218639907,1473.4299639023013,23.26295796168938,1.0
5.0,Tue,2022-08-30,19:45,Southampton,1.1,1.1,Chelsea,31542.0,St. Mary's Stadium,Michael Oliver,42,2,1,15.0,5.0,15.0,447.0,19.0,13.0,13.0,28.0,0.0,4.0,28.0,78.0,10.0,3.0,17.0,770.0,26.0,20.0,16.0,28.0,3.0,1.0,31.0,65.0,2022-2023,H,1.0,1.25,2.0,3.5,5.0,8.75,1.75,1.25,1.5,8.25,6.0,11.25,1440.6769588813197,1577.0897375664772,-136.4127786851575,0.0
5.0,Tue,2022-08-30,20:00,Leeds United,1.0,1.0,Everton,36338.0,Elland Road,Darren England,43,1,1,10.0,10.0,31.0,852.0,25.0,11.0,24.0,11.0,2.0,2.0,38.0,56.0,9.0,2.0,3.0,492.0,28.0,18.0,12.0,39.0,2.0,11.0,22.0,60.0,2022-2023,D,1.75,1.75,1.0,4.5,4.25,13.75,0.5,0.75,1.25,5.75,7.75,8.75,1464.437507249034,1428.476526570587,35.96098067844696,0.5
5.0,Wed,2022-08-31,19:30,Bournemouth,0.4,1.5,Wolves,10113.0,Vitality Stadium,Anthony Taylor,44,0,0,12.0,2.0,7.0,475.0,24.0,8.0,12.0,25.0,0.0,12.0,21.0,57.0,12.0,5.0,27.0,758.0,26.0,6.0,14.0,13.0,3.0,1.0,16.0,75.0,2022-2023,D,0.75,0.5,4.0,2.5,7.0,11.0,0.5,0.5,1.0,4.75,7.5,8.5,1488.870987641345,1461.5617327244913,27.30925491685366,1.0
5.0,Wed,2022-08-31,19:30,Manchester City,3.3,0.7,Nott'ham Forest,53409.0,Etihad Stadium,Paul Tierney,45,6,0,9.0,10.0,27.0,902.0,13.0,5.0,17.0,6.0,2.0,4.0,16.0,67.0,7.0,1.0,7.0,378.0,14.0,14.0,8.0,27.0,2.0,9.0,12.0,55.0,2022-2023,H,2.5,3.25,1.25,6.5,2.0,8.5,1.0,0.5,1.25,3.75,6.25,11.0,1676.8243812687288,1490.917303599115,185.90707766961373,1.0
5.0,Wed,2022-08-31,19:30,Arsenal,2.4,0.4,Aston Villa,60012.0,Emirates Stadium,Robert Jones,46,2,1,10.0,10.0,20.0,665.0,10.0,8.0,10.0,13.0,1.0,5.0,15.0,65.0,14.0,2.0,16.0,494.0,16.0,11.0,10.0,24.0,1.0,13.0,13.0,62.0,2022-2023,H,3.0,2.75,0.75,6.0,2.5,10.5,0.75,0.75,1.75,3.75,4.75,12.25,1589.974418728689,1446.9620945488143,143.01232417987467,3.0
5.0,Wed,2022-08-31,19:45,West Ham,1.2,0.6,Tottenham,62450.0,London Stadium,Peter Bankes,47,1,1,10.0,3.0,23.0,512.0,13.0,7.0,17.0,22.0,1.0,4.0,16.0,58.0,10.0,4.0,18.0,759.0,7.0,6.0,9.0,19.0,0.0,11.0,19.0,60.0,2022-2023,D,0.75,0.25,1.25,3.75,4.25,9.75,2.5,2.25,0.75,6.0,5.5,10.75,1484.5941739113164,1599.7028434380254,-115.10866952670904,1.5
5.0,Wed,2022-08-31,20:00,Liverpool,1.5,0.7,Newcastle Utd,53316.0,Anfield,Andre Marriner,48,2,1,9.0,13.0,41.0,786.0,7.0,6.0,15.0,4.0,2.0,6.0,24.0,108.0,10.0,0.0,7.0,415.0,23.0,15.0,21.0,44.0,2.0,9.0,11.0,66.0,2022-2023,H,1.25,3.25,1.25,6.0,3.25,7.25,1.5,1.5,1.0,8.0,4.25,10.0,1654.6553124845332,1529.1818446566788,125.47346782785439,3.0
5.0,Thu,2022-09-01,20:00,Leicester City,0.7,1.5,Manchester Utd,32226.0,King Power Stadium,Craig Pawson,49,0,1,7.0,1.0,13.0,747.0,21.0,17.0,18.0,18.0,0.0,4.0,18.0,64.0,15.0,3.0,12.0,648.0,15.0,8.0,16.0,10.0,2.0,8.0,24.0,82.0,2022-2023,A,0.25,1.5,2.5,5.0,5.0,8.25,1.5,1.0,1.75,4.25,5.75,11.75,1473.7384671230914,1515.5368104792346,-41.79834335614328,2.0
6.0,Sat,2022-09-03,17:30,Aston Villa,0.3,2.1,Manchester City,41830.0,Villa Park,Simon Hooper,57,1,1,7.0,1.0,7.0,406.0,15.0,4.0,13.0,15.0,5.0,10.0,18.0,72.0,6.0,4.0,14.0,872.0,13.0,5.0,26.0,7.0,3.0,3.0,19.0,72.0,2022-2023,D,0.6,0.8,1.8,3.4,5.8,12.6,2.6,3.8,1.0,7.2,1.8,8.6,1442.220050812296,1680.7315687994553,-238.51151798715932,0.0
6.0,Sat,2022-09-03,15:00,Chelsea,0.9,1.1,West Ham,39923.0,Stamford Bridge,Andy Madley,56,2,1,6.0,10.0,23.0,802.0,16.0,3.0,15.0,11.0,1.0,2.0,17.0,49.0,11.0,3.0,12.0,455.0,14.0,16.0,15.0,28.0,1.0,12.0,21.0,62.0,2022-2023,H,1.4,1.2,1.6,7.2,5.8,11.0,0.8,0.4,1.2,3.6,4.2,9.8,1564.9251892947657,1486.1671594789357,78.75802981583001,1.5
6.0,Sat,2022-09-03,15:00,Tottenham,2.9,0.7,Fulham,61641.0,Tottenham Hotspur Stadium,Stuart Attwell,55,2,1,9.0,10.0,21.0,635.0,19.0,8.0,17.0,18.0,3.0,7.0,18.0,52.0,6.0,3.0,21.0,590.0,18.0,7.0,11.0,24.0,0.0,4.0,26.0,61.0,2022-2023,H,2.2,2.0,0.8,5.6,5.0,10.6,1.6,1.6,1.4,3.6,4.8,11.0,1598.129857870406,1514.3933125048459,83.73654536556023,1.0
6.0,Sat,2022-09-03,15:00,Brentford,2.3,1.7,Leeds United,17092.0,Brentford Community Stadium,Robert Jones,54,5,2,8.0,2.0,8.0,390.0,24.0,14.0,17.0,22.0,1.0,9.0,20.0,58.0,9.0,6.0,19.0,652.0,24.0,3.0,11.0,12.0,1.0,8.0,25.0,53.0,2022-2023,H,1.2,2.0,1.4,6.2,4.4,6.8,1.6,1.6,1.0,5.6,3.8,13.0,1475.7816157700365,1461.7436820853363,14.037933684700192,0.5
6.0,Sat,2022-09-03,12:30,Everton,1.7,2.1,Liverpool,39240.0,Goodison Park,Anthony Taylor,50,0,0,7.0,7.0,15.0,469.0,19.0,10.0,9.0,33.0,3.0,11.0,23.0,73.0,11.0,9.0,29.0,650.0,15.0,12.0,14.0,15.0,2.0,8.0,34.0,88.0,2022-2023,D,0.6,0.8,1.2,5.0,8.2,8.8,1.6,3.0,1.2,7.4,2.6,7.6,1431.1703517342848,1659.77223703969,-228.60188530540518,0.0
6.0,Sat,2022-09-03,15:00,Wolves,0.8,1.2,Southampton,30546.0,Molineux Stadium,John Brooks,52,1,0,10.0,5.0,16.0,599.0,14.0,12.0,13.0,27.0,1.0,11.0,16.0,75.0,14.0,6.0,27.0,558.0,20.0,10.0,10.0,19.0,0.0,7.0,16.0,69.0,2022-2023,H,0.6,0.4,0.8,4.8,6.4,9.2,1.4,1.4,1.8,3.8,4.6,10.0,1464.0231002860808,1452.8415071530312,11.181593133049546,3.0
6.0,Sat,2022-09-03,15:00,Nott'ham Forest,1.9,0.8,Bournemouth,28720.0,The City Ground,Michael Oliver,51,2,3,13.0,4.0,27.0,641.0,13.0,9.0,12.0,18.0,1.0,6.0,20.0,85.0,10.0,6.0,20.0,604.0,12.0,3.0,12.0,29.0,1.0,5.0,29.0,65.0,2022-2023,A,0.8,0.4,2.2,3.2,7.0,10.2,0.8,0.4,3.2,2.4,6.6,11.2,1487.0101160683885,1486.4096200797555,0.6004959886329289,1.0
6.0,Sat,2022-09-03,15:00,Newcastle Utd,2.8,1.0,Crystal Palace,51863.0,St James' Park,Michael Salisbury,53,0,0,19.0,13.0,35.0,556.0,18.0,15.0,14.0,16.0,2.0,4.0,17.0,67.0,12.0,5.0,12.0,564.0,23.0,13.0,14.0,36.0,1.0,11.0,18.0,61.0,2022-2023,D,1.2,1.4,1.2,6.4,6.0,10.0,1.0,1.4,1.8,2.8,4.6,11.8,1524.064920101522,1494.3412699962555,29.723650105266415,2.0
6.0,Sun,2022-09-04,14:00,Brighton,2.6,1.4,Leicester City,31185.0,The American Express Community Stadium,Tony Harrington,58,5,2,6.0,10.0,25.0,650.0,17.0,13.0,10.0,6.0,2.0,5.0,15.0,83.0,8.0,1.0,7.0,582.0,13.0,12.0,11.0,28.0,3.0,10.0,19.0,53.0,2022-2023,H,2.0,1.2,0.6,4.2,4.0,9.6,0.2,1.2,2.2,4.2,4.6,8.0,1527.9571893553457,1463.2150600860348,64.74212926931091,2.0
6.0,Sun,2022-09-04,16:30,Manchester Utd,1.5,1.3,Arsenal,73431.0,Old Trafford,Paul Tierney,59,3,1,13.0,2.0,6.0,452.0,17.0,7.0,10.0,25.0,4.0,11.0,17.0,56.0,9.0,5.0,16.0,601.0,14.0,6.0,3.0,6.0,0.0,3.0,20.0,63.0,2022-2023,H,1.8,1.0,1.4,4.0,4.8,12.4,3.0,2.6,0.8,6.8,2.4,10.4,1526.0602175162912,1594.7164624652073,-68.65624494891608,1.5
8.0,Fri,2022-09-16,20:00,Nott'ham Forest,1.4,0.9,Fulham,28654.0,The City Ground,Jarred Gillett,61,2,3,11.0,2.0,14.0,522.0,10.0,8.0,18.0,25.0,2.0,6.0,19.0,69.0,10.0,10.0,22.0,700.0,12.0,6.0,15.0,15.0,1.0,4.0,14.0,71.0,2022-2023,A,0.8,0.8,2.4,3.8,6.0,10.0,1.4,1.4,1.4,3.4,6.0,10.8,1475.283369181039,1508.3094699119185,-33.026100730879534,1.0
8.0,Fri,2022-09-16,20:00,Aston Villa,1.5,0.3,Southampton,40758.0,Villa Park,Tony Harrington,60,1,0,13.0,6.0,20.0,607.0,35.0,6.0,29.0,22.0,1.0,8.0,28.0,73.0,13.0,3.0,15.0,594.0,28.0,12.0,20.0,26.0,0.0,7.0,25.0,66.0,2022-2023,H,0.8,1.0,1.6,2.6,5.6,10.8,1.4,1.2,1.2,4.6,3.6,11.6,1446.9490378430135,1444.862085879109,2.0869519639045393,1.5
8.0,Sat,2022-09-17,15:00,Newcastle Utd,1.9,0.7,Bournemouth,52238.0,St James' Park,Craig Pawson,63,1,1,10.0,8.0,33.0,809.0,16.0,1.0,13.0,9.0,3.0,5.0,27.0,60.0,11.0,1.0,5.0,409.0,18.0,8.0,11.0,35.0,1.0,11.0,15.0,52.0,2022-2023,D,0.8,1.0,1.2,6.8,6.8,12.0,0.8,0.6,3.6,2.6,6.4,9.6,1521.5383832258178,1498.136366967105,23.40201625871282,1.0
8.0,Sat,2022-09-17,17:30,Tottenham,2.2,1.8,Leicester City,61450.0,Tottenham Hotspur Stadium,Simon Hooper,64,6,2,9.0,6.0,16.0,622.0,14.0,14.0,12.0,9.0,1.0,8.0,19.0,70.0,9.0,1.0,11.0,765.0,16.0,8.0,9.0,13.0,0.0,2.0,10.0,59.0,2022-2023,H,2.2,1.6,0.8,5.6,5.2,10.2,0.0,1.2,2.8,3.4,5.4,8.4,1604.2137004633335,1456.6587126790266,147.55498778430683,3.0
8.0,Sat,2022-09-17,12:30,Wolves,0.4,1.1,Manchester City,31578.0,Molineux Stadium,Anthony Taylor,62,0,3,7.0,5.0,10.0,558.0,19.0,7.0,3.0,11.0,0.0,7.0,17.0,63.0,9.0,7.0,12.0,761.0,19.0,15.0,11.0,12.0,1.0,6.0,16.0,41.0,2022-2023,A,1.2,0.4,0.4,5.0,6.4,9.4,2.2,3.6,1.2,7.2,1.8,9.0,1472.002521560003,1676.0025817687379,-204.0000602087348,0.0
8.0,Sun,2022-09-18,12:00,Brentford,0.5,1.5,Arsenal,17122.0,Brentford Community Stadium,David Coote,65,0,3,10.0,3.0,18.0,463.0,21.0,12.0,21.0,17.0,3.0,4.0,19.0,70.0,10.0,3.0,9.0,722.0,12.0,6.0,8.0,21.0,1.0,6.0,18.0,56.0,2022-2023,A,1.6,2.6,1.4,5.4,4.6,7.4,2.4,2.4,1.4,6.8,2.2,10.0,1483.6823140039614,1584.4673672470265,-100.78505324306502,1.5
8.0,Sun,2022-09-18,14:15,Everton,0.4,1.0,West Ham,39298.0,Goodison Park,Michael Oliver,66,1,0,8.0,5.0,22.0,639.0,18.0,10.0,10.0,31.0,1.0,8.0,20.0,78.0,11.0,14.0,33.0,546.0,18.0,14.0,11.0,16.0,1.0,9.0,24.0,68.0,2022-2023,H,0.8,0.8,1.0,5.6,6.8,7.4,0.8,0.6,1.2,4.0,5.4,10.4,1435.6749358226316,1479.9613233203106,-44.286387497679016,0.0
9.0,Sat,2022-10-01,12:30,Arsenal,2.4,1.6,Tottenham,60278.0,Emirates Stadium,Anthony Taylor,67,3,1,10.0,5.0,25.0,715.0,14.0,6.0,9.0,16.0,1.0,2.0,18.0,50.0,10.0,2.0,11.0,433.0,16.0,5.0,7.0,27.0,3.0,12.0,17.0,71.0,2022-2023,H,2.4,2.2,1.0,6.2,2.4,9.0,2.6,2.4,0.8,5.8,3.8,10.2,1593.2988416076682,1608.8617938942139,-15.562952286545624,1.5
9.0,Sat,2022-10-01,15:00,Southampton,1.7,2.0,Everton,30510.0,St. Mary's Stadium,Andre Marriner,68,1,2,11.0,7.0,27.0,638.0,22.0,8.0,13.0,18.0,0.0,7.0,30.0,74.0,10.0,6.0,19.0,551.0,23.0,11.0,19.0,26.0,1.0,11.0,15.0,87.0,2022-2023,A,1.2,0.8,1.0,4.8,3.8,12.2,1.4,0.8,0.6,5.0,8.6,7.6,1436.63030985316,1445.2229698251235,-8.592659971963485,1.5
9.0,Sat,2022-10-01,15:00,Crystal Palace,0.4,1.1,Chelsea,25198.0,Selhurst Park,Chris Kavanagh,69,1,2,11.0,5.0,11.0,483.0,18.0,7.0,9.0,15.0,1.0,10.0,15.0,55.0,13.0,2.0,9.0,770.0,16.0,9.0,11.0,11.0,0.0,6.0,27.0,61.0,2022-2023,A,1.2,1.4,1.4,3.2,6.2,11.0,1.4,1.4,1.8,6.0,5.6,10.0,1496.8678068719596,1571.1310254533907,-74.26321858143115,0.0
9.0,Sat,2022-10-01,15:00,Liverpool,1.5,1.4,Brighton,53320.0,Anfield,Andy Madley,70,3,3,9.0,9.0,25.0,712.0,14.0,9.0,11.0,18.0,1.0,1.0,26.0,75.0,13.0,2.0,13.0,630.0,23.0,14.0,8.0,27.0,0.0,11.0,16.0,72.0,2022-2023,D,1.6,2.6,0.8,8.4,3.2,8.0,2.0,1.8,0.8,5.8,3.0,8.4,1655.2676529513433,1534.5135367623539,120.75411618898943,2.0
9.0,Sat,2022-10-01,15:00,Fulham,0.5,3.3,Newcastle Utd,22913.0,Craven Cottage,Darren England,71,1,4,9.0,1.0,8.0,396.0,13.0,8.0,1.0,16.0,4.0,10.0,17.0,55.0,10.0,8.0,17.0,749.0,15.0,4.0,8.0,15.0,7.0,2.0,13.0,65.0,2022-2023,A,1.8,2.0,1.8,4.8,5.4,10.0,0.8,1.2,1.4,7.8,5.6,12.8,1519.084285027966,1519.182950639081,-0.09866561111493866,1.0
9.0,Sat,2022-10-01,15:00,Bournemouth,0.4,0.9,Brentford,10126.0,Vitality Stadium,Thomas Bramall,72,0,0,11.0,7.0,20.0,510.0,14.0,9.0,12.0,22.0,1.0,11.0,10.0,70.0,10.0,8.0,18.0,675.0,20.0,7.0,10.0,19.0,2.0,8.0,19.0,63.0,2022-2023,D,1.0,0.8,3.0,2.6,5.8,10.0,1.0,1.8,2.0,4.4,4.8,8.2,1500.491799553842,1474.8508396433197,25.64095991052227,1.0
9.0,Sat,2022-10-01,17:30,West Ham,0.9,0.7,Wolves,62444.0,London Stadium,Paul Tierney,73,2,0,8.0,1.0,7.0,508.0,22.0,8.0,16.0,30.0,2.0,13.0,11.0,66.0,6.0,6.0,28.0,726.0,12.0,8.0,9.0,6.0,1.0,6.0,22.0,61.0,2022-2023,H,0.8,0.6,1.2,5.4,5.2,10.4,1.0,0.4,1.0,5.0,7.2,9.4,1470.4132893178187,1465.9250984349,4.488190882918616,1.5
9.0,Sun,2022-10-02,16:30,Leeds United,0.4,2.2,Aston Villa,36582.0,Elland Road,Stuart Attwell,75,0,0,23.0,2.0,10.0,510.0,12.0,6.0,16.0,22.0,0.0,8.0,20.0,76.0,12.0,9.0,22.0,622.0,16.0,10.0,22.0,8.0,2.0,4.0,15.0,83.0,2022-2023,D,1.0,1.6,1.8,5.6,3.4,12.2,0.8,0.8,1.4,2.8,4.6,11.6,1453.8429838514114,1455.1808138689623,-1.337830017550914,0.5
9.0,Sun,2022-10-02,14:00,Manchester City,3.2,1.7,Manchester Utd,53475.0,Etihad Stadium,Michael Oliver,74,6,3,3.0,5.0,10.0,663.0,14.0,11.0,10.0,8.0,1.0,8.0,11.0,57.0,9.0,1.0,4.0,587.0,14.0,7.0,6.0,10.0,0.0,3.0,19.0,52.0,2022-2023,H,2.2,3.4,1.2,6.4,2.6,9.0,2.4,1.4,1.2,3.2,5.4,13.6,1682.0800048938409,1536.309312734472,145.77069215936876,3.0
9.0,Mon,2022-10-03,20:00,Leicester City,1.3,1.1,Nott'ham Forest,32202.0,King Power Stadium,Robert Jones,76,4,0,13.0,6.0,17.0,633.0,11.0,14.0,12.0,17.0,3.0,6.0,13.0,41.0,12.0,6.0,13.0,587.0,13.0,13.0,11.0,16.0,4.0,8.0,18.0,74.0,2022-2023,H,0.0,1.2,3.2,3.2,5.4,8.4,0.2,1.0,3.0,3.0,6.6,10.2,1452.0106192481462,1464.5085540649916,-12.497934816845373,1.0
10.0,Sat,2022-10-08,15:00,Bournemouth,1.1,1.0,Leicester City,10272.0,Vitality Stadium,Michael Salisbury,77,2,1,8.0,7.0,22.0,588.0,13.0,10.0,7.0,13.0,3.0,3.0,26.0,58.0,16.0,2.0,10.0,704.0,32.0,6.0,19.0,27.0,0.0,5.0,15.0,40.0,2022-2023,H,1.2,0.8,2.4,3.4,6.6,9.8,0.6,1.8,2.8,4.0,5.6,8.8,1498.0755933587493,1460.6518557805011,37.423737578248165,1.0
10.0,Sat,2022-10-08,15:00,Newcastle Utd,1.5,1.2,Brentford,52067.0,St James' Park,John Brooks,78,5,1,14.0,9.0,21.0,537.0,15.0,6.0,15.0,22.0,1.0,5.0,18.0,57.0,9.0,5.0,18.0,466.0,10.0,13.0,13.0,17.0,3.0,7.0,14.0,80.0,2022-2023,H,1.2,1.4,1.0,8.4,4.8,12.0,1.2,1.4,1.4,5.4,5.0,8.8,1530.8901672908912,1477.2670458384123,53.62312145247893,2.0
10.0,Sat,2022-10-08,15:00,Manchester City,2.4,0.2,Southampton,53365.0,Etihad Stadium,Andy Madley,79,4,0,4.0,9.0,21.0,879.0,15.0,8.0,11.0,6.0,1.0,4.0,12.0,68.0,8.0,1.0,9.0,542.0,19.0,11.0,10.0,21.0,1.0,12.0,10.0,74.0,2022-2023,H,2.6,4.0,1.2,6.4,1.8,8.2,0.6,0.6,1.2,5.2,4.6,11.4,1686.764845263676,1425.161391641418,261.60345362225803,1.0
10.0,Sat,2022-10-08,15:00,Chelsea,1.9,1.1,Wolves,39940.0,Stamford Bridge,Simon Hooper,80,3,0,8.0,4.0,16.0,738.0,26.0,8.0,9.0,14.0,3.0,6.0,20.0,49.0,8.0,2.0,16.0,574.0,13.0,5.0,13.0,17.0,0.0,15.0,23.0,56.0,2022-2023,H,1.8,1.4,1.6,4.8,5.6,10.8,1.0,0.4,1.2,5.0,5.8,9.0,1580.720727493082,1457.7601919315794,122.96053556150264,1.0
10.0,Sat,2022-10-08,17:30,Brighton,0.7,0.8,Tottenham,31498.0,The American Express Community Stadium,Tony Harrington,81,0,1,9.0,6.0,17.0,827.0,17.0,10.0,12.0,7.0,2.0,13.0,19.0,50.0,14.0,2.0,7.0,621.0,15.0,11.0,11.0,21.0,3.0,7.0,14.0,57.0,2022-2023,A,2.0,2.4,1.4,4.8,4.2,9.4,2.0,2.4,1.4,4.6,3.6,10.2,1539.2924828796924,1600.1338661214932,-60.84138324180071,1.5
10.0,Sun,2022-10-09,14:00,West Ham,2.4,0.7,Fulham,62407.0,London Stadium,Chris Kavanagh,82,3,1,9.0,4.0,19.0,620.0,12.0,12.0,7.0,11.0,1.0,5.0,16.0,64.0,7.0,2.0,12.0,642.0,14.0,5.0,9.0,20.0,2.0,6.0,18.0,64.0,2022-2023,H,1.4,1.0,0.8,4.6,5.6,10.0,1.2,1.6,2.2,3.8,6.4,9.2,1478.5781958211394,1507.3770683761556,-28.79887255501626,1.0
10.0,Sun,2022-10-09,14:00,Crystal Palace,1.1,1.0,Leeds United,25042.0,Selhurst Park,Paul Tierney,83,2,1,13.0,5.0,16.0,615.0,18.0,13.0,15.0,19.0,2.0,8.0,29.0,75.0,23.0,3.0,17.0,521.0,29.0,10.0,13.0,12.0,2.0,9.0,32.0,61.0,2022-2023,H,1.0,1.4,1.6,3.8,5.8,11.6,1.0,1.2,1.4,5.0,4.8,14.4,1487.2781048322684,1452.170414650268,35.1076901820004,0.5
10.0,Sun,2022-10-09,16:30,Arsenal,2.7,1.1,Liverpool,60059.0,Emirates Stadium,Michael Oliver,84,3,2,11.0,4.0,9.0,542.0,16.0,6.0,13.0,31.0,3.0,4.0,14.0,69.0,11.0,3.0,12.0,640.0,15.0,8.0,10.0,18.0,6.0,3.0,29.0,76.0,2022-2023,H,2.4,2.2,1.2,6.4,2.2,9.0,1.6,3.0,1.2,9.4,3.2,8.4,1602.026769380389,1650.4887068340047,-48.46193745361575,0.0
10.0,Sun,2022-10-09,19:00,Everton,0.6,1.4,Manchester Utd,39258.0,Goodison Park,David Coote,85,1,2,7.0,5.0,28.0,527.0,9.0,15.0,13.0,9.0,1.0,9.0,13.0,72.0,13.0,4.0,9.0,744.0,15.0,5.0,17.0,25.0,4.0,7.0,20.0,60.0,2022-2023,A,1.8,1.0,0.6,5.0,9.6,8.4,2.4,2.0,1.6,3.0,4.8,12.4,1456.6918880368655,1531.6244723646369,-74.93258432777134,2.0
10.0,Mon,2022-10-10,20:00,Nott'ham Forest,0.3,0.7,Aston Villa,29208.0,The City Ground,Anthony Taylor,86,1,1,13.0,1.0,12.0,487.0,14.0,7.0,20.0,25.0,0.0,7.0,23.0,64.0,19.0,4.0,20.0,663.0,21.0,9.0,9.0,9.0,3.0,3.0,22.0,70.0,2022-2023,D,0.0,0.8,3.6,3.8,6.6,10.8,1.0,0.6,0.8,4.2,4.2,11.2,1455.8673175326367,1456.8533830701058,-0.9860655374691305,1.0
11.0,Fri,2022-10-14,20:00,Brentford,1.5,1.9,Brighton,17016.0,Brentford Community Stadium,Michael Salisbury,87,2,0,12.0,2.0,10.0,396.0,12.0,12.0,17.0,29.0,0.0,8.0,13.0,67.0,15.0,11.0,33.0,777.0,25.0,7.0,14.0,9.0,3.0,0.0,20.0,68.0,2022-2023,H,1.0,1.4,2.2,4.8,5.8,9.0,1.4,2.0,1.6,5.2,3.6,9.8,1470.4255743416977,1529.3166997887274,-58.89112544702971,0.0
11.0,Sat,2022-10-15,17:30,Tottenham,2.2,0.4,Everton,61812.0,Tottenham Hotspur Stadium,Paul Tierney,91,2,0,12.0,7.0,23.0,708.0,8.0,3.0,13.0,6.0,0.0,6.0,21.0,67.0,13.0,1.0,9.0,494.0,15.0,6.0,10.0,25.0,0.0,7.0,9.0,61.0,2022-2023,H,2.0,2.2,1.4,4.8,3.6,10.4,1.6,1.0,0.8,5.0,8.8,8.2,1610.1096492124582,1447.121417914951,162.98823129750713,2.0
11.0,Sat,2022-10-15,15:00,Wolves,1.3,1.5,Nott'ham Forest,31554.0,Molineux Stadium,Thomas Bramall,90,1,0,17.0,4.0,22.0,587.0,17.0,5.0,9.0,22.0,2.0,10.0,19.0,54.0,13.0,5.0,15.0,447.0,16.0,7.0,17.0,22.0,1.0,8.0,19.0,72.0,2022-2023,H,0.8,0.2,1.6,4.6,4.0,8.6,0.2,1.0,3.4,2.8,7.2,11.2,1452.587991307287,1454.1849086398363,-1.5969173325493102,1.0
11.0,Sat,2022-10-15,12:30,Leicester City,1.0,0.4,Crystal Palace,31298.0,King Power Stadium,Andy Madley,88,0,0,18.0,9.0,17.0,730.0,25.0,11.0,9.0,12.0,2.0,6.0,25.0,47.0,13.0,2.0,7.0,647.0,13.0,7.0,13.0,23.0,1.0,7.0,14.0,72.0,2022-2023,D,0.6,1.8,2.8,2.2,6.4,10.6,1.0,1.2,1.6,4.0,6.0,11.0,1453.3846828289472,1494.6070721564029,-41.22238932745563,2.0
11.0,Sat,2022-10-15,15:00,Fulham,2.1,1.0,Bournemouth,22541.0,Craven Cottage,Graham Scott,89,2,2,9.0,5.0,37.0,741.0,12.0,5.0,18.0,9.0,1.0,6.0,20.0,76.0,11.0,6.0,12.0,431.0,14.0,5.0,18.0,49.0,0.0,9.0,15.0,55.0,2022-2023,D,1.2,1.6,2.4,3.8,5.4,8.2,1.8,1.2,0.8,4.6,5.4,10.4,1498.2727026117445,1505.3427663103032,-7.07006369855867,1.0
11.0,Sun,2022-10-16,14:00,Southampton,0.5,1.7,West Ham,29159.0,St. Mary's Stadium,Peter Bankes,92,1,1,7.0,4.0,15.0,505.0,14.0,13.0,23.0,37.0,1.0,13.0,18.0,68.0,3.0,14.0,35.0,673.0,22.0,7.0,23.0,19.0,0.0,2.0,20.0,61.0,2022-2023,D,0.6,0.6,1.8,4.4,5.8,12.2,1.4,1.4,1.0,5.0,5.4,9.8,1422.446980955254,1487.6825615855505,-65.23558063029645,2.0
11.0,Sun,2022-10-16,14:00,Aston Villa,1.8,0.9,Chelsea,41754.0,Villa Park,Robert Jones,93,0,2,12.0,7.0,30.0,517.0,24.0,8.0,11.0,6.0,3.0,2.0,24.0,61.0,11.0,1.0,6.0,675.0,9.0,8.0,6.0,24.0,1.0,10.0,20.0,53.0,2022-2023,A,1.2,0.8,0.8,4.4,4.0,13.0,2.4,2.0,1.0,4.4,5.2,9.4,1458.5357919629062,1585.8929281173744,-127.35713615446821,0.0
11.0,Sun,2022-10-16,14:00,Leeds United,1.8,0.5,Arsenal,36700.0,Elland Road,Chris Kavanagh,94,0,1,10.0,6.0,19.0,578.0,25.0,13.0,13.0,6.0,4.0,5.0,19.0,54.0,11.0,3.0,8.0,662.0,17.0,12.0,10.0,18.0,0.0,8.0,21.0,77.0,2022-2023,A,0.4,0.8,1.8,4.8,4.6,15.8,2.4,2.4,1.4,5.4,2.4,10.0,1444.8414473261334,1611.6947992741007,-166.8533519479672,0.0
11.0,Sun,2022-10-16,14:00,Manchester Utd,0.8,0.8,Newcastle Utd,73726.0,Old Trafford,Craig Pawson,95,0,0,13.0,4.0,20.0,648.0,18.0,10.0,6.0,9.0,2.0,5.0,14.0,69.0,11.0,4.0,11.0,451.0,13.0,13.0,13.0,21.0,0.0,10.0,14.0,62.0,2022-2023,D,2.4,2.0,1.6,2.6,4.2,12.8,1.6,2.2,1.0,7.6,5.0,12.6,1541.1949424865513,1537.7316387876058,3.4633036989455377,2.0
11.0,Sun,2022-10-16,16:30,Liverpool,2.1,1.0,Manchester City,53286.0,Anfield,Anthony Taylor,96,1,0,10.0,5.0,13.0,565.0,23.0,11.0,10.0,29.0,3.0,7.0,14.0,70.0,7.0,6.0,26.0,877.0,20.0,7.0,15.0,15.0,0.0,8.0,19.0,74.0,2022-2023,H,1.6,3.2,1.4,8.4,2.8,9.2,2.6,4.0,0.8,7.0,1.8,6.2,1640.820676940293,1689.47925594984,-48.65857900954711,1.0
12.0,Tue,2022-10-18,19:30,Brighton,1.7,0.1,Nott'ham Forest,31463.0,The American Express Community Stadium,Darren England,97,0,0,10.0,9.0,27.0,782.0,11.0,7.0,16.0,9.0,1.0,6.0,28.0,76.0,14.0,1.0,7.0,404.0,13.0,9.0,15.0,23.0,0.0,13.0,20.0,52.0,2022-2023,D,0.8,1.8,2.0,6.4,3.4,10.8,0.2,1.0,2.4,3.6,6.0,12.4,1519.3486156555552,1445.850228418131,73.49838723742414,1.0
12.0,Tue,2022-10-18,20:15,Crystal Palace,1.2,0.8,Wolves,25125.0,Selhurst Park,David Coote,98,2,1,14.0,4.0,17.0,614.0,23.0,11.0,17.0,16.0,0.0,4.0,23.0,65.0,18.0,2.0,12.0,586.0,29.0,9.0,12.0,19.0,4.0,9.0,16.0,68.0,2022-2023,H,1.2,0.8,0.8,4.2,6.6,12.0,1.2,0.4,1.6,4.4,4.6,9.6,1495.1470096192343,1460.9226715289922,34.2243380902421,3.0
12.0,Wed,2022-10-19,19:30,Liverpool,1.7,1.7,West Ham,52982.0,Anfield,Stuart Attwell,101,1,0,9.0,8.0,14.0,749.0,13.0,8.0,11.0,15.0,1.0,6.0,21.0,63.0,8.0,3.0,13.0,647.0,15.0,8.0,7.0,18.0,0.0,9.0,21.0,87.0,2022-2023,H,1.6,1.6,1.4,7.8,3.8,10.0,1.4,1.4,1.0,7.2,5.4,8.4,1650.4943605012352,1487.5318808670559,162.96247963417932,1.5
12.0,Wed,2022-10-19,20:15,Manchester Utd,1.5,0.6,Tottenham,73677.0,Old Trafford,Simon Hooper,103,2,0,7.0,8.0,12.0,738.0,17.0,7.0,11.0,16.0,4.0,2.0,16.0,75.0,7.0,3.0,19.0,671.0,12.0,17.0,7.0,10.0,0.0,11.0,17.0,62.0,2022-2023,H,2.0,1.8,1.6,2.8,4.0,12.6,2.4,2.4,1.2,5.4,3.2,10.8,1539.3883695842442,1614.448330505423,-75.0599609211788,3.0
12.0,Wed,2022-10-19,19:30,Newcastle Utd,1.5,0.2,Everton,52247.0,St James' Park,Tony Harrington,102,1,0,9.0,8.0,22.0,544.0,18.0,9.0,10.0,9.0,0.0,2.0,21.0,51.0,12.0,2.0,8.0,558.0,18.0,7.0,6.0,22.0,3.0,12.0,30.0,75.0,2022-2023,H,1.8,2.0,0.6,8.4,3.2,12.8,1.4,0.8,1.0,4.8,8.2,9.0,1539.538211689913,1442.7827366219863,96.75547506792668,1.5
12.0,Wed,2022-10-19,19:30,Brentford,1.3,0.9,Chelsea,17118.0,Brentford Community Stadium,Jarred Gillett,100,0,0,7.0,6.0,19.0,481.0,19.0,10.0,12.0,26.0,2.0,6.0,19.0,74.0,7.0,2.0,15.0,820.0,17.0,6.0,11.0,21.0,0.0,8.0,21.0,71.0,2022-2023,D,1.4,1.6,2.0,4.0,7.2,9.8,2.4,2.0,0.8,4.0,4.4,9.6,1480.3936584748699,1593.9781630427124,-113.58450456784249,1.5
12.0,Wed,2022-10-19,19:30,Bournemouth,1.0,1.0,Southampton,10405.0,Vitality Stadium,John Brooks,99,0,1,8.0,7.0,22.0,684.0,13.0,8.0,15.0,12.0,2.0,3.0,24.0,73.0,13.0,3.0,13.0,632.0,23.0,9.0,9.0,24.0,0.0,12.0,19.0,78.0,2022-2023,A,1.8,1.6,1.2,5.4,5.4,10.2,0.2,0.4,1.8,4.2,8.0,10.6,1506.8545349107453,1422.5976616737487,84.25687323699663,1.0
12.0,Thu,2022-10-20,19:30,Fulham,2.1,1.2,Aston Villa,23508.0,Craven Cottage,Michael Oliver,104,3,0,11.0,9.0,22.0,627.0,12.0,2.0,17.0,15.0,0.0,4.0,23.0,78.0,11.0,7.0,18.0,456.0,14.0,5.0,15.0,14.0,3.0,9.0,17.0,57.0,2022-2023,H,0.8,1.6,2.6,4.2,6.0,8.2,1.2,0.6,0.8,5.4,2.2,12.6,1496.7609340113024,1450.4505570375682,46.310376973734265,1.0
12.0,Thu,2022-10-20,20:15,Leicester City,0.8,1.3,Leeds United,30814.0,King Power Stadium,Peter Bankes,105,2,0,15.0,2.0,8.0,621.0,26.0,5.0,6.0,20.0,4.0,8.0,17.0,64.0,11.0,9.0,16.0,685.0,30.0,12.0,12.0,13.0,2.0,7.0,29.0,55.0,2022-2023,H,0.8,1.8,2.6,3.8,6.2,12.8,0.4,0.8,1.8,5.4,4.2,15.0,1452.8447453661158,1437.823501229345,15.021244136770747,2.0
13.0,Sat,2022-10-22,12:30,Nott'ham Forest,1.9,1.6,Liverpool,29245.0,The City Ground,Paul Tierney,106,1,0,14.0,2.0,8.0,397.0,19.0,8.0,11.0,40.0,3.0,11.0,13.0,54.0,8.0,11.0,30.0,862.0,14.0,4.0,11.0,7.0,0.0,1.0,30.0,81.0,2022-2023,H,0.4,0.6,1.8,3.0,6.6,12.6,1.6,1.4,1.2,6.8,4.4,10.0,1449.5140617964373,1654.8335454516791,-205.3194836552418,1.0
13.0,Sat,2022-10-22,15:00,Everton,1.4,0.9,Crystal Palace,38939.0,Goodison Park,Simon Hooper,107,3,0,16.0,3.0,14.0,539.0,26.0,7.0,12.0,19.0,1.0,7.0,28.0,56.0,14.0,4.0,14.0,605.0,20.0,2.0,10.0,16.0,2.0,7.0,23.0,49.0,2022-2023,H,1.2,0.8,1.2,3.8,8.0,10.0,1.6,1.0,0.8,4.2,5.8,12.6,1437.0114093469908,1502.4996039354814,-65.48819458849061,1.5
13.0,Sat,2022-10-22,15:00,Manchester City,1.6,0.5,Brighton,53223.0,Etihad Stadium,Craig Pawson,108,3,1,11.0,6.0,11.0,558.0,14.0,8.0,1.0,12.0,0.0,7.0,9.0,54.0,12.0,3.0,16.0,601.0,16.0,9.0,8.0,12.0,4.0,8.0,22.0,60.0,2022-2023,H,2.0,2.8,1.0,6.2,2.6,5.8,1.0,1.6,1.6,7.6,3.0,10.6,1679.8055723888979,1515.684782277249,164.12079011164883,3.0
13.0,Sat,2022-10-22,17:30,Chelsea,1.1,0.8,Manchester Utd,39503.0,Stamford Bridge,Stuart Attwell,109,1,1,8.0,6.0,20.0,556.0,10.0,11.0,14.0,18.0,2.0,11.0,20.0,63.0,10.0,4.0,9.0,611.0,18.0,12.0,16.0,17.0,3.0,4.0,25.0,61.0,2022-2023,D,2.6,1.8,0.4,3.8,4.6,9.0,2.0,2.0,1.6,3.8,4.4,11.0,1592.4479902941616,1549.8215588336284,42.62643146053324,1.0
13.0,Sun,2022-10-23,16:30,Tottenham,1.6,1.2,Newcastle Utd,61726.0,Tottenham Hotspur Stadium,Jarred Gillett,114,1,2,12.0,6.0,19.0,627.0,17.0,7.0,19.0,19.0,3.0,6.0,28.0,68.0,6.0,7.0,18.0,587.0,15.0,7.0,16.0,16.0,4.0,9.0,19.0,90.0,2022-2023,A,1.8,2.0,1.4,4.0,4.2,10.4,2.2,2.2,0.6,7.4,2.6,10.8,1604.0151412560388,1545.3095389649084,58.70560229113039,3.0
13.0,Sun,2022-10-23,14:00,Leeds United,1.6,1.8,Fulham,36447.0,Elland Road,Anthony Taylor,112,2,3,12.0,3.0,11.0,660.0,22.0,12.0,14.0,8.0,4.0,4.0,25.0,66.0,8.0,6.0,17.0,525.0,16.0,10.0,17.0,16.0,4.0,9.0,23.0,72.0,2022-2023,A,0.2,0.6,2.0,5.2,4.2,15.2,1.4,2.0,2.2,5.4,5.4,9.2,1429.9498415221772,1503.7931250618014,-73.84328353962428,1.0
13.0,Sun,2022-10-23,14:00,Southampton,0.7,1.0,Arsenal,31145.0,St. Mary's Stadium,Robert Jones,113,1,1,11.0,9.0,20.0,508.0,21.0,3.0,11.0,16.0,4.0,6.0,17.0,57.0,8.0,4.0,12.0,689.0,16.0,7.0,11.0,28.0,3.0,2.0,21.0,59.0,2022-2023,D,0.8,0.6,1.6,3.6,8.4,10.4,2.4,2.2,1.2,4.0,3.2,10.2,1436.5264910798862,1618.712745370889,-182.1862542910028,1.5
13.0,Sun,2022-10-23,14:00,Aston Villa,2.8,0.9,Brentford,41693.0,Villa Park,Darren England,110,4,0,14.0,7.0,12.0,492.0,20.0,12.0,15.0,25.0,0.0,8.0,20.0,59.0,11.0,6.0,20.0,562.0,20.0,8.0,21.0,12.0,1.0,3.0,32.0,60.0,2022-2023,H,1.0,0.4,1.2,6.6,3.2,13.4,1.0,0.6,1.6,4.8,6.4,9.6,1443.4183659870691,1481.9238312234206,-38.50546523635148,0.5
13.0,Sun,2022-10-23,14:00,Wolves,2.1,0.9,Leicester City,31425.0,Molineux Stadium,Michael Oliver,111,0,4,10.0,9.0,23.0,694.0,11.0,7.0,17.0,7.0,3.0,4.0,18.0,67.0,12.0,2.0,10.0,489.0,23.0,8.0,9.0,22.0,3.0,12.0,20.0,59.0,2022-2023,A,0.6,0.4,2.0,3.8,4.2,11.2,1.4,1.8,1.6,4.0,6.0,14.2,1453.570077212745,1460.7184050732837,-7.148327860538757,1.5
13.0,Mon,2022-10-24,20:00,West Ham,1.9,0.4,Bournemouth,62447.0,London Stadium,David Coote,115,2,0,9.0,5.0,26.0,653.0,22.0,8.0,16.0,9.0,1.0,5.0,26.0,76.0,11.0,0.0,8.0,577.0,21.0,6.0,17.0,25.0,0.0,9.0,19.0,55.0,2022-2023,H,1.4,1.2,0.8,7.2,5.0,7.8,1.2,1.0,1.0,5.6,5.2,9.8,1483.192695916612,1492.9257055046078,-9.733009587995866,1.0
14.0,Sat,2022-10-29,17:30,Fulham,1.9,0.9,Everton,23534.0,Craven Cottage,John Brooks,122,0,0,10.0,13.0,34.0,622.0,12.0,3.0,21.0,9.0,0.0,6.0,24.0,68.0,8.0,4.0,15.0,533.0,15.0,6.0,12.0,37.0,5.0,12.0,20.0,74.0,2022-2023,D,1.4,2.0,2.2,4.6,5.6,8.8,1.2,1.2,1.2,3.4,6.0,11.6,1513.3948940488374,1447.1693591479318,66.22553490090559,1.0
14.0,Sat,2022-10-29,12:30,Leicester City,0.7,1.0,Manchester City,32223.0,King Power Stadium,Robert Jones,116,0,1,5.0,3.0,9.0,509.0,12.0,3.0,11.0,20.0,0.0,14.0,11.0,59.0,10.0,10.0,29.0,818.0,7.0,6.0,13.0,6.0,2.0,6.0,13.0,57.0,2022-2023,A,2.0,2.2,0.4,4.2,6.6,14.8,2.4,3.2,1.0,6.6,3.0,6.8,1472.2279724576022,1684.1221446220825,-211.89417216448032,0.0
14.0,Sat,2022-10-29,15:00,Brentford,1.4,0.6,Wolves,17051.0,Brentford Community Stadium,Robert Madley,117,1,1,10.0,3.0,19.0,573.0,17.0,5.0,17.0,20.0,0.0,9.0,23.0,69.0,17.0,6.0,17.0,464.0,17.0,8.0,11.0,27.0,1.0,7.0,16.0,57.0,2022-2023,D,1.0,0.6,1.8,5.4,7.2,9.8,0.6,0.4,2.2,4.6,3.2,11.8,1472.5417055753614,1442.0605098284266,30.481195746934873,1.5
14.0,Sat,2022-10-29,15:00,Crystal Palace,0.9,1.3,Southampton,25130.0,Selhurst Park,Michael Salisbury,118,1,0,13.0,8.0,15.0,564.0,23.0,4.0,18.0,32.0,5.0,8.0,12.0,68.0,12.0,4.0,24.0,675.0,20.0,6.0,18.0,21.0,3.0,5.0,21.0,67.0,2022-2023,H,1.4,1.0,1.4,4.0,3.8,13.0,1.0,0.8,1.6,4.8,8.0,10.0,1492.3416541345405,1439.9051399422387,52.43651419230173,2.0
14.0,Sat,2022-10-29,15:00,Newcastle Utd,3.4,0.4,Aston Villa,52233.0,St James' Park,Paul Tierney,119,4,0,11.0,3.0,13.0,660.0,15.0,6.0,13.0,9.0,2.0,1.0,25.0,70.0,11.0,0.0,8.0,495.0,19.0,11.0,8.0,14.0,3.0,9.0,21.0,62.0,2022-2023,H,2.6,2.4,0.6,7.2,3.6,10.0,1.0,1.0,1.2,6.8,3.8,13.6,1558.5991441506267,1452.8004916351283,105.79865251549836,1.5
14.0,Sat,2022-10-29,15:00,Brighton,2.4,1.4,Chelsea,31746.0,The American Express Community Stadium,Andy Madley,120,4,1,16.0,8.0,17.0,519.0,18.0,6.0,11.0,24.0,0.0,8.0,14.0,56.0,6.0,7.0,18.0,679.0,8.0,7.0,12.0,17.0,0.0,9.0,23.0,46.0,2022-2023,H,0.4,0.8,1.8,6.2,4.0,11.8,2.2,1.6,0.4,3.0,4.8,9.4,1511.3682100440644,1589.5771761885926,-78.20896614452818,1.0
14.0,Sat,2022-10-29,15:00,Bournemouth,0.5,2.0,Tottenham,10430.0,Vitality Stadium,Anthony Taylor,121,2,3,10.0,2.0,9.0,452.0,18.0,7.0,12.0,47.0,0.0,11.0,13.0,54.0,5.0,19.0,53.0,799.0,16.0,6.0,11.0,11.0,3.0,6.0,13.0,55.0,2022-2023,A,1.0,0.8,1.2,5.4,4.6,9.8,1.2,1.0,1.4,4.0,5.4,11.0,1484.362494646043,1590.7255360703205,-106.36304142427753,1.0
14.0,Sat,2022-10-29,19:45,Liverpool,1.7,1.8,Leeds United,53274.0,Anfield,Michael Oliver,123,1,2,9.0,14.0,37.0,884.0,17.0,9.0,15.0,16.0,0.0,5.0,21.0,98.0,3.0,4.0,17.0,522.0,21.0,10.0,15.0,48.0,0.0,10.0,33.0,68.0,2022-2023,A,1.4,1.4,1.4,7.2,3.4,9.4,0.2,0.6,1.6,4.6,5.0,15.8,1640.8788836943763,1420.3480725351412,220.5308111592351,3.0
14.0,Sun,2022-10-30,16:15,Manchester Utd,1.2,1.1,West Ham,73682.0,Old Trafford,Chris Kavanagh,125,1,0,12.0,5.0,18.0,646.0,18.0,7.0,16.0,33.0,1.0,3.0,12.0,57.0,10.0,10.0,29.0,582.0,13.0,8.0,14.0,18.0,2.0,2.0,19.0,70.0,2022-2023,H,1.6,1.6,1.6,4.2,4.6,10.4,2.0,1.6,0.6,5.4,4.0,7.4,1552.6923729391974,1491.7559067751768,60.93646616402066,3.0
14.0,Sun,2022-10-30,14:00,Arsenal,2.3,0.4,Nott'ham Forest,60263.0,Emirates Stadium,Simon Hooper,124,5,0,9.0,9.0,23.0,763.0,14.0,7.0,10.0,11.0,1.0,4.0,18.0,45.0,8.0,4.0,11.0,429.0,25.0,5.0,13.0,30.0,2.0,11.0,14.0,63.0,2022-2023,H,2.6,2.2,0.8,3.8,4.6,10.0,1.0,0.4,1.2,3.0,6.8,13.2,1615.3340965085365,1463.4687235537401,151.86537295479638,1.0
15.0,Sat,2022-11-05,15:00,Nott'ham Forest,1.5,1.5,Brentford,28869.0,The City Ground,Andre Marriner,126,2,2,10.0,3.0,25.0,578.0,18.0,5.0,16.0,20.0,0.0,7.0,30.0,97.0,11.0,3.0,17.0,628.0,12.0,4.0,14.0,34.0,2.0,12.0,23.0,87.0,2022-2023,D,1.0,0.4,1.4,2.6,7.4,12.4,1.0,0.8,2.0,4.4,7.0,9.8,1458.9085693712093,1469.9947678828999,-11.086198511690554,1.0
15.0,Sat,2022-11-05,15:00,Leeds United,2.2,1.5,Bournemouth,36304.0,Elland Road,Tony Harrington,127,4,3,16.0,13.0,40.0,623.0,26.0,6.0,25.0,14.0,0.0,2.0,23.0,51.0,10.0,3.0,17.0,466.0,15.0,7.0,13.0,38.0,0.0,9.0,21.0,61.0,2022-2023,H,0.6,1.0,1.8,5.0,6.0,11.8,0.8,1.2,1.8,4.4,6.8,9.6,1437.0297876280208,1475.6890654154763,-38.659277787455494,1.0
15.0,Sat,2022-11-05,15:00,Manchester City,2.1,1.0,Fulham,52395.0,Etihad Stadium,Darren England,128,2,1,6.0,9.0,25.0,861.0,16.0,5.0,12.0,4.0,3.0,2.0,20.0,58.0,11.0,0.0,6.0,430.0,15.0,5.0,10.0,21.0,0.0,8.0,11.0,48.0,2022-2023,H,2.4,2.8,1.0,7.2,2.6,7.0,1.6,1.8,1.4,7.0,4.8,9.0,1690.0090477767417,1509.913664278348,180.09538349839363,1.0
15.0,Sat,2022-11-05,15:00,Wolves,1.2,1.5,Brighton,30732.0,Molineux Stadium,Graham Scott,129,2,3,15.0,4.0,14.0,379.0,18.0,7.0,8.0,20.0,1.0,8.0,9.0,56.0,11.0,9.0,19.0,779.0,14.0,5.0,15.0,13.0,1.0,2.0,16.0,46.0,2022-2023,A,0.8,0.6,2.0,4.6,3.6,14.0,0.8,1.0,1.4,7.4,3.6,12.4,1444.6074475208882,1521.8918268888726,-77.28437936798446,1.5
15.0,Sat,2022-11-05,17:30,Everton,1.2,2.3,Leicester City,39206.0,Goodison Park,David Coote,130,0,2,9.0,8.0,26.0,637.0,14.0,11.0,19.0,19.0,0.0,12.0,21.0,83.0,5.0,3.0,14.0,683.0,13.0,11.0,6.0,25.0,1.0,6.0,18.0,62.0,2022-2023,A,0.8,0.8,1.0,3.0,7.2,11.2,1.4,1.4,0.6,3.6,7.4,13.2,1450.6505889184211,1466.341069302943,-15.690480384521834,2.0
15.0,Sun,2022-11-06,14:00,Southampton,1.7,0.9,Newcastle Utd,30402.0,St. Mary's Stadium,Stuart Attwell,133,1,4,7.0,8.0,26.0,637.0,21.0,13.0,8.0,17.0,4.0,4.0,19.0,83.0,10.0,2.0,9.0,534.0,15.0,4.0,9.0,27.0,1.0,7.0,17.0,80.0,2022-2023,A,1.0,0.6,1.4,4.2,8.4,10.2,2.6,2.4,0.4,6.2,3.4,10.2,1433.0328892967784,1564.159105054849,-131.12621575807066,0.5
15.0,Sun,2022-11-06,14:00,Aston Villa,0.6,0.5,Manchester Utd,42058.0,Villa Park,Anthony Taylor,134,3,1,6.0,3.0,7.0,542.0,16.0,15.0,8.0,27.0,0.0,4.0,15.0,58.0,12.0,5.0,23.0,668.0,15.0,9.0,8.0,5.0,3.0,3.0,22.0,75.0,2022-2023,H,0.8,1.0,2.0,5.0,4.0,13.4,2.2,1.2,0.4,5.0,5.6,11.0,1447.240530730906,1559.3456282314453,-112.10509750053939,2.0
15.0,Sun,2022-11-06,12:00,Chelsea,0.3,2.1,Arsenal,40142.0,Stamford Bridge,Michael Oliver,131,0,1,19.0,4.0,15.0,508.0,24.0,9.0,17.0,18.0,3.0,15.0,17.0,71.0,13.0,6.0,22.0,619.0,17.0,9.0,13.0,23.0,0.0,2.0,16.0,74.0,2022-2023,A,1.6,1.4,1.0,4.0,5.4,8.0,2.6,2.6,0.8,5.0,4.8,9.8,1579.0535593437844,1619.8942506910673,-40.84069134728293,1.5
15.0,Sun,2022-11-06,14:00,West Ham,0.3,1.0,Crystal Palace,62451.0,London Stadium,Paul Tierney,132,1,2,10.0,2.0,12.0,553.0,16.0,9.0,12.0,15.0,4.0,7.0,13.0,53.0,7.0,5.0,13.0,718.0,13.0,4.0,10.0,11.0,0.0,4.0,17.0,67.0,2022-2023,A,1.4,1.2,0.8,7.2,3.8,7.8,2.0,1.0,1.0,4.6,4.2,13.4,1485.1026514829289,1499.2139047800008,-14.111253297071926,2.0
15.0,Sun,2022-11-06,16:30,Tottenham,1.2,1.2,Liverpool,62008.0,Tottenham Hotspur Stadium,Andy Madley,135,1,2,10.0,5.0,33.0,695.0,15.0,13.0,14.0,15.0,1.0,6.0,20.0,81.0,8.0,3.0,12.0,781.0,14.0,11.0,12.0,33.0,2.0,10.0,14.0,67.0,2022-2023,A,1.8,1.4,1.2,7.4,4.8,10.0,1.2,1.0,1.2,8.2,3.8,9.4,1599.398965300887,1624.1971686014967,-24.798203300609657,1.0
16.0,Sat,2022-11-12,15:00,Nott'ham Forest,1.1,1.2,Crystal Palace,29045.0,The City Ground,John Brooks,141,1,0,11.0,1.0,15.0,420.0,21.0,11.0,9.0,26.0,3.0,7.0,21.0,55.0,13.0,5.0,19.0,756.0,11.0,10.0,14.0,15.0,0.0,10.0,23.0,63.0,2022-2023,H,1.0,0.6,1.6,3.0,7.2,11.8,2.0,1.0,1.0,4.6,4.0,12.2,1457.5099452757565,1510.5270620634278,-53.017116787671284,1.0
16.0,Sat,2022-11-12,17:30,Newcastle Utd,1.0,0.3,Chelsea,52264.0,St James' Park,Robert Jones,142,1,0,14.0,5.0,21.0,600.0,23.0,10.0,16.0,15.0,3.0,7.0,23.0,55.0,11.0,3.0,17.0,626.0,23.0,13.0,6.0,21.0,0.0,5.0,20.0,69.0,2022-2023,H,2.6,2.2,0.4,4.8,4.0,9.4,1.0,0.8,1.2,4.0,6.2,10.2,1572.140055192656,1568.5026684123084,3.637386780347697,0.0
16.0,Sat,2022-11-12,15:00,West Ham,1.4,1.8,Leicester City,62459.0,London Stadium,Jarred Gillett,140,0,2,9.0,7.0,19.0,646.0,18.0,10.0,21.0,10.0,2.0,3.0,29.0,71.0,8.0,2.0,8.0,595.0,19.0,20.0,12.0,25.0,0.0,12.0,25.0,58.0,2022-2023,A,0.8,0.8,1.0,6.8,4.4,8.0,2.0,1.6,0.2,3.8,7.6,11.0,1473.7894941995019,1477.6095302037638,-3.820036004261965,2.0
16.0,Sat,2022-11-12,19:45,Wolves,0.7,2.1,Arsenal,34624.0,Molineux Stadium,Stuart Attwell,143,0,2,5.0,6.0,15.0,476.0,17.0,6.0,20.0,24.0,3.0,8.0,18.0,42.0,6.0,4.0,23.0,717.0,10.0,7.0,9.0,10.0,1.0,5.0,12.0,60.0,2022-2023,A,0.8,1.0,2.0,5.0,4.6,15.4,2.6,2.2,0.6,5.2,5.2,10.4,1435.104521945876,1630.4451416225434,-195.3406196766673,0.0
16.0,Sat,2022-11-12,15:00,Liverpool,1.9,1.1,Southampton,53331.0,Anfield,Simon Hooper,138,3,1,8.0,6.0,23.0,804.0,12.0,7.0,11.0,14.0,0.0,9.0,21.0,69.0,8.0,0.0,14.0,590.0,16.0,10.0,9.0,18.0,2.0,11.0,17.0,78.0,2022-2023,H,1.8,1.0,0.8,8.2,4.0,8.8,1.0,0.8,1.4,5.6,7.0,10.0,1635.2069049607246,1425.0519391589714,210.15496580175318,3.0
16.0,Sat,2022-11-12,15:00,Tottenham,1.8,1.1,Leeds United,61667.0,Tottenham Hotspur Stadium,Michael Salisbury,137,4,3,8.0,9.0,28.0,709.0,12.0,12.0,14.0,9.0,0.0,5.0,28.0,89.0,7.0,2.0,8.0,629.0,19.0,6.0,12.0,28.0,1.0,7.0,20.0,48.0,2022-2023,H,1.2,1.4,1.6,8.0,4.2,9.2,1.2,1.6,2.0,7.0,5.6,10.4,1588.3892289416592,1446.4163235763108,141.97290536534842,3.0
16.0,Sat,2022-11-12,12:30,Manchester City,1.6,1.3,Brentford,52786.0,Etihad Stadium,Peter Bankes,136,1,2,9.0,10.0,38.0,790.0,9.0,3.0,22.0,12.0,2.0,3.0,16.0,54.0,7.0,2.0,11.0,385.0,11.0,9.0,20.0,47.0,2.0,16.0,7.0,76.0,2022-2023,A,2.4,2.0,0.6,8.0,2.4,7.6,1.2,1.0,1.4,4.0,5.8,10.2,1694.0224862142888,1471.3933919783526,222.62909423593624,3.0
16.0,Sat,2022-11-12,15:00,Bournemouth,2.4,0.8,Everton,10382.0,Vitality Stadium,Craig Pawson,139,3,0,12.0,3.0,9.0,445.0,15.0,1.0,17.0,24.0,1.0,15.0,13.0,50.0,8.0,5.0,21.0,697.0,30.0,7.0,13.0,6.0,1.0,7.0,15.0,74.0,2022-2023,H,0.2,1.4,2.4,3.6,9.0,10.0,0.8,0.6,1.0,3.6,7.0,11.6,1466.3025294671863,1439.3821280176003,26.920401449586052,1.0
16.0,Sun,2022-11-13,14:00,Brighton,0.6,1.5,Aston Villa,31581.0,The American Express Community Stadium,Chris Kavanagh,144,1,2,14.0,11.0,26.0,688.0,14.0,15.0,10.0,7.0,3.0,4.0,27.0,64.0,11.0,4.0,4.0,448.0,23.0,9.0,8.0,34.0,1.0,8.0,20.0,58.0,2022-2023,A,1.4,1.6,1.6,8.0,4.0,12.8,1.2,1.4,2.0,4.8,4.8,10.8,1531.3947524638847,1458.7290928589823,72.66565960490243,0.0
16.0,Sun,2022-11-13,16:30,Fulham,1.4,2.5,Manchester Utd,24246.0,Craven Cottage,Paul Tierney,145,1,2,9.0,10.0,30.0,624.0,18.0,7.0,11.0,11.0,1.0,5.0,20.0,74.0,10.0,3.0,13.0,606.0,12.0,8.0,17.0,38.0,2.0,0.0,15.0,60.0,2022-2023,A,1.6,1.8,1.2,6.6,5.8,9.8,1.6,1.0,0.8,5.2,5.2,10.8,1505.9002258408009,1547.8570661033689,-41.956840262567994,1.0
17.0,Mon,2022-12-26,20:00,Arsenal,2.1,1.0,West Ham,60125.0,Emirates Stadium,Michael Oliver,152,3,1,13.0,7.0,25.0,795.0,15.0,4.0,15.0,14.0,3.0,2.0,10.0,55.0,17.0,5.0,12.0,450.0,14.0,7.0,15.0,22.0,0.0,7.0,15.0,62.0,2022-2023,H,2.6,2.0,0.2,5.2,5.8,9.4,0.6,0.6,1.2,5.4,4.0,9.2,1636.735491700303,1462.1864519006638,174.54903979963933,3.0
17.0,Mon,2022-12-26,15:00,Everton,1.7,0.8,Wolves,39252.0,Goodison Park,Craig Pawson,150,1,2,9.0,2.0,17.0,664.0,17.0,7.0,12.0,17.0,1.0,5.0,20.0,61.0,22.0,2.0,10.0,521.0,19.0,12.0,12.0,20.0,2.0,6.0,28.0,52.0,2022-2023,A,0.8,0.6,1.2,4.4,6.2,10.6,0.2,0.8,2.4,5.4,4.4,13.0,1431.8329786384552,1428.8141718681163,3.0188067703388697,0.0
17.0,Mon,2022-12-26,15:00,Crystal Palace,0.4,2.5,Fulham,25176.0,Selhurst Park,Andy Madley,149,0,3,12.0,1.0,5.0,520.0,15.0,11.0,4.0,37.0,1.0,5.0,11.0,64.0,15.0,7.0,37.0,792.0,16.0,9.0,10.0,3.0,2.0,4.0,19.0,74.0,2022-2023,A,1.8,1.0,1.2,5.2,2.4,12.2,1.4,1.6,1.2,7.6,5.2,9.8,1500.7280185406667,1495.3813683221636,5.3466502185031,1.0
17.0,Mon,2022-12-26,17:30,Aston Villa,1.4,2.7,Liverpool,42085.0,Villa Park,Paul Tierney,151,1,3,7.0,0.0,19.0,627.0,12.0,6.0,5.0,15.0,3.0,12.0,14.0,55.0,12.0,6.0,14.0,678.0,19.0,11.0,8.0,24.0,3.0,3.0,15.0,78.0,2022-2023,A,1.8,1.8,1.8,4.2,6.8,10.6,1.8,1.4,1.0,8.4,2.8,8.4,1472.3721575746524,1638.6938162559081,-166.3216586812557,0.0
17.0,Mon,2022-12-26,15:00,Southampton,1.9,0.6,Brighton,31010.0,St. Mary's Stadium,Robert Jones,147,1,3,9.0,4.0,16.0,483.0,16.0,12.0,14.0,17.0,0.0,4.0,23.0,54.0,10.0,2.0,12.0,813.0,21.0,6.0,16.0,12.0,1.0,4.0,21.0,66.0,2022-2023,A,0.8,0.8,1.8,4.8,5.4,10.2,1.4,1.8,1.6,8.0,4.4,12.6,1421.565027863788,1517.7516877482146,-96.18665988442672,1.0
17.0,Mon,2022-12-26,12:30,Brentford,2.0,1.1,Tottenham,17137.0,Brentford Community Stadium,David Coote,146,2,2,11.0,6.0,13.0,496.0,16.0,9.0,13.0,25.0,1.0,3.0,16.0,89.0,10.0,5.0,26.0,700.0,18.0,5.0,27.0,20.0,5.0,5.0,24.0,56.0,2022-2023,D,1.2,1.0,1.6,4.0,5.6,9.2,1.2,1.8,2.2,8.4,4.4,8.4,1488.1084029055953,1593.1529527436198,-105.04454983802452,0.5
17.0,Mon,2022-12-26,15:00,Leicester City,0.5,1.9,Newcastle Utd,32185.0,King Power Stadium,Jarred Gillett,148,0,3,9.0,5.0,16.0,757.0,24.0,11.0,11.0,13.0,3.0,7.0,23.0,56.0,6.0,5.0,9.0,547.0,12.0,14.0,19.0,23.0,1.0,5.0,21.0,76.0,2022-2023,A,2.4,2.0,0.2,2.4,8.6,9.0,3.0,2.4,0.4,5.0,3.8,10.0,1489.212572502602,1580.3286357440284,-91.11606324142645,1.5
17.0,Tue,2022-12-27,17:30,Chelsea,1.8,0.5,Bournemouth,40046.0,Stamford Bridge,Simon Hooper,153,2,0,8.0,6.0,16.0,707.0,17.0,6.0,8.0,28.0,3.0,6.0,11.0,58.0,10.0,8.0,21.0,507.0,17.0,9.0,11.0,15.0,0.0,9.0,14.0,49.0,2022-2023,H,0.4,0.4,1.4,4.4,5.8,10.2,0.6,1.6,2.0,3.0,9.0,10.2,1560.314087860936,1473.8516788463314,86.46240901460465,1.0
17.0,Tue,2022-12-27,20:00,Manchester Utd,2.4,0.7,Nott'ham Forest,73608.0,Old Trafford,Anthony Taylor,154,3,0,13.0,9.0,16.0,795.0,18.0,14.0,7.0,25.0,1.0,5.0,15.0,56.0,4.0,9.0,24.0,481.0,17.0,8.0,6.0,23.0,2.0,7.0,23.0,60.0,2022-2023,H,2.0,1.4,1.0,5.0,6.4,10.2,1.6,0.8,1.4,2.2,7.4,11.4,1558.3759236220062,1467.3089887985177,91.06693482348851,1.0
17.0,Wed,2022-12-28,20:00,Leeds United,0.6,4.3,Manchester City,36889.0,Elland Road,Stuart Attwell,155,1,3,11.0,3.0,8.0,450.0,13.0,4.0,5.0,20.0,0.0,9.0,17.0,54.0,14.0,5.0,12.0,830.0,13.0,5.0,7.0,10.0,1.0,6.0,24.0,62.0,2022-2023,A,1.2,2.2,2.6,6.2,6.8,9.8,1.8,1.4,1.0,8.2,2.6,8.6,1441.6525997743502,1677.3074752870461,-235.65487551269598,0.0
18.0,Fri,2022-12-30,19:45,West Ham,1.3,1.6,Brentford,62467.0,London Stadium,Darren England,156,0,2,9.0,8.0,41.0,734.0,12.0,7.0,17.0,10.0,0.0,6.0,27.0,75.0,5.0,1.0,7.0,501.0,16.0,9.0,14.0,39.0,0.0,16.0,14.0,72.0,2022-2023,A,0.6,0.8,1.6,5.8,3.8,11.0,1.2,1.4,2.0,4.0,6.2,10.0,1458.0696094710368,1489.3976736648929,-31.328064193856108,0.0
18.0,Fri,2022-12-30,20:00,Liverpool,2.2,1.0,Leicester City,53343.0,Anfield,Craig Pawson,157,2,1,8.0,4.0,27.0,742.0,18.0,11.0,7.0,10.0,2.0,6.0,19.0,88.0,15.0,5.0,10.0,614.0,14.0,10.0,8.0,22.0,5.0,12.0,14.0,61.0,2022-2023,H,1.8,1.8,1.2,8.0,2.2,9.0,1.8,1.6,0.8,3.0,7.8,7.8,1645.7257111960369,1480.1057779800506,165.6199332159863,1.5
18.0,Sat,2022-12-31,15:00,Bournemouth,0.6,1.6,Crystal Palace,9972.0,Vitality Stadium,Andre Marriner,162,0,2,17.0,2.0,20.0,644.0,17.0,6.0,13.0,16.0,1.0,6.0,41.0,77.0,11.0,7.0,15.0,521.0,30.0,11.0,12.0,25.0,1.0,5.0,29.0,78.0,2022-2023,A,0.6,1.6,2.2,3.2,9.6,10.6,1.2,0.6,1.6,4.6,3.4,11.8,1467.8340557583465,1488.869059541612,-21.035003783265438,1.0
18.0,Sat,2022-12-31,12:30,Wolves,0.7,2.0,Manchester Utd,31658.0,Molineux Stadium,Robert Jones,158,0,1,11.0,7.0,18.0,556.0,16.0,14.0,7.0,11.0,1.0,6.0,18.0,60.0,11.0,5.0,13.0,650.0,17.0,15.0,10.0,22.0,2.0,0.0,18.0,58.0,2022-2023,A,0.8,1.0,2.2,5.4,4.0,13.8,2.0,1.6,1.0,5.2,7.6,11.4,1440.6083658131286,1564.2826278961777,-123.67426208304914,1.5
18.0,Sat,2022-12-31,15:00,Newcastle Utd,2.2,0.4,Leeds United,52211.0,St James' Park,Simon Hooper,159,0,0,13.0,9.0,23.0,595.0,16.0,10.0,15.0,10.0,3.0,3.0,34.0,86.0,19.0,3.0,6.0,463.0,32.0,10.0,12.0,23.0,0.0,13.0,16.0,74.0,2022-2023,D,3.0,2.8,0.4,4.4,4.4,9.4,1.2,2.4,2.8,5.0,7.4,9.8,1589.4354302665797,1436.317505602894,153.1179246636857,2.0
18.0,Sat,2022-12-31,15:00,Fulham,1.5,0.8,Southampton,24344.0,Craven Cottage,Graham Scott,160,2,1,8.0,4.0,12.0,757.0,19.0,12.0,13.0,23.0,1.0,6.0,30.0,85.0,13.0,4.0,9.0,519.0,21.0,15.0,19.0,17.0,0.0,7.0,30.0,72.0,2022-2023,H,1.4,1.6,1.2,7.2,4.0,10.6,0.2,0.8,2.4,5.0,4.4,9.4,1507.2403273212183,1412.602813747336,94.63751357388219,1.0
18.0,Sat,2022-12-31,15:00,Manchester City,1.7,0.1,Everton,53444.0,Etihad Stadium,Andy Madley,161,1,1,13.0,7.0,32.0,793.0,13.0,3.0,9.0,8.0,3.0,0.0,27.0,50.0,14.0,1.0,10.0,376.0,13.0,11.0,7.0,36.0,2.0,5.0,11.0,50.0,2022-2023,D,2.4,2.0,1.0,8.0,2.2,10.0,0.8,0.8,1.4,4.4,5.0,10.0,1682.6425694585023,1420.038784693443,262.60378476505934,3.0
18.0,Sat,2022-12-31,17:30,Brighton,1.2,2.9,Arsenal,31647.0,The American Express Community Stadium,Anthony Taylor,163,2,4,7.0,7.0,24.0,738.0,8.0,9.0,12.0,6.0,5.0,3.0,26.0,56.0,11.0,4.0,6.0,416.0,19.0,9.0,8.0,24.0,0.0,6.0,13.0,62.0,2022-2023,A,1.8,2.4,1.8,6.6,5.0,12.6,2.6,2.4,0.4,6.0,5.6,9.8,1526.7139018646665,1640.8523341299301,-114.13843226526365,2.0
18.0,Sun,2023-01-01,16:30,Nott'ham Forest,1.4,0.9,Chelsea,29229.0,The City Ground,Peter Bankes,165,1,1,16.0,1.0,12.0,401.0,18.0,11.0,6.0,15.0,2.0,4.0,21.0,52.0,14.0,2.0,10.0,829.0,16.0,3.0,7.0,20.0,2.0,5.0,20.0,46.0,2022-2023,D,1.4,0.8,2.0,3.8,7.4,9.4,0.8,0.8,1.4,5.2,6.2,10.4,1461.4022845243462,1566.331710948921,-104.92942642457479,1.0
18.0,Sun,2023-01-01,14:00,Tottenham,0.7,1.0,Aston Villa,61651.0,Tottenham Hotspur Stadium,John Brooks,164,0,2,15.0,5.0,23.0,715.0,14.0,11.0,10.0,9.0,1.0,4.0,21.0,49.0,10.0,3.0,6.0,557.0,18.0,13.0,7.0,23.0,0.0,7.0,21.0,65.0,2022-2023,A,1.4,2.2,2.2,8.8,4.0,9.0,1.8,2.0,1.8,2.8,6.2,9.8,1591.8636819843223,1465.3402626345237,126.52341934979859,3.0
19.0,Mon,2023-01-02,17:30,Brentford,1.7,2.0,Liverpool,17163.0,Brentford Community Stadium,Stuart Attwell,166,3,1,5.0,4.0,14.0,413.0,17.0,13.0,15.0,37.0,7.0,4.0,14.0,85.0,8.0,9.0,27.0,828.0,9.0,4.0,16.0,16.0,4.0,4.0,28.0,75.0,2022-2023,H,1.8,1.8,1.2,3.0,6.4,8.8,2.4,2.2,1.2,6.6,2.8,9.0,1500.221050019469,1650.0131439104591,-149.79209389099015,0.5
19.0,Tue,2023-01-03,19:45,Leicester City,1.7,1.7,Fulham,30813.0,King Power Stadium,Darren Bond,167,0,1,12.0,6.0,24.0,718.0,17.0,13.0,13.0,15.0,0.0,9.0,25.0,46.0,11.0,3.0,15.0,529.0,13.0,10.0,10.0,32.0,1.0,9.0,27.0,62.0,2022-2023,A,1.2,1.0,1.2,3.6,6.8,8.4,1.4,1.4,1.0,6.8,4.2,10.6,1475.8183452656283,1513.0618425428231,-37.24349727719482,1.0
19.0,Tue,2023-01-03,19:45,Everton,1.3,2.2,Brighton,39103.0,Goodison Park,Andre Marriner,168,1,4,8.0,5.0,22.0,632.0,16.0,9.0,4.0,16.0,1.0,8.0,16.0,56.0,10.0,2.0,9.0,642.0,15.0,8.0,13.0,14.0,0.0,7.0,20.0,35.0,2022-2023,A,0.4,0.4,1.6,4.0,5.6,9.6,1.8,2.6,2.0,7.4,4.6,11.6,1427.3378548795727,1518.2596408217457,-90.92178594217307,1.5
19.0,Tue,2023-01-03,19:45,Arsenal,1.1,1.0,Newcastle Utd,60319.0,Emirates Stadium,Andy Madley,169,0,0,10.0,5.0,16.0,675.0,13.0,3.0,12.0,22.0,1.0,5.0,13.0,45.0,16.0,5.0,18.0,418.0,23.0,5.0,16.0,27.0,4.0,12.0,11.0,51.0,2022-2023,D,3.0,3.0,0.6,6.0,5.2,10.4,2.6,2.4,0.2,4.8,3.8,10.8,1649.3065951728508,1583.970251188161,65.33634398468985,1.5
19.0,Tue,2023-01-03,20:00,Manchester Utd,2.2,0.6,Bournemouth,73322.0,Old Trafford,Michael Salisbury,170,3,0,13.0,6.0,18.0,705.0,9.0,10.0,6.0,11.0,0.0,2.0,14.0,61.0,7.0,5.0,16.0,549.0,18.0,12.0,9.0,23.0,2.0,8.0,10.0,50.0,2022-2023,H,2.4,1.6,0.8,5.4,7.8,11.6,0.6,1.6,2.2,3.6,10.0,11.8,1572.47018193642,1456.7172314482946,115.7529504881254,1.0
19.0,Wed,2023-01-04,19:30,Southampton,0.5,1.4,Nott'ham Forest,30150.0,St. Mary's Stadium,Thomas Bramall,171,0,1,14.0,6.0,24.0,628.0,14.0,9.0,25.0,18.0,1.0,6.0,29.0,87.0,17.0,2.0,11.0,449.0,22.0,10.0,30.0,33.0,0.0,11.0,15.0,58.0,2022-2023,A,0.0,0.8,2.6,4.0,4.4,9.8,1.0,0.8,2.2,3.6,5.6,9.8,1406.7812985257312,1462.688296704292,-55.9069981785608,1.0
19.0,Wed,2023-01-04,19:45,Leeds United,1.6,1.4,West Ham,36173.0,Elland Road,David Coote,172,2,2,11.0,8.0,22.0,657.0,19.0,13.0,23.0,23.0,3.0,14.0,24.0,59.0,18.0,1.0,16.0,432.0,19.0,13.0,25.0,19.0,3.0,13.0,25.0,67.0,2022-2023,D,1.4,2.0,2.2,5.0,8.0,11.2,0.0,0.4,2.0,6.4,4.0,11.0,1441.7826846813127,1447.2462331164606,-5.4635484351479136,1.5
19.0,Wed,2023-01-04,20:00,Aston Villa,1.8,0.9,Wolves,39978.0,Villa Park,Jarred Gillett,173,1,1,6.0,7.0,32.0,641.0,11.0,6.0,9.0,21.0,1.0,6.0,19.0,71.0,12.0,8.0,23.0,553.0,29.0,6.0,13.0,37.0,4.0,9.0,14.0,70.0,2022-2023,D,1.8,1.6,1.8,2.0,6.0,9.0,0.8,1.0,1.6,5.0,4.6,14.0,1480.2463183386421,1432.4208117728863,47.82550656575586,0.0
19.0,Wed,2023-01-04,20:00,Crystal Palace,0.8,1.4,Tottenham,25132.0,Selhurst Park,Michael Oliver,174,0,4,11.0,10.0,20.0,629.0,22.0,8.0,8.0,10.0,1.0,6.0,13.0,73.0,8.0,4.0,14.0,721.0,22.0,9.0,19.0,27.0,2.0,11.0,15.0,67.0,2022-2023,A,1.8,1.0,1.0,5.2,3.2,11.2,1.4,2.0,2.2,8.6,3.2,9.6,1499.9858838516639,1576.9576262802038,-76.97174242853998,1.5
19.0,Thu,2023-01-05,20:00,Chelsea,0.4,2.1,Manchester City,39998.0,Stamford Bridge,Paul Tierney,175,0,1,9.0,3.0,16.0,692.0,28.0,13.0,8.0,14.0,2.0,7.0,16.0,48.0,9.0,2.0,14.0,765.0,19.0,10.0,12.0,15.0,1.0,6.0,17.0,65.0,2022-2023,A,0.8,0.8,1.4,4.4,5.6,11.6,2.0,1.6,1.0,8.2,1.8,10.4,1565.0456987689752,1675.3434992723726,-110.29780050339741,0.0
7.0,Thu,2023-01-12,20:00,Fulham,1.0,2.1,Chelsea,24460.0,Craven Cottage,David Coote,176,2,1,12.0,5.0,20.0,623.0,11.0,10.0,10.0,23.0,3.0,7.0,33.0,67.0,16.0,7.0,14.0,675.0,18.0,15.0,5.0,21.0,3.0,2.0,13.0,58.0,2022-2023,H,1.8,1.6,1.0,4.8,4.6,10.8,0.8,0.6,0.8,3.6,4.4,12.2,1523.715892307187,1556.4833563785805,-32.76746407139353,1.0
20.0,Fri,2023-01-13,20:00,Aston Villa,1.2,2.4,Leeds United,42008.0,Villa Park,Michael Oliver,177,2,1,12.0,0.0,4.0,615.0,28.0,13.0,16.0,31.0,2.0,6.0,27.0,76.0,18.0,11.0,22.0,569.0,27.0,12.0,11.0,7.0,5.0,5.0,38.0,50.0,2022-2023,H,2.0,1.8,1.2,3.4,7.0,8.0,1.0,2.0,2.4,5.8,5.4,12.8,1477.2387931347355,1440.2257655098072,37.01302762492833,1.6666666666666667
20.0,Sat,2023-01-14,12:30,Manchester Utd,1.7,0.6,Manchester City,75546.0,Old Trafford,Stuart Attwell,178,2,1,15.0,1.0,4.0,425.0,15.0,6.0,9.0,29.0,6.0,1.0,14.0,57.0,5.0,2.0,20.0,850.0,6.0,4.0,10.0,5.0,2.0,4.0,13.0,44.0,2022-2023,H,2.4,2.0,0.8,5.6,6.8,11.8,2.0,1.6,1.0,6.6,1.8,10.2,1577.8030678586786,1683.9058416627672,-106.10277380408866,0.0
20.0,Sat,2023-01-14,15:00,Everton,1.4,1.2,Southampton,39305.0,Goodison Park,John Brooks,179,1,2,7.0,6.0,24.0,549.0,10.0,10.0,21.0,20.0,3.0,10.0,18.0,97.0,18.0,4.0,10.0,522.0,18.0,5.0,26.0,33.0,2.0,10.0,16.0,79.0,2022-2023,A,0.2,0.6,2.4,4.2,3.4,9.6,0.0,0.8,2.6,4.4,3.2,10.2,1418.2255129422435,1396.663497912997,21.562015029246595,2.0
20.0,Sat,2023-01-14,15:00,Wolves,0.9,1.1,West Ham,31511.0,Molineux Stadium,Simon Hooper,180,1,0,10.0,4.0,14.0,723.0,15.0,4.0,16.0,38.0,4.0,7.0,20.0,64.0,7.0,3.0,31.0,533.0,11.0,11.0,19.0,18.0,1.0,4.0,22.0,76.0,2022-2023,H,0.8,1.0,1.6,5.4,5.4,13.0,0.2,0.8,2.2,4.6,4.6,12.6,1435.428336976793,1448.8031522879662,-13.374815311173279,1.0
20.0,Sat,2023-01-14,15:00,Nott'ham Forest,2.4,1.0,Leicester City,29301.0,The City Ground,Paul Tierney,181,2,0,11.0,3.0,19.0,508.0,14.0,9.0,13.0,31.0,2.0,5.0,15.0,65.0,12.0,5.0,26.0,705.0,12.0,5.0,11.0,16.0,1.0,9.0,26.0,60.0,2022-2023,H,1.6,1.0,1.2,3.2,5.0,11.6,1.2,1.0,1.2,4.2,5.4,9.8,1472.8060973170263,1465.1642955012644,7.641801815761937,0.0
20.0,Sat,2023-01-14,15:00,Brighton,1.9,1.0,Liverpool,31645.0,The American Express Community Stadium,Darren England,182,3,0,9.0,7.0,16.0,780.0,16.0,7.0,7.0,7.0,4.0,4.0,20.0,42.0,15.0,1.0,4.0,561.0,19.0,16.0,5.0,24.0,2.0,4.0,12.0,43.0,2022-2023,H,1.8,2.6,2.0,6.2,4.2,10.4,2.4,2.2,1.4,5.6,2.8,8.8,1527.3719827590749,1637.4847629069286,-110.11278014785375,0.6666666666666666
20.0,Sat,2023-01-14,17:30,Brentford,1.4,0.6,Bournemouth,17031.0,Brentford Community Stadium,Jarred Gillett,183,2,0,5.0,5.0,24.0,592.0,20.0,7.0,18.0,22.0,2.0,4.0,25.0,66.0,9.0,3.0,17.0,614.0,19.0,13.0,20.0,36.0,1.0,9.0,21.0,58.0,2022-2023,H,2.2,2.2,1.2,3.2,7.0,7.8,0.6,1.2,2.2,4.2,7.4,11.2,1512.7494310229995,1451.384345526036,61.3650854969635,1.0
20.0,Sun,2023-01-15,14:00,Chelsea,1.5,0.7,Crystal Palace,40075.0,Stamford Bridge,Peter Bankes,184,1,0,10.0,11.0,28.0,775.0,33.0,7.0,31.0,24.0,3.0,7.0,14.0,56.0,17.0,7.0,26.0,529.0,24.0,8.0,16.0,27.0,1.0,7.0,28.0,73.0,2022-2023,H,0.8,0.8,1.0,4.2,4.2,11.6,1.2,0.8,1.8,5.6,3.2,10.8,1547.265570537789,1490.4739816966603,56.791588841128714,3.0
20.0,Sun,2023-01-15,14:00,Newcastle Utd,2.2,1.1,Fulham,52247.0,St James' Park,Robert Jones,185,1,0,6.0,10.0,23.0,607.0,18.0,8.0,11.0,13.0,2.0,4.0,22.0,60.0,14.0,5.0,13.0,424.0,17.0,9.0,14.0,28.0,3.0,11.0,19.0,61.0,2022-2023,H,2.2,1.6,0.2,5.2,4.8,11.8,2.4,1.8,0.8,5.8,4.2,11.0,1587.4289695816342,1532.9336781479785,54.495291433655666,3.0
20.0,Sun,2023-01-15,16:30,Tottenham,1.6,1.8,Arsenal,61870.0,Tottenham Hotspur Stadium,Craig Pawson,186,0,2,16.0,4.0,22.0,621.0,17.0,11.0,21.0,21.0,1.0,4.0,28.0,73.0,15.0,3.0,11.0,620.0,13.0,6.0,13.0,30.0,2.0,2.0,19.0,54.0,2022-2023,A,1.4,2.2,1.8,5.6,4.8,10.2,2.6,2.0,0.6,5.2,5.4,10.6,1586.4695284352074,1645.8478767793777,-59.37834834417026,1.0
7.0,Wed,2023-01-18,20:00,Crystal Palace,0.5,2.1,Manchester Utd,23343.0,Selhurst Park,Robert Jones,187,1,1,9.0,3.0,17.0,595.0,24.0,21.0,13.0,18.0,0.0,9.0,21.0,70.0,10.0,3.0,15.0,802.0,32.0,12.0,9.0,18.0,0.0,1.0,18.0,60.0,2022-2023,D,0.6,0.4,1.8,6.0,5.0,12.8,3.0,2.2,0.4,4.8,6.6,12.4,1483.7143699892094,1589.1222786215137,-105.40790863230427,1.5
7.0,Thu,2023-01-19,20:00,Manchester City,2.3,0.8,Tottenham,53088.0,Etihad Stadium,Simon Hooper,188,4,2,10.0,8.0,20.0,724.0,15.0,8.0,11.0,13.0,0.0,4.0,22.0,56.0,14.0,3.0,11.0,564.0,16.0,6.0,11.0,29.0,1.0,8.0,16.0,55.0,2022-2023,H,1.4,1.4,1.2,5.2,2.0,10.0,1.4,2.0,1.8,5.4,4.8,11.4,1672.586630899932,1576.4516358813546,96.13499501857746,0.0
21.0,Sat,2023-01-21,17:30,Crystal Palace,0.3,1.2,Newcastle Utd,25350.0,Selhurst Park,Craig Pawson,194,0,0,13.0,3.0,14.0,487.0,29.0,16.0,18.0,30.0,0.0,10.0,23.0,81.0,7.0,15.0,26.0,674.0,19.0,9.0,20.0,23.0,1.0,5.0,16.0,77.0,2022-2023,D,0.8,0.6,1.8,5.6,5.4,12.0,2.2,1.0,0.0,6.8,4.2,11.0,1485.013923825047,1594.2478603179688,-109.23393649292188,0.6666666666666666
21.0,Sat,2023-01-21,15:00,Leicester City,0.9,1.7,Brighton,32056.0,King Power Stadium,Thomas Bramall,192,2,2,9.0,5.0,10.0,499.0,16.0,9.0,12.0,18.0,0.0,10.0,20.0,39.0,9.0,6.0,19.0,776.0,11.0,14.0,8.0,10.0,2.0,0.0,22.0,48.0,2022-2023,D,0.6,0.6,1.6,4.6,4.4,11.2,1.8,2.6,1.6,5.8,3.6,10.0,1457.0869522780747,1538.8044247227087,-81.71747244463404,0.3333333333333333
21.0,Sat,2023-01-21,15:00,West Ham,2.2,0.5,Everton,62470.0,London Stadium,Stuart Attwell,193,2,0,9.0,4.0,18.0,519.0,17.0,13.0,18.0,51.0,1.0,4.0,15.0,49.0,6.0,9.0,36.0,872.0,19.0,7.0,19.0,15.0,2.0,5.0,12.0,76.0,2022-2023,H,0.2,0.6,2.0,4.8,4.4,12.0,0.2,0.8,2.4,3.8,3.6,9.2,1440.137134626093,1405.920163629103,34.216970996990085,2.0
21.0,Sat,2023-01-21,15:00,Bournemouth,1.4,1.9,Nott'ham Forest,10248.0,Vitality Stadium,Andy Madley,190,1,1,10.0,4.0,12.0,529.0,11.0,9.0,20.0,30.0,2.0,11.0,19.0,70.0,7.0,6.0,29.0,671.0,21.0,11.0,18.0,21.0,2.0,8.0,18.0,68.0,2022-2023,D,0.6,0.6,1.8,4.2,5.8,11.0,2.0,1.0,0.8,3.2,5.4,11.8,1444.7420405713247,1480.883440540216,-36.14139996889139,3.0
21.0,Sat,2023-01-21,12:30,Liverpool,1.4,1.6,Chelsea,53126.0,Anfield,Michael Oliver,189,0,0,16.0,5.0,24.0,655.0,18.0,15.0,12.0,13.0,5.0,11.0,22.0,70.0,9.0,5.0,15.0,736.0,21.0,18.0,18.0,32.0,1.0,9.0,20.0,54.0,2022-2023,D,1.8,1.8,1.8,5.2,3.2,10.2,1.4,1.0,0.8,5.8,4.6,11.4,1626.0523209432947,1554.0251822452399,72.02713869805484,1.0
21.0,Sat,2023-01-21,15:00,Southampton,0.6,1.4,Aston Villa,30158.0,St. Mary's Stadium,Michael Salisbury,191,0,1,19.0,2.0,13.0,483.0,25.0,12.0,23.0,23.0,3.0,9.0,16.0,74.0,9.0,2.0,15.0,708.0,19.0,6.0,14.0,9.0,0.0,2.0,21.0,55.0,2022-2023,A,0.6,1.0,2.0,3.6,4.0,12.4,2.0,1.6,1.2,2.8,8.2,9.2,1408.9688472261375,1484.5169079521395,-75.54806072600195,1.0
21.0,Sun,2023-01-22,14:00,Manchester City,2.8,0.8,Wolves,53282.0,Etihad Stadium,David Coote,195,3,0,10.0,5.0,24.0,719.0,8.0,6.0,14.0,18.0,1.0,3.0,12.0,58.0,10.0,7.0,17.0,611.0,15.0,11.0,9.0,22.0,0.0,11.0,13.0,63.0,2022-2023,H,2.0,2.0,1.2,4.8,2.2,10.2,1.4,0.8,1.0,5.4,4.2,12.0,1678.3726346328635,1444.0943546386661,234.27827999419742,3.0
21.0,Sun,2023-01-22,14:00,Leeds United,0.5,0.4,Brentford,36260.0,Elland Road,Peter Bankes,196,0,0,10.0,2.0,13.0,653.0,17.0,7.0,18.0,16.0,1.0,9.0,25.0,50.0,18.0,3.0,15.0,510.0,14.0,14.0,18.0,25.0,1.0,6.0,23.0,76.0,2022-2023,D,0.4,1.4,2.2,5.4,4.8,13.2,2.6,2.2,0.8,3.6,7.0,6.6,1432.9476506924032,1519.3917359777108,-86.44408528530766,1.3333333333333333
21.0,Sun,2023-01-22,16:30,Arsenal,3.1,0.4,Manchester Utd,60325.0,Emirates Stadium,Anthony Taylor,197,3,2,8.0,12.0,22.0,677.0,21.0,9.0,11.0,10.0,1.0,0.0,11.0,52.0,9.0,4.0,9.0,569.0,21.0,16.0,16.0,36.0,4.0,1.0,17.0,56.0,2022-2023,H,2.6,2.2,0.6,4.6,5.4,11.0,2.6,2.0,0.4,4.8,5.2,12.4,1655.8657693332304,1587.8227247856762,68.04304454755425,1.0
21.0,Mon,2023-01-23,20:00,Fulham,1.0,0.9,Tottenham,24190.0,Craven Cottage,Paul Tierney,198,0,1,10.0,3.0,31.0,668.0,19.0,10.0,9.0,15.0,2.0,6.0,32.0,87.0,10.0,8.0,12.0,617.0,23.0,7.0,21.0,31.0,0.0,6.0,16.0,51.0,2022-2023,A,2.4,1.6,0.6,4.8,5.6,12.0,0.8,1.6,2.0,4.2,6.0,12.6,1526.1147874116439,1570.6656321484231,-44.550844736779254,0.0
22.0,Fri,2023-02-03,20:00,Chelsea,1.3,0.6,Fulham,40041.0,Stamford Bridge,Stuart Attwell,199,0,0,16.0,6.0,16.0,836.0,24.0,9.0,13.0,18.0,3.0,6.0,20.0,61.0,12.0,2.0,21.0,487.0,19.0,19.0,12.0,21.0,0.0,8.0,20.0,63.0,2022-2023,D,1.0,0.6,0.8,5.6,4.0,11.6,1.8,1.0,0.8,4.0,7.0,11.0,1557.6522973191625,1515.6704178165583,41.981879502604215,0.0
22.0,Sat,2023-02-04,17:30,Newcastle Utd,1.0,1.0,West Ham,52256.0,St James' Park,Peter Bankes,206,1,1,11.0,4.0,18.0,697.0,13.0,9.0,20.0,24.0,0.0,7.0,19.0,75.0,13.0,2.0,15.0,479.0,19.0,17.0,15.0,21.0,2.0,8.0,18.0,84.0,2022-2023,D,1.8,0.8,0.0,8.8,4.2,9.6,0.8,1.0,1.6,4.2,5.8,12.0,1592.8402034070612,1447.4899261239284,145.35027728313275,0.5
22.0,Sat,2023-02-04,15:00,Brighton,2.2,1.1,Bournemouth,31600.0,The American Express Community Stadium,Craig Pawson,204,1,0,14.0,7.0,31.0,824.0,17.0,2.0,7.0,5.0,0.0,8.0,15.0,49.0,7.0,3.0,12.0,426.0,20.0,9.0,16.0,22.0,1.0,9.0,19.0,59.0,2022-2023,H,2.0,2.8,1.6,4.8,3.8,9.0,0.2,0.2,2.0,4.4,6.0,10.6,1538.1801584596126,1444.0564122501405,94.12374620947207,1.0
22.0,Sat,2023-02-04,15:00,Manchester Utd,2.0,1.3,Crystal Palace,73420.0,Old Trafford,Andre Marriner,203,2,1,9.0,5.0,17.0,648.0,21.0,5.0,11.0,15.0,1.0,3.0,20.0,43.0,9.0,5.0,19.0,577.0,16.0,13.0,8.0,16.0,4.0,6.0,27.0,51.0,2022-2023,H,2.0,1.8,1.0,3.8,5.8,11.6,1.0,0.6,1.2,6.0,7.0,12.2,1581.3498430157692,1486.4215807359546,94.92826227981459,1.3333333333333333
22.0,Sat,2023-02-04,15:00,Brentford,2.2,0.7,Southampton,17051.0,Brentford Community Stadium,Darren Bond,205,3,0,10.0,4.0,17.0,555.0,13.0,7.0,20.0,18.0,1.0,7.0,21.0,87.0,9.0,4.0,18.0,592.0,15.0,18.0,25.0,29.0,2.0,10.0,16.0,74.0,2022-2023,H,2.2,1.8,0.6,3.8,5.4,8.8,0.6,0.8,1.6,4.0,3.2,14.6,1518.6320803660817,1399.416057891987,119.21602247409464,1.5
22.0,Sat,2023-02-04,15:00,Aston Villa,1.7,2.6,Leicester City,42055.0,Villa Park,Darren England,201,2,4,10.0,11.0,26.0,700.0,9.0,5.0,12.0,9.0,2.0,5.0,13.0,46.0,10.0,3.0,10.0,485.0,23.0,9.0,10.0,34.0,8.0,8.0,18.0,43.0,2022-2023,A,2.0,1.4,1.0,2.4,6.4,8.8,0.2,0.6,2.0,5.2,4.2,11.4,1494.06969728629,1457.7112185411709,36.3584787451191,2.0
22.0,Sat,2023-02-04,12:30,Everton,1.7,0.9,Arsenal,39314.0,Goodison Park,David Coote,200,1,0,13.0,7.0,24.0,404.0,18.0,11.0,17.0,22.0,3.0,14.0,17.0,73.0,8.0,5.0,16.0,785.0,14.0,2.0,12.0,18.0,0.0,5.0,23.0,60.0,2022-2023,H,0.2,0.8,2.2,4.6,3.8,8.8,2.6,2.4,1.0,6.2,5.0,11.4,1398.5673721312676,1662.3386511031374,-263.77127897186983,1.5
22.0,Sat,2023-02-04,15:00,Wolves,2.0,1.8,Liverpool,31664.0,Molineux Stadium,Paul Tierney,202,3,0,9.0,2.0,5.0,558.0,16.0,4.0,14.0,39.0,1.0,10.0,14.0,76.0,7.0,7.0,32.0,723.0,10.0,10.0,16.0,8.0,2.0,4.0,33.0,62.0,2022-2023,H,1.4,0.8,1.2,5.6,4.4,13.0,1.4,1.2,1.6,5.0,4.2,11.8,1440.9893492537108,1622.4252058693721,-181.43585661566135,0.0
22.0,Sun,2023-02-05,14:00,Nott'ham Forest,0.4,0.9,Leeds United,29363.0,The City Ground,Robert Jones,207,1,0,15.0,0.0,8.0,442.0,26.0,15.0,28.0,27.0,2.0,12.0,20.0,87.0,14.0,2.0,17.0,758.0,19.0,2.0,30.0,9.0,3.0,3.0,38.0,79.0,2022-2023,H,1.6,1.0,1.0,4.2,5.2,11.0,0.6,0.8,1.4,5.4,3.6,13.8,1481.5690688614002,1433.7073063040323,47.86176255736791,1.0
22.0,Sun,2023-02-05,16:30,Tottenham,1.4,1.3,Manchester City,61747.0,Tottenham Hotspur Stadium,Andy Madley,208,1,0,19.0,4.0,10.0,439.0,14.0,9.0,9.0,25.0,2.0,11.0,10.0,53.0,14.0,6.0,27.0,699.0,19.0,7.0,16.0,12.0,1.0,6.0,11.0,42.0,2022-2023,H,1.2,1.4,1.6,4.8,5.4,12.6,2.0,2.0,1.0,4.8,3.0,9.4,1581.1100017435087,1681.4776400178189,-100.36763827431014,2.0
8.0,Wed,2023-02-08,20:00,Manchester Utd,2.0,0.6,Leeds United,73456.0,Old Trafford,Simon Hooper,209,2,2,7.0,6.0,30.0,828.0,19.0,8.0,13.0,15.0,1.0,4.0,34.0,64.0,11.0,5.0,6.0,514.0,30.0,16.0,14.0,31.0,0.0,15.0,13.0,57.0,2022-2023,D,2.0,2.0,1.2,3.8,5.4,11.2,0.6,0.6,1.0,5.2,2.6,14.4,1587.1644533370313,1426.7157806198936,160.4486727171377,3.0
23.0,Sat,2023-02-11,12:30,West Ham,1.3,1.1,Chelsea,62471.0,London Stadium,Craig Pawson,210,1,1,9.0,5.0,16.0,400.0,23.0,7.0,15.0,26.0,3.0,6.0,19.0,51.0,11.0,6.0,21.0,799.0,21.0,7.0,18.0,19.0,4.0,6.0,15.0,43.0,2022-2023,D,1.0,1.0,1.2,3.6,5.2,11.2,1.0,0.4,0.6,6.4,4.2,12.0,1452.7963981644034,1554.7985150098168,-102.00211684541341,1.0
23.0,Sat,2023-02-11,15:00,Leicester City,1.7,1.3,Tottenham,32184.0,King Power Stadium,Michael Salisbury,211,4,1,14.0,1.0,5.0,607.0,27.0,12.0,10.0,8.0,2.0,5.0,22.0,60.0,9.0,5.0,13.0,598.0,10.0,9.0,26.0,11.0,2.0,5.0,14.0,47.0,2022-2023,H,0.8,1.4,1.8,4.8,5.4,11.6,1.8,1.6,1.2,4.6,6.0,13.4,1470.4156511129675,1592.2666756038814,-121.85102449091391,0.0
23.0,Sat,2023-02-11,15:00,Crystal Palace,1.1,2.5,Brighton,24827.0,Selhurst Park,Michael Oliver,212,1,1,10.0,1.0,13.0,389.0,19.0,15.0,10.0,24.0,3.0,8.0,15.0,70.0,11.0,6.0,25.0,854.0,23.0,11.0,16.0,17.0,2.0,4.0,17.0,46.0,2022-2023,D,0.4,0.4,1.6,5.6,7.6,11.8,2.0,2.4,1.4,5.8,3.6,9.8,1480.6069704146926,1544.0138867888973,-63.406916374204684,1.0
23.0,Sat,2023-02-11,15:00,Arsenal,1.6,2.0,Brentford,60254.0,Emirates Stadium,Peter Bankes,213,1,1,9.0,7.0,36.0,745.0,10.0,4.0,13.0,16.0,1.0,3.0,17.0,44.0,9.0,4.0,14.0,410.0,12.0,6.0,32.0,37.0,1.0,11.0,12.0,74.0,2022-2023,D,2.0,1.8,1.0,5.8,5.4,10.4,2.6,2.0,0.2,3.4,5.2,8.6,1647.0649076688635,1523.8873658392874,123.17754182957606,2.0
23.0,Sat,2023-02-11,15:00,Southampton,1.1,0.8,Wolves,29751.0,St. Mary's Stadium,Jarred Gillett,214,1,2,12.0,5.0,22.0,503.0,16.0,10.0,31.0,17.0,0.0,4.0,24.0,74.0,14.0,2.0,11.0,664.0,21.0,6.0,15.0,33.0,3.0,9.0,23.0,79.0,2022-2023,A,0.6,0.6,1.6,4.0,3.6,14.6,1.4,1.0,1.0,5.6,5.4,10.4,1394.1607724187813,1454.348851483066,-60.18807906428469,0.0
23.0,Sat,2023-02-11,15:00,Fulham,1.5,0.7,Nott'ham Forest,24244.0,Craven Cottage,Andy Madley,215,2,0,9.0,5.0,29.0,547.0,10.0,15.0,18.0,17.0,1.0,8.0,20.0,61.0,11.0,4.0,16.0,539.0,10.0,10.0,16.0,20.0,3.0,12.0,24.0,67.0,2022-2023,H,1.4,0.6,0.6,3.6,7.4,11.8,2.2,1.2,0.4,2.4,3.8,13.2,1518.524200125904,1488.5605945455388,29.963605580365083,3.0
23.0,Sat,2023-02-11,17:30,Bournemouth,1.5,1.3,Newcastle Utd,10419.0,Vitality Stadium,Stuart Attwell,216,1,1,8.0,4.0,17.0,455.0,20.0,17.0,17.0,30.0,2.0,7.0,22.0,66.0,10.0,6.0,22.0,739.0,15.0,9.0,16.0,15.0,5.0,8.0,20.0,66.0,2022-2023,D,0.2,0.2,1.8,3.4,6.2,10.0,1.4,0.4,0.2,8.6,3.6,10.6,1438.2226839208558,1587.5337313665862,-149.3110474457303,1.0
23.0,Sun,2023-02-12,14:00,Leeds United,1.8,1.1,Manchester Utd,36919.0,Elland Road,Paul Tierney,217,0,2,10.0,7.0,18.0,424.0,23.0,10.0,16.0,15.0,3.0,4.0,20.0,58.0,13.0,3.0,8.0,701.0,30.0,6.0,12.0,19.0,3.0,5.0,19.0,73.0,2022-2023,A,0.6,1.0,1.4,5.6,2.0,12.8,1.6,1.8,1.6,3.8,5.4,10.0,1432.327226598036,1581.5530073588889,-149.22578076085279,0.3333333333333333
23.0,Sun,2023-02-12,16:30,Manchester City,3.3,0.3,Aston Villa,53392.0,Etihad Stadium,Robert Jones,218,3,1,13.0,8.0,18.0,727.0,7.0,3.0,7.0,3.0,1.0,2.0,13.0,65.0,14.0,4.0,7.0,409.0,7.0,16.0,4.0,17.0,4.0,7.0,11.0,59.0,2022-2023,H,1.8,1.8,1.0,4.6,3.6,9.6,2.0,1.6,1.2,4.6,5.8,9.4,1670.3209661574463,1481.3652647144934,188.9557014429529,2.3333333333333335
23.0,Mon,2023-02-13,20:00,Liverpool,2.3,0.4,Everton,53027.0,Anfield,Simon Hooper,219,2,0,8.0,3.0,19.0,745.0,21.0,7.0,12.0,14.0,4.0,4.0,25.0,62.0,16.0,3.0,12.0,557.0,18.0,14.0,9.0,20.0,2.0,8.0,18.0,62.0,2022-2023,H,0.8,0.6,2.0,5.2,4.6,10.8,0.8,0.8,1.8,5.6,4.4,9.6,1609.0657036400169,1413.8411155655415,195.22458807447538,2.3333333333333335
12.0,Wed,2023-02-15,19:30,Arsenal,1.6,1.8,Manchester City,60276.0,Emirates Stadium,Anthony Taylor,220,1,3,11.0,1.0,17.0,654.0,13.0,8.0,11.0,6.0,0.0,3.0,21.0,62.0,15.0,2.0,9.0,435.0,17.0,11.0,14.0,14.0,3.0,10.0,18.0,65.0,2022-2023,A,1.6,1.2,0.8,6.4,4.8,10.0,1.8,2.2,1.2,5.8,3.8,10.4,1642.232319577513,1674.1732755963953,-31.94095601888239,0.0
24.0,Sat,2023-02-18,12:30,Aston Villa,0.5,3.2,Arsenal,42066.0,Villa Park,Simon Hooper,221,2,4,13.0,2.0,9.0,450.0,25.0,13.0,11.0,30.0,0.0,11.0,12.0,57.0,4.0,9.0,30.0,730.0,18.0,0.0,13.0,8.0,2.0,2.0,36.0,49.0,2022-2023,A,1.4,1.4,1.8,4.8,6.4,10.2,1.4,1.4,1.4,5.6,4.2,10.2,1477.5129552755443,1631.4264666015797,-153.9135113260354,0.0
24.0,Sat,2023-02-18,15:00,Brighton,2.2,0.3,Fulham,31619.0,The American Express Community Stadium,Darren England,222,0,1,12.0,10.0,21.0,718.0,10.0,8.0,16.0,3.0,4.0,3.0,13.0,52.0,14.0,2.0,6.0,426.0,13.0,11.0,10.0,20.0,0.0,12.0,9.0,61.0,2022-2023,A,2.2,2.2,0.8,5.6,3.0,10.6,1.4,0.8,0.6,4.0,7.0,11.4,1543.9158309960426,1525.9911987725518,17.92463222349079,0.0
24.0,Sat,2023-02-18,15:00,Nott'ham Forest,0.9,2.4,Manchester City,29365.0,The City Ground,Graham Scott,223,1,1,8.0,0.0,4.0,385.0,13.0,8.0,13.0,43.0,2.0,15.0,9.0,68.0,6.0,10.0,34.0,817.0,10.0,2.0,10.0,5.0,0.0,4.0,27.0,81.0,2022-2023,D,2.0,1.0,0.6,3.0,4.4,12.2,2.4,2.6,1.0,5.8,3.8,12.4,1481.093595898891,1684.9791285723286,-203.88553267343764,0.0
24.0,Sat,2023-02-18,15:00,Chelsea,1.6,0.6,Southampton,40152.0,Stamford Bridge,David Coote,224,0,1,16.0,8.0,20.0,678.0,17.0,8.0,13.0,5.0,3.0,6.0,30.0,56.0,25.0,2.0,8.0,493.0,31.0,13.0,12.0,29.0,1.0,9.0,16.0,73.0,2022-2023,A,1.2,0.6,0.6,7.0,4.8,12.4,0.6,0.6,1.6,4.2,3.2,14.4,1553.5954520592697,1384.1661857688741,169.42926629039562,2.0
24.0,Sat,2023-02-18,15:00,Everton,1.4,0.5,Leeds United,39232.0,Goodison Park,Andy Madley,225,1,0,8.0,6.0,26.0,594.0,23.0,10.0,18.0,18.0,1.0,9.0,32.0,95.0,6.0,4.0,19.0,576.0,24.0,11.0,20.0,20.0,0.0,13.0,22.0,82.0,2022-2023,H,0.6,0.6,2.0,6.0,3.6,10.0,0.4,0.6,1.4,5.4,2.4,12.6,1410.099802864964,1424.8403435214555,-14.740540656491476,1.6666666666666667
24.0,Sat,2023-02-18,15:00,Wolves,1.3,1.1,Bournemouth,31222.0,Molineux Stadium,Michael Salisbury,226,0,1,12.0,12.0,40.0,790.0,16.0,2.0,19.0,14.0,2.0,3.0,18.0,83.0,10.0,2.0,6.0,460.0,9.0,6.0,24.0,49.0,0.0,9.0,22.0,56.0,2022-2023,A,2.0,1.4,1.0,4.6,5.4,11.0,0.4,0.4,1.6,3.8,6.0,8.2,1464.3434381329732,1440.738099875341,23.605338257632184,1.0
24.0,Sat,2023-02-18,15:00,Brentford,0.9,1.1,Crystal Palace,17122.0,Brentford Community Stadium,Paul Tierney,227,1,1,10.0,2.0,25.0,687.0,12.0,9.0,24.0,14.0,3.0,2.0,33.0,73.0,8.0,6.0,19.0,517.0,15.0,14.0,15.0,36.0,2.0,11.0,11.0,68.0,2022-2023,D,2.2,1.8,0.4,4.0,5.0,9.4,0.6,0.6,1.0,3.8,8.0,11.6,1528.719953930638,1480.7050262075472,48.01492772309075,1.0
24.0,Sat,2023-02-18,17:30,Newcastle Utd,2.0,1.9,Liverpool,52758.0,St James' Park,Anthony Taylor,228,0,2,3.0,6.0,18.0,499.0,10.0,7.0,11.0,24.0,3.0,6.0,15.0,58.0,8.0,7.0,19.0,744.0,14.0,4.0,5.0,22.0,0.0,7.0,15.0,71.0,2022-2023,A,1.4,0.6,0.4,8.0,3.8,10.0,0.8,0.6,1.8,5.0,4.2,10.8,1585.018315412101,1612.8070163405944,-27.788700928493427,0.0
24.0,Sun,2023-02-19,14:00,Manchester Utd,4.4,1.6,Leicester City,73578.0,Old Trafford,Stuart Attwell,229,3,0,9.0,6.0,18.0,744.0,23.0,10.0,16.0,22.0,0.0,1.0,17.0,67.0,9.0,6.0,14.0,607.0,26.0,10.0,7.0,15.0,1.0,5.0,15.0,52.0,2022-2023,H,1.6,1.8,1.4,4.2,6.4,9.6,1.4,2.0,1.6,4.0,5.6,11.4,1589.0398904354695,1482.1772960736114,106.8625943618581,1.3333333333333333
24.0,Sun,2023-02-19,16:30,Tottenham,1.5,0.5,West Ham,61476.0,Tottenham Hotspur Stadium,Michael Oliver,230,2,0,16.0,4.0,20.0,708.0,19.0,8.0,19.0,31.0,0.0,6.0,14.0,53.0,10.0,7.0,23.0,549.0,18.0,13.0,20.0,17.0,0.0,11.0,18.0,75.0,2022-2023,H,1.2,1.0,2.0,4.8,4.2,13.6,1.2,1.2,1.0,3.0,6.2,11.2,1580.5050306432374,1453.9994611149505,126.50556952828697,1.3333333333333333
25.0,Fri,2023-02-24,20:00,Fulham,0.5,0.8,Wolves,24399.0,Craven Cottage,Michael Oliver,231,1,1,12.0,3.0,20.0,616.0,20.0,14.0,11.0,15.0,1.0,9.0,34.0,78.0,17.0,3.0,15.0,589.0,19.0,10.0,19.0,16.0,1.0,8.0,22.0,66.0,2022-2023,D,1.4,0.6,0.4,3.4,7.6,11.8,1.8,1.2,1.0,5.4,4.4,11.0,1538.1971836183945,1451.9824789080512,86.21470471034331,1.0
25.0,Sat,2023-02-25,19:45,Crystal Palace,0.7,0.9,Liverpool,25842.0,Selhurst Park,Darren England,237,0,0,11.0,5.0,23.0,508.0,16.0,6.0,18.0,25.0,4.0,5.0,23.0,70.0,14.0,3.0,14.0,784.0,14.0,5.0,18.0,19.0,1.0,10.0,24.0,58.0,2022-2023,D,0.8,0.8,1.0,3.6,6.2,9.8,1.4,0.8,1.2,4.6,4.6,10.8,1483.7175094343145,1623.7314848340827,-140.01397539976824,0.3333333333333333
25.0,Sat,2023-02-25,17:30,Bournemouth,1.0,2.4,Manchester City,10481.0,Vitality Stadium,Paul Tierney,236,1,4,10.0,4.0,16.0,533.0,15.0,10.0,10.0,12.0,1.0,7.0,15.0,50.0,9.0,6.0,16.0,901.0,26.0,6.0,9.0,16.0,2.0,7.0,11.0,30.0,2022-2023,A,1.0,0.6,1.0,3.2,7.2,8.8,2.0,2.0,0.8,6.2,3.2,11.6,1453.099059100263,1681.0593412262865,-227.96028212602346,0.0
25.0,Sat,2023-02-25,15:00,Leeds United,0.9,0.4,Southampton,36641.0,Elland Road,Peter Bankes,235,1,0,15.0,9.0,26.0,704.0,23.0,8.0,12.0,13.0,2.0,3.0,25.0,49.0,13.0,2.0,10.0,527.0,27.0,11.0,10.0,32.0,3.0,7.0,15.0,45.0,2022-2023,H,0.4,0.4,1.2,4.0,3.6,10.2,1.2,0.8,1.4,3.4,4.4,16.6,1416.135696569612,1399.9521520594396,16.183544510172396,0.6666666666666666
25.0,Sat,2023-02-25,15:00,Everton,1.6,1.9,Aston Villa,39309.0,Goodison Park,Anthony Taylor,233,0,2,12.0,5.0,35.0,531.0,20.0,12.0,17.0,15.0,1.0,8.0,23.0,75.0,12.0,1.0,8.0,587.0,16.0,7.0,18.0,29.0,0.0,7.0,22.0,57.0,2022-2023,A,1.2,0.6,1.2,6.2,4.0,10.0,1.2,1.6,2.4,3.8,6.6,11.6,1418.8044498168074,1470.1520397026006,-51.34758988579324,0.0
25.0,Sat,2023-02-25,15:00,Leicester City,0.0,0.7,Arsenal,32227.0,King Power Stadium,Craig Pawson,232,0,1,14.0,0.0,10.0,459.0,12.0,6.0,16.0,21.0,4.0,9.0,20.0,57.0,9.0,8.0,15.0,733.0,11.0,6.0,18.0,11.0,4.0,3.0,17.0,65.0,2022-2023,A,1.4,2.0,2.0,4.0,6.2,10.8,1.4,1.8,1.8,6.8,3.8,8.0,1476.6418874733263,1638.7873821745234,-162.1454947011971,0.0
25.0,Sat,2023-02-25,15:00,West Ham,2.7,0.4,Nott'ham Forest,62469.0,London Stadium,Jarred Gillett,234,4,0,8.0,12.0,33.0,569.0,13.0,7.0,25.0,16.0,1.0,8.0,15.0,60.0,5.0,3.0,19.0,599.0,15.0,5.0,23.0,27.0,1.0,6.0,20.0,75.0,2022-2023,H,1.0,0.8,1.0,4.2,5.4,9.6,1.6,1.0,0.8,2.6,5.2,10.4,1448.905126708733,1485.013383244933,-36.10825653620009,0.0
25.0,Sun,2023-02-26,13:30,Tottenham,0.8,0.4,Chelsea,61613.0,Tottenham Hotspur Stadium,Stuart Attwell,238,2,0,10.0,4.0,13.0,566.0,27.0,10.0,17.0,23.0,0.0,8.0,12.0,55.0,10.0,4.0,16.0,755.0,19.0,12.0,11.0,23.0,2.0,4.0,19.0,49.0,2022-2023,H,1.8,1.4,1.6,4.8,5.0,13.6,1.2,0.4,0.4,7.2,4.2,12.4,1585.599365049455,1537.8094857687042,47.78987928075071,0.3333333333333333
7.0,Wed,2023-03-01,19:45,Arsenal,2.6,1.2,Everton,60213.0,Emirates Stadium,Michael Oliver,239,4,0,5.0,5.0,15.0,878.0,7.0,7.0,11.0,10.0,4.0,5.0,22.0,60.0,12.0,1.0,6.0,396.0,12.0,12.0,15.0,26.0,2.0,12.0,11.0,67.0,2022-2023,H,1.4,1.4,1.4,6.0,3.0,8.2,1.2,0.4,1.2,6.0,3.4,11.0,1645.9292747454485,1408.5554649055862,237.37380983986236,1.0
7.0,Wed,2023-03-01,20:00,Liverpool,2.6,0.8,Wolves,53259.0,Anfield,Paul Tierney,240,2,0,13.0,5.0,17.0,671.0,12.0,12.0,9.0,6.0,1.0,3.0,27.0,54.0,14.0,2.0,8.0,557.0,21.0,11.0,12.0,17.0,3.0,7.0,22.0,59.0,2022-2023,H,1.6,0.8,0.6,5.0,4.2,10.6,1.4,1.2,1.2,5.2,4.4,12.4,1621.4683667849679,1455.9588553055246,165.5095114794433,2.0
26.0,Sat,2023-03-04,15:00,Wolves,0.5,1.2,Tottenham,31585.0,Molineux Stadium,Tim Robinson,246,1,0,11.0,4.0,10.0,557.0,18.0,4.0,9.0,31.0,3.0,6.0,11.0,64.0,18.0,8.0,25.0,608.0,5.0,6.0,10.0,11.0,1.0,4.0,20.0,62.0,2022-2023,H,1.4,1.2,1.0,4.2,4.4,13.2,2.4,1.4,0.8,5.0,4.2,12.8,1451.669281162575,1592.5927725572124,-140.92349139463727,1.0
26.0,Sat,2023-03-04,12:30,Manchester City,1.3,0.4,Newcastle Utd,53419.0,Etihad Stadium,Simon Hooper,241,2,0,8.0,8.0,18.0,662.0,13.0,4.0,9.0,24.0,0.0,4.0,17.0,67.0,13.0,4.0,17.0,538.0,11.0,11.0,7.0,19.0,1.0,7.0,17.0,58.0,2022-2023,H,2.0,2.2,1.0,6.4,2.6,11.4,1.2,0.6,0.8,8.2,4.2,7.4,1686.569489045388,1574.0938469186126,112.47564212677548,2.3333333333333335
26.0,Sat,2023-03-04,15:00,Arsenal,2.1,1.3,Bournemouth,60222.0,Emirates Stadium,Chris Kavanagh,242,3,2,6.0,17.0,48.0,891.0,17.0,2.0,19.0,5.0,0.0,1.0,11.0,36.0,8.0,1.0,7.0,383.0,16.0,12.0,15.0,62.0,0.0,15.0,11.0,69.0,2022-2023,H,2.0,2.2,1.2,6.0,1.8,7.6,1.0,0.8,1.4,3.4,7.4,9.0,1648.9878275444937,1447.5889112811615,201.39891626333224,3.0
26.0,Sat,2023-03-04,15:00,Aston Villa,1.2,0.2,Crystal Palace,41893.0,Villa Park,Craig Pawson,243,1,0,14.0,2.0,6.0,646.0,13.0,7.0,8.0,10.0,0.0,6.0,17.0,43.0,17.0,4.0,15.0,495.0,22.0,9.0,4.0,8.0,5.0,9.0,16.0,61.0,2022-2023,H,1.2,1.6,2.2,4.0,5.4,11.6,0.8,0.6,0.8,4.0,6.2,10.2,1480.4010246138218,1485.9806274834293,-5.57960286960747,1.3333333333333333
26.0,Sat,2023-03-04,15:00,Chelsea,1.5,1.0,Leeds United,39905.0,Stamford Bridge,Michael Oliver,244,1,0,11.0,5.0,19.0,758.0,26.0,12.0,14.0,15.0,2.0,10.0,14.0,56.0,7.0,7.0,17.0,591.0,23.0,12.0,16.0,14.0,2.0,12.0,17.0,46.0,2022-2023,H,0.6,0.2,0.8,5.8,3.6,12.4,0.8,0.6,1.2,5.4,3.4,11.2,1530.8160782609468,1423.977437956263,106.83864030468385,2.0
26.0,Sat,2023-03-04,15:00,Brighton,3.5,0.3,West Ham,31523.0,The American Express Community Stadium,Stuart Attwell,245,4,0,6.0,7.0,18.0,842.0,20.0,3.0,8.0,7.0,0.0,2.0,18.0,48.0,8.0,3.0,7.0,491.0,11.0,10.0,6.0,22.0,0.0,12.0,18.0,45.0,2022-2023,H,1.6,1.4,0.8,7.2,2.4,11.0,1.6,1.6,0.8,6.0,5.2,9.8,1531.7098461501998,1458.2185489334483,73.49129721675149,2.3333333333333335
26.0,Sat,2023-03-04,17:30,Southampton,1.4,1.9,Leicester City,30139.0,St. Mary's Stadium,Robert Jones,247,1,0,12.0,3.0,7.0,509.0,21.0,16.0,12.0,20.0,4.0,11.0,20.0,74.0,11.0,4.0,23.0,790.0,22.0,10.0,26.0,10.0,2.0,6.0,28.0,64.0,2022-2023,H,0.6,0.4,1.4,3.0,5.0,15.6,1.4,2.0,1.8,3.0,7.2,11.2,1392.1104106727887,1469.499994902401,-77.38958422961241,1.3333333333333333
26.0,Sun,2023-03-05,16:30,Liverpool,2.8,0.8,Manchester Utd,53001.0,Anfield,Andy Madley,249,7,0,13.0,4.0,20.0,630.0,17.0,9.0,9.0,14.0,0.0,6.0,20.0,70.0,14.0,3.0,18.0,477.0,15.0,9.0,12.0,28.0,4.0,5.0,21.0,57.0,2022-2023,H,2.0,1.2,0.6,5.0,3.6,10.0,2.0,2.2,1.2,4.8,7.0,9.4,1625.7579409279174,1594.5752990357546,31.182641892162792,2.0
26.0,Sun,2023-03-05,14:00,Nott'ham Forest,0.8,1.7,Everton,29353.0,The City Ground,John Brooks,248,2,2,11.0,3.0,24.0,665.0,24.0,9.0,21.0,19.0,0.0,5.0,30.0,78.0,17.0,3.0,14.0,539.0,21.0,13.0,30.0,27.0,0.0,3.0,21.0,89.0,2022-2023,D,1.0,0.6,1.6,2.6,6.6,9.2,1.2,0.4,1.6,4.4,3.6,12.2,1475.6999610202176,1405.496912106541,70.20304891367664,1.0
26.0,Mon,2023-03-06,20:00,Brentford,2.2,1.4,Fulham,17025.0,Brentford Community Stadium,Anthony Taylor,250,3,2,12.0,2.0,21.0,445.0,22.0,11.0,18.0,29.0,3.0,3.0,22.0,60.0,17.0,3.0,31.0,650.0,12.0,13.0,7.0,22.0,1.0,9.0,21.0,58.0,2022-2023,H,1.8,1.4,0.4,3.6,4.4,10.4,1.6,0.8,0.4,3.0,6.2,11.4,1525.7074707038707,1534.2208072209212,-8.513336517050448,0.0
27.0,Sat,2023-03-11,12:30,Bournemouth,0.9,1.7,Liverpool,10536.0,Vitality Stadium,John Brooks,251,1,0,7.0,3.0,11.0,450.0,11.0,13.0,17.0,37.0,2.0,8.0,21.0,71.0,9.0,8.0,25.0,804.0,22.0,11.0,14.0,12.0,4.0,6.0,36.0,88.0,2022-2023,H,0.8,1.0,1.8,2.8,9.6,8.6,2.6,2.6,0.0,4.4,3.8,11.2,1443.954498149198,1633.1921333754553,-189.23763522625745,0.0
27.0,Sat,2023-03-11,15:00,Leeds United,0.9,2.7,Brighton,36471.0,Elland Road,Paul Tierney,252,2,2,12.0,4.0,10.0,541.0,14.0,21.0,5.0,28.0,3.0,8.0,6.0,37.0,9.0,7.0,23.0,780.0,24.0,8.0,12.0,9.0,3.0,2.0,16.0,52.0,2022-2023,D,0.8,0.6,1.2,6.4,4.4,9.8,1.6,1.6,0.8,7.2,2.8,10.4,1418.441477311582,1538.0461894470957,-119.60471213551364,0.6666666666666666
27.0,Sat,2023-03-11,15:00,Everton,1.0,2.0,Brentford,39274.0,Goodison Park,Simon Hooper,253,1,0,11.0,5.0,16.0,433.0,25.0,10.0,18.0,28.0,3.0,10.0,10.0,77.0,12.0,8.0,29.0,697.0,11.0,4.0,23.0,13.0,1.0,4.0,29.0,89.0,2022-2023,H,0.8,0.6,2.0,3.6,3.2,13.0,1.8,1.6,0.8,3.0,4.4,11.8,1409.078346167444,1534.2363187177143,-125.15797255027042,0.3333333333333333
27.0,Sat,2023-03-11,15:00,Leicester City,2.4,1.6,Chelsea,32170.0,King Power Stadium,Andre Marriner,254,1,3,10.0,2.0,12.0,666.0,15.0,15.0,19.0,10.0,0.0,3.0,19.0,32.0,11.0,5.0,11.0,718.0,24.0,9.0,10.0,18.0,4.0,5.0,17.0,60.0,2022-2023,A,1.2,1.6,1.6,2.8,6.6,11.6,1.0,0.4,0.8,5.8,4.0,12.8,1458.9998999654129,1536.3520389056278,-77.3521389402149,0.3333333333333333
27.0,Sat,2023-03-11,15:00,Tottenham,2.0,1.5,Nott'ham Forest,61460.0,Tottenham Hotspur Stadium,Craig Pawson,255,3,1,13.0,2.0,23.0,628.0,10.0,8.0,17.0,28.0,1.0,8.0,14.0,55.0,13.0,10.0,20.0,523.0,8.0,7.0,11.0,17.0,1.0,3.0,9.0,54.0,2022-2023,H,1.8,1.2,1.0,5.0,4.4,14.4,1.0,0.8,1.8,2.0,6.4,10.0,1580.3048320541227,1472.1185269593147,108.18630509480795,3.0
27.0,Sat,2023-03-11,17:30,Crystal Palace,0.2,2.1,Manchester City,25844.0,Selhurst Park,Robert Jones,256,0,1,11.0,2.0,8.0,439.0,11.0,9.0,9.0,24.0,3.0,10.0,18.0,51.0,17.0,6.0,22.0,754.0,14.0,9.0,12.0,12.0,2.0,1.0,21.0,61.0,2022-2023,A,0.6,0.6,1.0,4.2,3.6,11.0,2.6,2.6,0.8,6.8,2.6,10.2,1477.5342871395562,1691.9764809384492,-214.44219379889296,1.3333333333333333
27.0,Sun,2023-03-12,14:00,West Ham,2.1,1.5,Aston Villa,62472.0,London Stadium,Chris Kavanagh,259,1,1,9.0,12.0,31.0,514.0,18.0,12.0,12.0,22.0,6.0,5.0,13.0,55.0,6.0,2.0,16.0,699.0,12.0,6.0,8.0,26.0,1.0,8.0,16.0,46.0,2022-2023,D,1.0,1.2,1.6,5.8,4.8,9.6,1.2,1.6,2.2,4.0,5.8,12.6,1451.8822056365525,1488.847364957695,-36.96515932114244,3.0
27.0,Sun,2023-03-12,16:30,Newcastle Utd,1.8,1.1,Wolves,52240.0,St James' Park,Andy Madley,260,2,1,11.0,10.0,23.0,478.0,13.0,5.0,12.0,23.0,0.0,7.0,25.0,54.0,10.0,3.0,23.0,591.0,20.0,6.0,11.0,26.0,0.0,7.0,14.0,67.0,2022-2023,H,0.6,0.4,1.2,7.0,4.8,8.8,1.4,0.8,1.0,4.6,4.6,13.6,1568.6868550255515,1463.9572216656647,104.72963335988675,1.3333333333333333
27.0,Sun,2023-03-12,14:00,Manchester Utd,0.8,1.0,Southampton,73439.0,Old Trafford,Anthony Taylor,257,0,0,12.0,7.0,19.0,555.0,21.0,3.0,11.0,28.0,0.0,7.0,25.0,67.0,9.0,8.0,22.0,619.0,15.0,15.0,6.0,20.0,2.0,4.0,19.0,39.0,2022-2023,D,2.0,1.8,2.0,4.6,5.4,10.4,1.2,0.6,1.2,3.2,5.4,14.2,1587.1411065882166,1402.610505609777,184.53060097843968,1.6666666666666667
27.0,Sun,2023-03-12,14:00,Fulham,0.8,2.3,Arsenal,24426.0,Craven Cottage,David Coote,258,0,3,10.0,4.0,16.0,570.0,14.0,7.0,16.0,12.0,2.0,3.0,22.0,63.0,9.0,8.0,18.0,668.0,20.0,5.0,11.0,17.0,2.0,6.0,12.0,60.0,2022-2023,A,1.6,1.2,0.8,3.0,5.0,12.8,2.4,2.6,1.4,8.0,1.2,7.0,1525.6919592070776,1652.6222406764573,-126.93028146937968,0.0
7.0,Wed,2023-03-15,19:30,Southampton,0.5,1.9,Brentford,30438.0,St. Mary's Stadium,Michael Salisbury,261,0,2,14.0,3.0,31.0,713.0,16.0,3.0,17.0,13.0,1.0,5.0,22.0,73.0,10.0,3.0,11.0,447.0,20.0,14.0,23.0,26.0,1.0,10.0,17.0,67.0,2022-2023,A,1.4,0.6,0.6,4.0,6.0,14.2,1.6,1.6,1.0,4.0,5.0,10.6,1408.6783469553302,1522.3826031612116,-113.70425620588139,1.0
8.0,Wed,2023-03-15,19:30,Brighton,0.6,1.1,Crystal Palace,30933.0,The American Express Community Stadium,Peter Bankes,262,1,0,13.0,1.0,10.0,720.0,20.0,15.0,10.0,9.0,2.0,4.0,18.0,45.0,20.0,4.0,13.0,579.0,15.0,13.0,3.0,15.0,0.0,8.0,15.0,61.0,2022-2023,H,1.6,1.6,0.8,7.4,2.6,10.4,0.6,0.4,0.8,3.6,3.8,11.4,1536.3472626440055,1471.7081306166838,64.6391320273217,1.0
28.0,Fri,2023-03-17,20:00,Nott'ham Forest,0.4,2.4,Newcastle Utd,29362.0,The City Ground,Paul Tierney,263,1,2,17.0,3.0,10.0,434.0,12.0,10.0,13.0,25.0,1.0,10.0,23.0,91.0,9.0,7.0,26.0,590.0,15.0,8.0,24.0,10.0,1.0,7.0,15.0,46.0,2022-2023,A,0.4,0.8,2.4,4.0,6.4,9.6,1.0,0.8,1.4,6.0,4.8,9.6,1466.6135716651095,1574.2715527367372,-107.65798107162777,0.0
28.0,Sat,2023-03-18,15:00,Wolves,2.7,1.6,Leeds United,31570.0,Molineux Stadium,Michael Salisbury,264,2,4,15.0,5.0,24.0,744.0,21.0,9.0,16.0,8.0,2.0,9.0,22.0,58.0,9.0,4.0,15.0,469.0,21.0,9.0,11.0,37.0,0.0,9.0,19.0,56.0,2022-2023,A,0.8,0.6,1.2,4.8,5.6,12.8,0.8,0.6,1.2,6.2,4.6,10.0,1458.372523954479,1420.1404041146723,38.23211983980673,0.3333333333333333
28.0,Sat,2023-03-18,15:00,Brentford,0.6,1.3,Leicester City,17006.0,Brentford Community Stadium,Darren Bond,265,1,1,10.0,8.0,28.0,650.0,22.0,8.0,16.0,14.0,1.0,5.0,23.0,78.0,11.0,4.0,13.0,610.0,12.0,14.0,15.0,32.0,3.0,10.0,19.0,60.0,2022-2023,D,1.6,1.4,1.0,3.8,4.8,10.6,0.6,1.0,1.8,2.6,5.4,11.6,1530.8490645638094,1449.4989198299747,81.35014473383467,0.3333333333333333
28.0,Sat,2023-03-18,15:00,Aston Villa,3.5,1.3,Bournemouth,41021.0,Villa Park,Robert Jones,266,3,0,8.0,9.0,14.0,576.0,16.0,5.0,7.0,9.0,0.0,5.0,18.0,50.0,13.0,6.0,15.0,500.0,20.0,12.0,9.0,17.0,2.0,5.0,13.0,56.0,2022-2023,H,1.4,1.4,1.6,2.2,7.6,11.8,1.4,1.2,1.6,2.8,9.8,8.6,1489.5093912423163,1457.5116854295309,31.997705812785398,0.0
28.0,Sat,2023-03-18,15:00,Southampton,2.4,2.3,Tottenham,30157.0,St. Mary's Stadium,Simon Hooper,267,3,3,13.0,10.0,20.0,606.0,13.0,8.0,10.0,19.0,2.0,6.0,17.0,53.0,8.0,3.0,16.0,594.0,19.0,9.0,14.0,21.0,1.0,8.0,11.0,57.0,2022-2023,D,1.4,0.4,0.6,3.6,6.2,14.6,1.8,1.6,1.2,4.6,5.2,13.2,1400.2118855527324,1585.809787348328,-185.5979017955956,1.3333333333333333
28.0,Sat,2023-03-18,17:30,Chelsea,2.3,1.2,Everton,40025.0,Stamford Bridge,Darren England,268,2,2,8.0,8.0,29.0,701.0,15.0,8.0,19.0,9.0,2.0,8.0,20.0,70.0,12.0,2.0,8.0,404.0,20.0,6.0,9.0,32.0,1.0,6.0,24.0,57.0,2022-2023,D,1.4,1.0,1.0,5.6,4.0,11.8,1.4,0.8,1.6,4.0,4.2,12.0,1545.8530190410659,1420.9320617239466,124.92095731711925,1.3333333333333333
28.0,Sun,2023-03-19,14:00,Arsenal,1.6,0.8,Crystal Palace,60247.0,Emirates Stadium,Stuart Attwell,269,4,1,8.0,5.0,25.0,738.0,15.0,4.0,18.0,11.0,2.0,3.0,14.0,52.0,10.0,4.0,11.0,513.0,18.0,18.0,11.0,34.0,2.0,7.0,14.0,58.0,2022-2023,H,3.0,3.0,0.8,9.4,1.6,6.6,0.4,0.2,0.8,4.2,2.8,13.4,1660.7193138063658,1465.1491699963658,195.57014381,1.3333333333333333
29.0,Sat,2023-04-01,15:00,Bournemouth,2.6,0.8,Fulham,10305.0,Vitality Stadium,Peter Bankes,275,2,1,15.0,4.0,12.0,490.0,17.0,8.0,12.0,12.0,1.0,9.0,13.0,73.0,13.0,3.0,18.0,638.0,19.0,4.0,11.0,16.0,1.0,6.0,18.0,72.0,2022-2023,H,1.2,1.0,2.0,3.2,10.4,9.6,1.4,1.2,1.4,3.4,5.4,12.4,1450.0993947636323,1517.5948860771691,-67.49549131353683,1.0
29.0,Sat,2023-04-01,17:30,Chelsea,2.1,0.9,Aston Villa,40082.0,Stamford Bridge,Andy Madley,276,0,2,14.0,13.0,39.0,770.0,18.0,9.0,11.0,5.0,2.0,3.0,20.0,68.0,16.0,2.0,4.0,424.0,24.0,8.0,13.0,33.0,0.0,13.0,9.0,41.0,2022-2023,A,1.4,1.2,1.2,6.0,3.4,11.2,2.0,1.8,1.0,3.2,7.2,10.6,1540.9820636612908,1496.9216819082149,44.060381753075944,3.0
29.0,Sat,2023-04-01,15:00,Crystal Palace,2.3,0.2,Leicester City,25147.0,Selhurst Park,Tim Robinson,274,2,1,12.0,10.0,24.0,626.0,12.0,9.0,15.0,13.0,1.0,1.0,27.0,70.0,16.0,1.0,7.0,603.0,24.0,14.0,17.0,32.0,2.0,14.0,11.0,59.0,2022-2023,H,0.2,0.2,1.4,3.8,3.4,13.8,0.2,0.4,1.8,3.2,6.0,11.0,1461.4139035011558,1453.3567690854165,8.057134415739256,0.6666666666666666
29.0,Sat,2023-04-01,15:00,Nott'ham Forest,1.3,0.5,Wolves,29368.0,The City Ground,Chris Kavanagh,272,1,1,14.0,4.0,14.0,391.0,15.0,6.0,17.0,15.0,2.0,5.0,18.0,53.0,13.0,3.0,22.0,793.0,14.0,6.0,16.0,24.0,0.0,7.0,20.0,69.0,2022-2023,D,0.4,1.0,2.4,3.8,6.8,10.8,0.8,1.0,1.8,3.4,6.0,13.4,1457.9767396317434,1445.6181811816928,12.358558450050623,0.0
29.0,Sat,2023-04-01,15:00,Arsenal,3.8,0.7,Leeds United,60283.0,Emirates Stadium,Darren England,271,4,1,11.0,4.0,11.0,784.0,15.0,8.0,20.0,17.0,5.0,4.0,14.0,47.0,13.0,3.0,10.0,449.0,21.0,13.0,12.0,14.0,1.0,5.0,20.0,56.0,2022-2023,H,3.0,3.0,0.6,8.6,2.0,7.4,1.4,1.4,1.2,5.6,5.0,9.8,1664.4545803015758,1432.8947468874585,231.5598334141173,3.0
29.0,Sat,2023-04-01,12:30,Manchester City,2.9,0.3,Liverpool,52877.0,Etihad Stadium,Simon Hooper,270,4,1,9.0,7.0,15.0,868.0,7.0,4.0,1.0,11.0,3.0,2.0,15.0,54.0,12.0,1.0,8.0,450.0,12.0,9.0,7.0,18.0,5.0,4.0,5.0,48.0,2022-2023,H,2.6,2.2,0.6,6.4,2.2,11.0,2.0,2.2,0.2,5.4,3.8,11.4,1697.8026374613216,1619.6349460951224,78.16769136619928,0.6666666666666666
29.0,Sat,2023-04-01,15:00,Brighton,4.2,1.6,Brentford,31493.0,The American Express Community Stadium,Michael Oliver,273,3,3,16.0,14.0,37.0,729.0,9.0,2.0,16.0,5.0,2.0,0.0,17.0,61.0,10.0,0.0,8.0,373.0,16.0,9.0,10.0,38.0,2.0,9.0,6.0,55.0,2022-2023,D,1.6,1.6,0.8,6.2,2.8,10.2,1.6,1.4,1.0,4.6,4.2,10.8,1542.9062232643234,1526.9912153083676,15.915007955955843,2.0
29.0,Sun,2023-04-02,14:00,West Ham,1.4,0.3,Southampton,62498.0,London Stadium,Paul Tierney,277,1,0,10.0,5.0,19.0,582.0,28.0,13.0,12.0,13.0,1.0,6.0,27.0,84.0,11.0,3.0,14.0,755.0,26.0,14.0,19.0,24.0,1.0,8.0,28.0,51.0,2022-2023,H,1.0,1.2,1.6,7.8,4.4,8.8,1.0,0.8,1.2,5.2,5.2,12.2,1451.2201793519312,1403.6772298755247,47.54294947640642,0.6666666666666666
29.0,Sun,2023-04-02,16:30,Newcastle Utd,3.7,0.4,Manchester Utd,52268.0,St James' Park,Stuart Attwell,278,2,0,8.0,7.0,16.0,509.0,22.0,11.0,14.0,9.0,1.0,7.0,26.0,53.0,12.0,4.0,12.0,570.0,18.0,9.0,8.0,25.0,0.0,8.0,19.0,49.0,2022-2023,H,1.4,1.0,1.4,6.6,5.0,9.2,1.6,1.4,1.8,5.0,6.0,11.0,1582.9083847701033,1581.0732652426634,1.8351195274399288,0.6666666666666666
29.0,Mon,2023-04-03,20:00,Everton,0.9,1.4,Tottenham,39294.0,Goodison Park,David Coote,279,1,1,10.0,3.0,23.0,545.0,23.0,8.0,13.0,19.0,1.0,7.0,13.0,70.0,14.0,3.0,15.0,750.0,14.0,5.0,14.0,24.0,3.0,10.0,16.0,78.0,2022-2023,D,1.0,1.0,2.0,3.2,5.0,12.8,2.0,2.0,1.0,4.2,7.0,13.0,1425.8030171037217,1582.3444430255356,-156.54142592181393,0.3333333333333333
8.0,Tue,2023-04-04,20:00,Chelsea,2.2,0.3,Liverpool,40093.0,Stamford Bridge,Anthony Taylor,283,0,0,6.0,3.0,13.0,693.0,24.0,12.0,8.0,14.0,4.0,2.0,17.0,59.0,17.0,5.0,13.0,686.0,13.0,6.0,10.0,17.0,3.0,9.0,25.0,67.0,2022-2023,D,1.4,1.2,1.4,7.0,3.4,10.8,1.4,2.0,1.0,4.2,4.0,12.2,1528.0734236773676,1613.4145552749837,-85.34113159761614,1.0
7.0,Tue,2023-04-04,19:45,Leeds United,1.8,0.8,Nott'ham Forest,36740.0,Elland Road,Robert Jones,280,2,1,11.0,11.0,25.0,701.0,15.0,10.0,23.0,22.0,3.0,3.0,21.0,69.0,13.0,4.0,11.0,491.0,18.0,8.0,15.0,33.0,3.0,8.0,25.0,65.0,2022-2023,H,1.4,1.6,1.8,5.4,4.6,11.2,0.4,1.0,2.4,4.6,5.4,12.0,1429.748474083086,1455.9236905301707,-26.175216447084722,0.0
7.0,Tue,2023-04-04,19:45,Bournemouth,1.7,2.7,Brighton,10266.0,Vitality Stadium,Darren Bond,281,0,2,11.0,5.0,18.0,496.0,18.0,15.0,12.0,13.0,1.0,12.0,17.0,45.0,5.0,5.0,11.0,763.0,17.0,7.0,14.0,13.0,0.0,3.0,19.0,55.0,2022-2023,A,1.2,1.2,2.2,3.6,8.6,10.6,1.6,2.0,1.2,7.8,2.6,11.2,1460.3150988818675,1540.7553349544748,-80.44023607260738,0.0
7.0,Tue,2023-04-04,19:45,Leicester City,0.5,1.0,Aston Villa,32087.0,King Power Stadium,Graham Scott,282,1,2,10.0,4.0,16.0,407.0,19.0,15.0,6.0,11.0,2.0,7.0,8.0,48.0,14.0,8.0,14.0,659.0,7.0,6.0,10.0,20.0,1.0,7.0,19.0,36.0,2022-2023,A,0.2,0.6,1.6,2.2,6.8,12.4,2.6,1.8,0.2,3.2,8.0,11.2,1445.29093554327,1509.830321892138,-64.53938634886799,1.3333333333333333
25.0,Wed,2023-04-05,20:00,Manchester Utd,1.2,0.7,Brentford,73309.0,Old Trafford,John Brooks,285,1,0,9.0,12.0,18.0,742.0,15.0,8.0,23.0,14.0,2.0,5.0,12.0,75.0,13.0,3.0,15.0,474.0,18.0,10.0,17.0,27.0,1.0,11.0,11.0,63.0,2022-2023,H,1.4,1.0,1.8,4.6,6.4,12.0,1.6,1.8,1.4,4.2,5.8,10.8,1572.8344666248463,1529.1421036182162,43.6923630066301,2.0
7.0,Wed,2023-04-05,20:00,West Ham,1.0,3.3,Newcastle Utd,62481.0,London Stadium,Craig Pawson,284,1,5,11.0,7.0,20.0,486.0,13.0,7.0,12.0,16.0,0.0,7.0,14.0,59.0,12.0,6.0,16.0,644.0,24.0,13.0,19.0,18.0,0.0,7.0,15.0,71.0,2022-2023,A,1.4,1.2,1.4,7.8,3.8,9.0,1.8,1.2,1.2,6.8,5.0,8.8,1458.2200529880547,1591.1471833879204,-132.92713039986575,1.6666666666666667
30.0,Sat,2023-04-08,15:00,Tottenham,0.8,1.4,Brighton,61405.0,Tottenham Hotspur Stadium,Stuart Attwell,292,2,1,15.0,3.0,15.0,453.0,17.0,7.0,9.0,25.0,2.0,8.0,10.0,61.0,15.0,7.0,22.0,693.0,18.0,4.0,18.0,12.0,1.0,2.0,14.0,55.0,2022-2023,H,1.6,1.8,1.2,4.0,6.2,12.6,2.2,2.4,1.0,6.8,3.2,9.8,1579.6351306328706,1550.1676954859265,29.467435146944126,2.0
30.0,Sat,2023-04-08,12:30,Manchester Utd,3.4,1.0,Everton,73509.0,Old Trafford,Michael Oliver,286,2,0,10.0,10.0,9.0,774.0,10.0,7.0,14.0,23.0,3.0,2.0,20.0,64.0,9.0,4.0,18.0,480.0,30.0,6.0,14.0,14.0,2.0,10.0,17.0,72.0,2022-2023,H,1.4,0.8,1.8,6.4,5.6,11.2,1.2,1.2,1.8,2.8,5.4,12.4,1579.9355259171718,1428.5123294963867,151.4231964207852,1.3333333333333333
30.0,Sat,2023-04-08,15:00,Fulham,0.7,1.1,West Ham,24491.0,Craven Cottage,Jarred Gillett,287,0,1,10.0,11.0,47.0,847.0,17.0,5.0,15.0,27.0,0.0,7.0,24.0,60.0,12.0,4.0,17.0,392.0,17.0,16.0,24.0,66.0,2.0,5.0,16.0,54.0,2022-2023,A,0.8,1.0,1.8,3.0,5.4,13.2,1.4,1.4,2.0,7.8,4.2,9.2,1507.379181958934,1450.2887718484092,57.09041011052477,0.0
30.0,Sat,2023-04-08,15:00,Aston Villa,1.3,0.2,Nott'ham Forest,42076.0,Villa Park,Anthony Taylor,288,2,0,7.0,1.0,10.0,585.0,12.0,4.0,11.0,22.0,1.0,2.0,20.0,41.0,17.0,8.0,18.0,354.0,17.0,5.0,14.0,12.0,7.0,14.0,26.0,57.0,2022-2023,H,2.6,1.8,0.4,4.6,7.8,11.6,0.4,1.2,2.0,4.8,5.2,13.6,1519.6996752843258,1446.8941818564772,72.80549342784866,1.0
30.0,Sat,2023-04-08,15:00,Leicester City,0.7,2.0,Bournemouth,32094.0,King Power Stadium,David Coote,289,0,1,10.0,6.0,22.0,588.0,19.0,4.0,18.0,26.0,3.0,8.0,27.0,59.0,13.0,6.0,16.0,598.0,8.0,11.0,20.0,26.0,2.0,9.0,24.0,79.0,2022-2023,A,0.2,0.8,1.8,3.0,6.8,11.6,1.2,1.0,1.8,3.8,8.4,10.8,1435.4215821510822,1450.9027383504158,-15.481156199333554,0.0
30.0,Sat,2023-04-08,15:00,Brentford,2.6,1.3,Newcastle Utd,17107.0,Brentford Community Stadium,Chris Kavanagh,290,1,2,10.0,6.0,25.0,430.0,16.0,7.0,24.0,15.0,2.0,6.0,19.0,69.0,15.0,5.0,14.0,558.0,19.0,7.0,21.0,27.0,2.0,6.0,12.0,70.0,2022-2023,A,1.0,1.2,1.2,4.4,7.6,11.0,2.4,2.2,1.0,6.8,5.0,10.6,1522.0410443258907,1599.078464527566,-77.03742020167533,0.3333333333333333
30.0,Sat,2023-04-08,15:00,Wolves,0.6,1.1,Chelsea,31614.0,Molineux Stadium,Peter Bankes,291,1,0,14.0,8.0,26.0,497.0,22.0,10.0,9.0,31.0,2.0,4.0,16.0,53.0,10.0,8.0,32.0,721.0,27.0,3.0,16.0,29.0,1.0,6.0,23.0,44.0,2022-2023,H,0.8,1.0,1.8,3.4,6.2,12.6,1.6,1.2,1.0,6.8,3.6,10.0,1447.6712302832655,1528.8015094189693,-81.13027913570386,0.6666666666666666
30.0,Sat,2023-04-08,17:30,Southampton,0.4,2.9,Manchester City,30963.0,St. Mary's Stadium,Robert Jones,293,1,4,6.0,0.0,8.0,399.0,11.0,8.0,7.0,24.0,0.0,3.0,10.0,53.0,10.0,10.0,21.0,833.0,9.0,6.0,13.0,4.0,2.0,5.0,18.0,59.0,2022-2023,A,1.0,0.8,1.2,5.4,4.4,11.8,2.6,2.4,0.6,7.4,2.2,9.8,1396.6773562394012,1704.0230282814603,-307.34567204205905,0.6666666666666666
30.0,Sun,2023-04-09,16:30,Liverpool,3.9,1.4,Arsenal,53267.0,Anfield,Paul Tierney,295,2,2,11.0,5.0,24.0,686.0,22.0,11.0,14.0,12.0,2.0,6.0,13.0,73.0,11.0,4.0,11.0,542.0,21.0,10.0,13.0,29.0,2.0,10.0,12.0,72.0,2022-2023,D,1.4,2.0,1.0,4.6,3.6,12.8,3.0,3.6,0.8,7.8,2.6,7.8,1612.686469533382,1667.6008531059483,-54.914383572566294,2.0
30.0,Sun,2023-04-09,14:00,Leeds United,0.9,3.0,Crystal Palace,36427.0,Elland Road,Simon Hooper,294,1,5,11.0,2.0,18.0,593.0,34.0,13.0,16.0,22.0,2.0,3.0,24.0,55.0,8.0,4.0,14.0,621.0,22.0,8.0,23.0,19.0,2.0,4.0,28.0,75.0,2022-2023,A,1.4,1.8,2.0,5.8,5.0,10.4,0.6,0.6,1.6,4.8,3.0,14.0,1438.7779827567795,1469.4797370433023,-30.701754286522828,1.3333333333333333
31.0,Sat,2023-04-15,15:00,Everton,1.4,1.8,Fulham,39241.0,Goodison Park,Anthony Taylor,301,1,3,10.0,4.0,21.0,554.0,14.0,7.0,21.0,15.0,1.0,8.0,17.0,68.0,6.0,7.0,23.0,627.0,17.0,13.0,21.0,22.0,0.0,7.0,22.0,97.0,2022-2023,A,1.2,1.2,1.4,3.4,6.4,11.8,0.2,0.8,2.0,4.8,4.2,12.4,1423.943208370635,1494.131098136098,-70.18788976546307,1.0
31.0,Sat,2023-04-15,15:00,Southampton,0.8,0.9,Crystal Palace,30309.0,St. Mary's Stadium,Michael Oliver,298,0,2,6.0,6.0,14.0,638.0,15.0,16.0,20.0,7.0,3.0,8.0,17.0,51.0,13.0,2.0,7.0,499.0,22.0,8.0,14.0,19.0,1.0,5.0,14.0,65.0,2022-2023,A,0.4,0.8,2.0,4.8,5.6,10.6,1.2,1.6,1.6,4.8,3.0,12.2,1392.7961382054295,1480.3210151581698,-87.52487695274021,0.3333333333333333
31.0,Sat,2023-04-15,17:30,Manchester City,1.6,2.3,Leicester City,53329.0,Etihad Stadium,Darren England,302,3,1,8.0,6.0,23.0,868.0,11.0,1.0,7.0,9.0,0.0,5.0,18.0,75.0,8.0,2.0,6.0,431.0,10.0,6.0,15.0,26.0,3.0,6.0,15.0,57.0,2022-2023,H,3.0,3.0,0.6,7.4,2.2,10.6,0.2,0.8,1.8,3.4,7.4,11.4,1707.904246315432,1424.1471938087807,283.75705250665123,3.0
31.0,Sat,2023-04-15,15:00,Tottenham,2.2,1.3,Bournemouth,61369.0,Tottenham Hotspur Stadium,Andy Madley,300,2,3,8.0,8.0,37.0,643.0,17.0,11.0,21.0,7.0,1.0,3.0,19.0,62.0,9.0,1.0,5.0,542.0,17.0,18.0,10.0,37.0,1.0,15.0,11.0,58.0,2022-2023,A,1.6,1.8,1.4,3.8,6.8,13.6,1.8,0.8,1.2,4.8,6.2,11.8,1587.115498761347,1462.1771266927174,124.93837206862963,3.0
31.0,Sat,2023-04-15,15:00,Chelsea,0.5,2.9,Brighton,40126.0,Stamford Bridge,Robert Jones,297,1,2,11.0,2.0,13.0,557.0,18.0,13.0,9.0,18.0,1.0,10.0,14.0,51.0,11.0,8.0,14.0,701.0,24.0,6.0,8.0,10.0,1.0,4.0,17.0,45.0,2022-2023,A,1.0,1.0,1.2,7.4,3.8,9.8,1.6,1.8,1.4,6.8,3.2,11.6,1518.1940798344476,1542.6873273574502,-24.493247523002537,0.6666666666666666
31.0,Sat,2023-04-15,15:00,Wolves,0.8,1.1,Brentford,30769.0,Molineux Stadium,Paul Tierney,299,2,0,12.0,5.0,16.0,595.0,21.0,4.0,11.0,22.0,0.0,5.0,16.0,90.0,8.0,2.0,16.0,594.0,23.0,13.0,20.0,13.0,1.0,2.0,26.0,67.0,2022-2023,H,1.4,1.2,1.4,4.6,6.8,12.6,1.0,1.4,1.4,4.0,7.6,10.6,1458.2786598677872,1512.5310280081512,-54.25236814036407,1.3333333333333333
31.0,Sat,2023-04-15,12:30,Aston Villa,1.9,0.5,Newcastle Utd,42055.0,Villa Park,John Brooks,296,3,0,13.0,7.0,14.0,553.0,18.0,6.0,8.0,14.0,1.0,5.0,23.0,76.0,15.0,2.0,15.0,511.0,18.0,7.0,11.0,12.0,4.0,5.0,18.0,51.0,2022-2023,H,2.6,2.0,0.4,4.4,8.6,10.2,3.0,2.6,0.8,7.0,4.6,11.0,1526.0531205000395,1608.5884808453054,-82.53536034526587,1.0
31.0,Sun,2023-04-16,14:00,West Ham,1.8,2.7,Arsenal,62481.0,London Stadium,David Coote,303,2,2,11.0,7.0,20.0,381.0,17.0,15.0,23.0,14.0,4.0,5.0,26.0,66.0,8.0,2.0,17.0,742.0,13.0,3.0,19.0,25.0,1.0,9.0,20.0,60.0,2022-2023,D,1.4,0.8,2.0,6.2,5.8,10.0,2.6,3.2,1.2,7.6,3.4,9.0,1463.5368556712451,1667.7472184599253,-204.2103627886802,0.0
31.0,Sun,2023-04-16,16:30,Nott'ham Forest,0.7,3.5,Manchester Utd,29435.0,The City Ground,Simon Hooper,304,0,2,9.0,4.0,12.0,444.0,20.0,11.0,13.0,27.0,1.0,11.0,19.0,76.0,9.0,9.0,19.0,767.0,12.0,12.0,15.0,16.0,3.0,8.0,25.0,63.0,2022-2023,A,0.2,0.8,2.0,5.8,4.8,14.8,1.4,0.6,1.8,7.2,5.2,11.4,1440.5407366407635,1584.5046470429236,-143.96391040216008,0.0
31.0,Mon,2023-04-17,20:00,Leeds United,1.4,2.7,Liverpool,36657.0,Elland Road,Craig Pawson,305,1,6,6.0,4.0,14.0,437.0,13.0,11.0,10.0,18.0,1.0,6.0,16.0,55.0,12.0,2.0,10.0,1003.0,21.0,8.0,9.0,17.0,2.0,4.0,22.0,60.0,2022-2023,A,1.4,2.0,2.8,4.8,4.8,11.2,1.0,2.0,1.4,4.6,4.0,12.4,1427.936704641912,1612.540104179405,-184.60339953749303,1.0
32.0,Fri,2023-04-21,20:00,Arsenal,2.5,1.3,Southampton,60175.0,Emirates Stadium,Simon Hooper,306,3,3,10.0,7.0,30.0,821.0,17.0,4.0,15.0,4.0,1.0,3.0,25.0,59.0,14.0,2.0,6.0,405.0,22.0,15.0,11.0,44.0,2.0,18.0,11.0,73.0,2022-2023,D,2.2,3.0,1.2,4.6,4.6,9.4,0.2,0.8,2.4,4.4,4.6,10.0,1663.8195211572604,1383.5867145799862,280.23280657727423,1.3333333333333333
32.0,Sat,2023-04-22,15:00,Liverpool,2.8,0.9,Nott'ham Forest,53254.0,Anfield,Michael Oliver,310,3,2,9.0,9.0,28.0,824.0,14.0,5.0,19.0,11.0,2.0,7.0,28.0,72.0,12.0,3.0,11.0,299.0,15.0,12.0,14.0,29.0,3.0,10.0,18.0,71.0,2022-2023,H,1.0,1.8,1.6,4.2,4.2,12.2,0.2,0.6,1.8,4.6,6.2,14.0,1619.0999715176988,1432.9114387442446,186.1885327734542,0.0
32.0,Sat,2023-04-22,15:00,Brentford,2.7,1.5,Aston Villa,17098.0,Brentford Community Stadium,Michael Salisbury,309,1,1,12.0,8.0,20.0,444.0,16.0,11.0,18.0,18.0,6.0,8.0,19.0,82.0,8.0,4.0,17.0,559.0,9.0,5.0,12.0,25.0,3.0,6.0,8.0,59.0,2022-2023,D,0.4,1.0,1.8,3.8,8.0,10.2,3.0,2.4,0.2,5.4,6.6,11.6,1502.6964430616413,1536.7008322403526,-34.004389178711335,1.3333333333333333
32.0,Sat,2023-04-22,15:00,Leicester City,2.4,0.9,Wolves,32053.0,King Power Stadium,Andy Madley,311,2,1,17.0,1.0,12.0,508.0,22.0,8.0,21.0,25.0,1.0,13.0,18.0,60.0,16.0,7.0,20.0,653.0,12.0,7.0,17.0,11.0,3.0,5.0,22.0,66.0,2022-2023,H,0.2,0.8,1.8,3.4,7.6,11.0,1.4,1.4,1.4,4.8,5.6,12.8,1421.7183101007931,1468.113244814297,-46.39493471350397,2.0
32.0,Sat,2023-04-22,12:30,Fulham,1.7,0.8,Leeds United,24356.0,Craven Cottage,Peter Bankes,307,2,1,10.0,8.0,24.0,570.0,19.0,9.0,16.0,23.0,5.0,3.0,23.0,78.0,15.0,6.0,19.0,556.0,24.0,14.0,22.0,29.0,2.0,3.0,12.0,60.0,2022-2023,H,0.6,1.2,2.0,5.6,4.4,11.2,1.2,1.8,3.6,4.8,3.8,10.0,1503.8379511127719,1421.3768373036182,82.46111380915363,3.0
32.0,Sat,2023-04-22,15:00,Crystal Palace,0.5,0.4,Everton,25202.0,Selhurst Park,John Brooks,308,0,0,12.0,8.0,27.0,590.0,15.0,5.0,26.0,21.0,1.0,7.0,27.0,99.0,14.0,1.0,14.0,497.0,14.0,12.0,35.0,26.0,3.0,8.0,25.0,81.0,2022-2023,D,1.8,2.0,1.4,4.8,3.0,12.6,1.0,1.0,1.6,3.6,7.2,10.4,1489.5304387836131,1414.236355393961,75.29408338965209,1.0
32.0,Sun,2023-04-23,14:00,Bournemouth,1.5,2.4,West Ham,10465.0,Vitality Stadium,Anthony Taylor,312,0,4,7.0,8.0,32.0,813.0,11.0,9.0,15.0,13.0,0.0,4.0,24.0,59.0,8.0,5.0,13.0,517.0,17.0,14.0,16.0,31.0,3.0,9.0,13.0,65.0,2022-2023,A,1.8,1.2,1.6,4.4,6.2,12.2,1.6,1.2,1.6,7.0,4.8,10.6,1477.0484643755115,1467.46455297391,9.583911401601426,0.0
32.0,Sun,2023-04-23,14:00,Newcastle Utd,3.7,1.0,Tottenham,52252.0,St James' Park,David Coote,313,6,1,7.0,9.0,20.0,662.0,13.0,6.0,10.0,10.0,2.0,8.0,12.0,61.0,13.0,3.0,8.0,540.0,17.0,7.0,4.0,17.0,0.0,5.0,22.0,69.0,2022-2023,H,2.4,2.2,1.2,5.4,5.4,11.8,1.6,2.2,1.8,3.8,6.2,11.6,1597.9407691049923,1572.244161078553,25.696608026439435,1.0
33.0,Tue,2023-04-25,19:30,Wolves,1.4,0.8,Crystal Palace,30294.0,Molineux Stadium,Robert Jones,314,2,0,13.0,6.0,13.0,478.0,21.0,8.0,19.0,30.0,2.0,5.0,12.0,73.0,14.0,11.0,28.0,612.0,11.0,6.0,15.0,15.0,1.0,5.0,30.0,53.0,2022-2023,H,1.4,1.4,1.4,5.6,3.8,14.0,2.0,2.0,1.2,5.6,3.0,11.0,1458.5046300424692,1485.8219440161788,-27.317313973709588,0.0
33.0,Tue,2023-04-25,19:45,Aston Villa,1.0,0.1,Fulham,41046.0,Villa Park,Thomas Bramall,315,1,0,6.0,8.0,15.0,571.0,11.0,2.0,15.0,23.0,0.0,5.0,15.0,62.0,18.0,2.0,17.0,543.0,21.0,6.0,8.0,15.0,5.0,4.0,18.0,54.0,2022-2023,H,2.6,2.0,0.4,4.4,7.0,11.6,1.2,1.2,1.6,6.6,5.2,9.8,1537.4476529576812,1509.9529182502863,27.494734707394855,0.0
33.0,Tue,2023-04-25,20:00,Leeds United,1.5,2.1,Leicester City,36666.0,Elland Road,Paul Tierney,316,1,1,14.0,3.0,16.0,497.0,22.0,11.0,16.0,29.0,4.0,5.0,23.0,72.0,15.0,6.0,20.0,609.0,21.0,5.0,18.0,15.0,6.0,6.0,29.0,57.0,2022-2023,D,0.6,1.2,3.6,5.2,4.4,11.2,0.6,1.0,1.8,2.8,7.4,12.2,1415.2618701661038,1431.326924872621,-16.06505470651723,0.3333333333333333
33.0,Wed,2023-04-26,20:00,Manchester City,2.5,0.5,Arsenal,53482.0,Etihad Stadium,Michael Oliver,320,4,1,13.0,1.0,5.0,590.0,11.0,9.0,15.0,8.0,0.0,5.0,13.0,58.0,13.0,3.0,8.0,549.0,10.0,5.0,12.0,13.0,1.0,5.0,13.0,50.0,2022-2023,H,3.0,2.8,0.6,7.4,1.8,10.4,1.8,3.0,1.8,4.4,4.2,9.6,1710.3331300234195,1656.2920294349226,54.041100588496874,3.0
33.0,Wed,2023-04-26,19:30,Nott'ham Forest,2.4,2.3,Brighton,28808.0,The City Ground,Jarred Gillett,317,3,1,7.0,2.0,7.0,384.0,18.0,14.0,9.0,20.0,1.0,10.0,17.0,53.0,8.0,7.0,13.0,856.0,14.0,7.0,10.0,16.0,2.0,6.0,18.0,45.0,2022-2023,H,0.2,0.8,2.0,4.6,6.6,13.0,2.0,1.8,1.2,7.0,2.8,12.0,1429.009342372256,1553.70575078654,-124.69640841428395,1.0
33.0,Wed,2023-04-26,19:45,Chelsea,1.3,1.1,Brentford,39929.0,Stamford Bridge,Andy Madley,318,0,2,5.0,5.0,28.0,845.0,12.0,9.0,19.0,19.0,0.0,3.0,21.0,52.0,13.0,2.0,7.0,409.0,13.0,9.0,15.0,26.0,2.0,11.0,28.0,72.0,2022-2023,A,0.4,0.6,1.4,6.8,5.0,9.8,0.4,1.0,1.8,3.8,8.0,10.6,1507.1756564053578,1501.9496223443127,5.226034061045084,1.3333333333333333
33.0,Wed,2023-04-26,19:45,West Ham,0.8,1.9,Liverpool,62473.0,London Stadium,Chris Kavanagh,319,1,2,6.0,3.0,15.0,452.0,13.0,18.0,16.0,13.0,1.0,5.0,18.0,74.0,8.0,6.0,13.0,1000.0,20.0,18.0,28.0,18.0,1.0,8.0,15.0,78.0,2022-2023,A,2.0,1.8,1.4,5.6,6.0,10.4,1.6,2.4,1.8,4.4,4.2,12.2,1479.4409834598505,1623.0020678896874,-143.5610844298369,1.0
33.0,Thu,2023-04-27,20:15,Tottenham,2.5,2.0,Manchester Utd,61586.0,Tottenham Hotspur Stadium,Anthony Taylor,323,2,2,8.0,6.0,23.0,552.0,19.0,13.0,12.0,26.0,2.0,5.0,12.0,50.0,7.0,8.0,19.0,755.0,16.0,14.0,11.0,21.0,3.0,4.0,17.0,77.0,2022-2023,D,1.0,1.8,2.8,4.0,6.0,11.6,2.0,1.0,0.4,8.4,5.2,10.4,1564.6618753897892,1592.1339449394425,-27.47206954965327,0.0
33.0,Thu,2023-04-27,19:45,Southampton,0.5,0.9,Bournemouth,30414.0,St. Mary's Stadium,Darren England,322,0,1,9.0,6.0,24.0,678.0,19.0,13.0,10.0,20.0,4.0,8.0,25.0,70.0,11.0,4.0,15.0,566.0,21.0,6.0,12.0,35.0,2.0,6.0,19.0,67.0,2022-2023,A,0.4,1.4,2.6,4.2,5.4,10.0,1.8,1.2,1.8,4.8,5.4,11.0,1391.114206302324,1465.072033889571,-73.95782758724704,3.0
33.0,Thu,2023-04-27,19:45,Everton,0.9,2.4,Newcastle Utd,39248.0,Goodison Park,Andre Marriner,321,1,4,8.0,2.0,17.0,470.0,18.0,17.0,11.0,26.0,3.0,8.0,17.0,74.0,6.0,14.0,21.0,636.0,14.0,9.0,9.0,17.0,1.0,11.0,29.0,81.0,2022-2023,A,0.6,0.8,1.6,2.8,7.2,11.0,2.4,3.0,1.2,5.8,5.4,11.4,1417.9448501613954,1605.523054793756,-187.57820463236067,1.0
34.0,Sat,2023-04-29,12:30,Crystal Palace,2.1,1.7,West Ham,25148.0,Selhurst Park,Craig Pawson,324,4,3,9.0,8.0,20.0,664.0,21.0,5.0,31.0,30.0,1.0,3.0,18.0,83.0,17.0,5.0,14.0,508.0,23.0,11.0,23.0,23.0,1.0,10.0,29.0,81.0,2022-2023,H,2.0,1.8,0.8,7.0,3.2,11.8,1.4,1.8,1.8,5.2,6.6,9.6,1476.7598624671298,1471.800739920267,4.959122546862773,1.3333333333333333
34.0,Sat,2023-04-29,15:00,Brighton,3.3,0.8,Wolves,31584.0,The American Express Community Stadium,David Coote,325,6,0,14.0,2.0,7.0,646.0,15.0,9.0,9.0,14.0,2.0,4.0,10.0,34.0,11.0,5.0,15.0,508.0,16.0,10.0,1.0,13.0,0.0,9.0,14.0,53.0,2022-2023,H,1.4,1.8,1.8,8.2,2.4,11.0,2.0,1.4,0.6,5.8,5.2,13.6,1541.8648667628427,1467.5667115915182,74.29815517132442,2.0
34.0,Sat,2023-04-29,15:00,Brentford,1.6,0.7,Nott'ham Forest,17080.0,Brentford Community Stadium,Peter Bankes,326,2,1,6.0,6.0,32.0,699.0,9.0,6.0,22.0,6.0,1.0,4.0,24.0,65.0,13.0,0.0,6.0,400.0,21.0,7.0,23.0,44.0,1.0,7.0,24.0,74.0,2022-2023,H,0.8,0.8,1.2,4.2,6.2,11.2,0.6,1.2,2.0,4.2,7.4,11.6,1513.8052294846004,1440.8502263959533,72.95500308864712,1.0
34.0,Sun,2023-04-30,14:00,Manchester Utd,1.2,0.6,Aston Villa,73592.0,Old Trafford,Jarred Gillett,327,1,0,16.0,1.0,6.0,650.0,14.0,12.0,6.0,15.0,7.0,2.0,28.0,81.0,7.0,4.0,9.0,516.0,15.0,2.0,6.0,18.0,3.0,7.0,21.0,68.0,2022-2023,H,2.0,1.4,0.8,8.6,4.8,9.4,2.6,1.8,0.4,5.6,4.8,9.6,1593.0674481661072,1544.981270944197,48.08617722191025,0.3333333333333333
34.0,Sun,2023-04-30,14:00,Bournemouth,1.9,1.6,Leeds United,10434.0,Vitality Stadium,Chris Kavanagh,328,4,1,12.0,2.0,8.0,543.0,24.0,6.0,12.0,22.0,2.0,9.0,21.0,79.0,14.0,5.0,19.0,675.0,19.0,6.0,23.0,15.0,1.0,3.0,28.0,68.0,2022-2023,H,1.8,1.0,1.6,4.8,6.0,10.2,0.8,1.2,3.0,5.2,4.8,11.4,1474.6705113056296,1414.0040183602348,60.66649294539479,0.0
34.0,Sun,2023-04-30,14:00,Newcastle Utd,4.3,0.8,Southampton,52234.0,St James' Park,Anthony Taylor,329,3,1,7.0,11.0,33.0,676.0,17.0,9.0,20.0,8.0,1.0,2.0,23.0,77.0,10.0,2.0,5.0,485.0,23.0,8.0,7.0,37.0,2.0,14.0,21.0,62.0,2022-2023,H,2.4,3.4,1.4,7.2,5.0,11.0,0.2,0.8,2.2,3.4,5.6,9.2,1612.0076568118309,1381.5157288862654,230.4919279255655,2.3333333333333335
34.0,Sun,2023-04-30,14:00,Fulham,0.2,2.5,Manchester City,24498.0,Craven Cottage,Simon Hooper,330,1,2,9.0,2.0,12.0,512.0,22.0,9.0,15.0,32.0,3.0,1.0,15.0,48.0,10.0,5.0,11.0,784.0,14.0,5.0,16.0,15.0,1.0,3.0,23.0,84.0,2022-2023,A,1.2,1.2,1.2,6.2,5.2,11.4,3.0,3.2,0.8,6.0,1.6,11.4,1502.4193002637705,1717.1637754222327,-214.74447515846214,0.0
34.0,Sun,2023-04-30,16:30,Liverpool,2.2,2.0,Tottenham,53275.0,Anfield,Paul Tierney,331,4,3,12.0,4.0,15.0,864.0,16.0,1.0,20.0,7.0,0.0,3.0,21.0,88.0,6.0,2.0,10.0,487.0,24.0,8.0,7.0,18.0,5.0,7.0,16.0,66.0,2022-2023,H,2.2,2.6,1.2,5.4,3.4,11.4,1.0,1.6,2.6,4.6,5.6,11.6,1630.6423114292709,1563.7283721631245,66.91393926614637,1.6666666666666667
34.0,Mon,2023-05-01,20:00,Leicester City,3.4,3.1,Everton,32173.0,King Power Stadium,Michael Oliver,332,2,2,10.0,2.0,11.0,622.0,19.0,6.0,30.0,37.0,6.0,11.0,19.0,78.0,12.0,9.0,38.0,542.0,15.0,11.0,33.0,19.0,3.0,5.0,31.0,85.0,2022-2023,D,0.8,1.0,1.6,3.8,6.0,12.0,0.4,0.6,2.0,2.8,8.4,10.2,1432.58477667849,1411.4602481433205,21.124528535169475,1.3333333333333333
34.0,Tue,2023-05-02,20:00,Arsenal,1.7,0.8,Chelsea,60144.0,Emirates Stadium,Robert Jones,333,3,1,10.0,7.0,18.0,680.0,12.0,7.0,12.0,12.0,1.0,5.0,10.0,48.0,10.0,2.0,11.0,583.0,15.0,7.0,18.0,25.0,0.0,7.0,10.0,49.0,2022-2023,H,1.2,2.4,2.4,4.0,3.6,10.6,0.2,0.2,1.4,6.2,5.0,9.2,1649.4613840361094,1495.32004926507,154.14133477103928,2.0
28.0,Wed,2023-05-03,20:00,Liverpool,1.8,0.9,Fulham,52602.0,Anfield,Stuart Attwell,334,1,0,10.0,7.0,20.0,762.0,14.0,6.0,14.0,20.0,3.0,3.0,21.0,73.0,8.0,5.0,18.0,612.0,15.0,11.0,7.0,34.0,2.0,10.0,14.0,60.0,2022-2023,H,2.6,3.4,1.8,5.2,3.2,10.4,1.2,1.2,1.2,6.0,5.4,10.6,1637.1436810487066,1496.6003258013914,140.54335524731528,1.0
28.0,Wed,2023-05-03,20:00,Manchester City,2.3,0.4,West Ham,53305.0,Etihad Stadium,John Brooks,335,3,0,8.0,6.0,25.0,853.0,16.0,5.0,10.0,12.0,1.0,2.0,16.0,47.0,8.0,3.0,11.0,456.0,12.0,11.0,14.0,28.0,0.0,12.0,12.0,50.0,2022-2023,H,3.0,3.4,1.0,5.8,1.6,10.0,1.4,2.2,1.6,4.8,7.0,10.8,1722.9827498846118,1463.6489281975048,259.33382168710705,2.3333333333333335
28.0,Thu,2023-05-04,20:00,Brighton,2.3,1.4,Manchester Utd,31577.0,The American Express Community Stadium,Andre Marriner,336,1,0,10.0,8.0,14.0,705.0,15.0,10.0,12.0,5.0,0.0,7.0,8.0,63.0,14.0,6.0,6.0,524.0,20.0,6.0,7.0,13.0,2.0,6.0,12.0,54.0,2022-2023,H,1.8,2.4,1.2,5.8,3.4,10.6,2.6,1.6,0.4,8.0,4.2,10.2,1548.181121060693,1600.0531004335917,-51.87197937289875,2.0
35.0,Sat,2023-05-06,15:00,Tottenham,0.9,0.4,Crystal Palace,61093.0,Tottenham Hotspur Stadium,Darren England,337,1,0,15.0,8.0,19.0,647.0,13.0,14.0,19.0,22.0,1.0,7.0,12.0,68.0,14.0,4.0,17.0,508.0,15.0,12.0,10.0,18.0,0.0,3.0,27.0,63.0,2022-2023,H,0.8,2.0,3.2,4.4,5.8,10.0,2.0,2.2,1.2,6.6,4.0,11.2,1557.2270025436887,1484.911674189892,72.31532835379676,2.0
35.0,Sat,2023-05-06,15:00,Wolves,0.8,1.5,Aston Villa,31641.0,Molineux Stadium,Stuart Attwell,338,1,0,20.0,5.0,13.0,393.0,13.0,9.0,9.0,23.0,3.0,9.0,14.0,60.0,9.0,6.0,22.0,571.0,10.0,8.0,19.0,13.0,2.0,2.0,19.0,41.0,2022-2023,H,1.8,1.2,1.6,6.2,4.8,13.2,2.0,1.4,0.4,4.8,4.2,8.2,1461.250457293668,1537.9956186767124,-76.74516138304443,2.3333333333333335
35.0,Sat,2023-05-06,15:00,Bournemouth,1.2,1.3,Chelsea,10357.0,Vitality Stadium,John Brooks,339,1,3,9.0,7.0,14.0,454.0,16.0,8.0,11.0,27.0,1.0,9.0,24.0,48.0,11.0,7.0,22.0,756.0,12.0,9.0,11.0,9.0,0.0,6.0,20.0,50.0,2022-2023,A,2.4,1.8,1.4,4.2,6.0,10.4,0.2,0.4,1.6,4.0,6.0,8.4,1481.330668500001,1490.8058531872125,-9.475184687211595,0.0
35.0,Sat,2023-05-06,15:00,Manchester City,2.6,0.2,Leeds United,53406.0,Etihad Stadium,Andy Madley,340,2,1,3.0,10.0,22.0,994.0,7.0,5.0,13.0,8.0,4.0,4.0,12.0,46.0,16.0,1.0,7.0,316.0,10.0,4.0,12.0,28.0,3.0,15.0,10.0,60.0,2022-2023,H,3.0,3.2,0.8,5.6,2.0,9.8,0.2,1.0,3.6,4.0,4.4,12.0,1725.7279574393785,1407.3438611658635,318.38409627351507,3.0
35.0,Sat,2023-05-06,17:30,Liverpool,2.2,0.2,Brentford,52838.0,Anfield,Anthony Taylor,341,1,0,19.0,7.0,19.0,520.0,9.0,4.0,14.0,27.0,1.0,5.0,19.0,71.0,10.0,3.0,18.0,445.0,11.0,8.0,14.0,19.0,2.0,6.0,14.0,82.0,2022-2023,H,3.0,3.2,1.4,5.6,3.4,10.2,1.4,1.2,1.2,4.8,3.8,9.8,1641.9373333361993,1520.1549442685578,121.78238906764159,1.3333333333333333
35.0,Sun,2023-05-07,16:30,Newcastle Utd,1.3,1.3,Arsenal,50267.0,St James' Park,Chris Kavanagh,342,0,2,16.0,9.0,21.0,558.0,18.0,8.0,17.0,10.0,0.0,6.0,26.0,54.0,12.0,4.0,5.0,511.0,23.0,8.0,12.0,24.0,1.0,6.0,17.0,50.0,2022-2023,A,2.4,3.0,1.4,8.2,4.0,10.0,1.2,2.2,2.4,4.6,3.4,10.4,1615.1702625929079,1653.975580113967,-38.80531752105912,1.3333333333333333
35.0,Sun,2023-05-07,19:00,West Ham,1.3,1.2,Manchester Utd,62477.0,London Stadium,Peter Bankes,343,1,0,4.0,5.0,20.0,483.0,17.0,10.0,17.0,19.0,1.0,11.0,10.0,60.0,9.0,7.0,9.0,836.0,14.0,10.0,15.0,19.0,1.0,5.0,17.0,56.0,2022-2023,H,0.8,2.0,2.2,4.6,6.0,10.0,2.0,1.4,0.6,6.8,5.2,11.2,1460.903720642738,1590.287001003469,-129.38328036073085,0.0
35.0,Mon,2023-05-08,17:30,Brighton,3.2,2.3,Everton,31567.0,The American Express Community Stadium,Simon Hooper,345,1,5,11.0,15.0,44.0,916.0,11.0,6.0,16.0,6.0,1.0,2.0,24.0,53.0,13.0,1.0,6.0,398.0,19.0,16.0,19.0,56.0,1.0,12.0,6.0,59.0,2022-2023,A,1.8,2.2,1.2,6.4,3.6,11.6,0.4,0.8,2.2,4.0,8.2,10.6,1557.9472204908157,1413.7536713394493,144.19354915136637,2.0
35.0,Mon,2023-05-08,15:00,Fulham,1.6,2.8,Leicester City,24442.0,Craven Cottage,Robert Jones,344,5,3,13.0,2.0,10.0,672.0,22.0,6.0,16.0,15.0,1.0,6.0,20.0,63.0,15.0,7.0,14.0,535.0,14.0,13.0,9.0,5.0,4.0,7.0,17.0,65.0,2022-2023,H,1.2,1.2,1.2,4.8,6.0,10.2,1.0,1.2,1.6,3.4,6.2,12.0,1491.8066735138987,1430.2913534823613,61.515320031537385,3.0
35.0,Mon,2023-05-08,20:00,Nott'ham Forest,1.8,3.1,Southampton,29154.0,The City Ground,Michael Oliver,346,4,3,16.0,2.0,7.0,438.0,20.0,12.0,12.0,22.0,3.0,12.0,14.0,59.0,10.0,11.0,25.0,688.0,6.0,9.0,8.0,13.0,1.0,5.0,19.0,63.0,2022-2023,H,0.6,1.2,2.0,3.4,6.4,11.6,0.2,1.0,2.6,3.2,6.8,9.0,1434.500511611996,1378.3531231051884,56.1473885068076,3.0
36.0,Sat,2023-05-13,15:00,Manchester Utd,3.2,0.3,Wolves,73570.0,Old Trafford,John Brooks,352,2,0,9.0,11.0,15.0,593.0,13.0,8.0,16.0,25.0,0.0,5.0,19.0,55.0,9.0,7.0,22.0,620.0,8.0,7.0,14.0,16.0,1.0,13.0,21.0,79.0,2022-2023,H,1.4,1.0,0.8,6.2,5.4,11.0,1.8,1.2,1.6,5.6,4.4,14.4,1578.3161202029576,1471.7320489426168,106.5840712603408,2.0
36.0,Sat,2023-05-13,15:00,Southampton,0.4,1.4,Fulham,28978.0,St. Mary's Stadium,Thomas Bramall,351,0,2,17.0,1.0,9.0,475.0,16.0,9.0,14.0,26.0,4.0,4.0,19.0,40.0,12.0,8.0,20.0,737.0,10.0,10.0,8.0,8.0,1.0,4.0,18.0,54.0,2022-2023,A,0.2,1.4,2.6,5.4,5.2,9.8,1.2,1.6,1.6,3.8,6.6,11.6,1371.576906751344,1498.4451424320748,-126.86823568073078,0.0
36.0,Sat,2023-05-13,15:00,Crystal Palace,1.5,0.3,Bournemouth,25034.0,Selhurst Park,Michael Salisbury,350,2,0,5.0,11.0,24.0,742.0,22.0,9.0,11.0,9.0,2.0,3.0,16.0,60.0,12.0,2.0,5.0,566.0,20.0,11.0,15.0,31.0,1.0,12.0,18.0,55.0,2022-2023,H,1.4,1.2,1.2,6.6,5.2,12.4,1.8,1.8,2.0,4.4,6.2,9.6,1478.5459906043427,1469.886612529727,8.659378074615688,3.0
36.0,Sat,2023-05-13,15:00,Aston Villa,1.2,1.4,Tottenham,42164.0,Villa Park,Peter Bankes,348,2,1,9.0,8.0,18.0,544.0,11.0,11.0,6.0,17.0,2.0,2.0,8.0,43.0,14.0,3.0,14.0,566.0,16.0,12.0,8.0,14.0,9.0,8.0,14.0,53.0,2022-2023,H,1.4,1.0,0.6,5.8,3.6,8.6,0.8,1.8,3.0,5.4,5.2,10.0,1527.5140270277636,1563.592686129238,-36.078659101474386,1.0
36.0,Sat,2023-05-13,12:30,Leeds United,2.1,2.4,Newcastle Utd,36955.0,Elland Road,Simon Hooper,347,2,2,16.0,2.0,10.0,419.0,23.0,15.0,11.0,24.0,0.0,13.0,14.0,74.0,14.0,6.0,16.0,625.0,21.0,13.0,18.0,20.0,2.0,6.0,23.0,51.0,2022-2023,D,0.2,1.0,3.0,3.8,5.6,13.0,1.8,2.6,1.6,9.0,3.6,10.2,1405.3092712219689,1604.560986191502,-199.25171496953317,0.6666666666666666
36.0,Sat,2023-05-13,15:00,Chelsea,1.2,1.3,Nott'ham Forest,40030.0,Stamford Bridge,Paul Tierney,349,2,2,13.0,2.0,17.0,866.0,14.0,3.0,16.0,16.0,1.0,7.0,27.0,53.0,15.0,5.0,11.0,369.0,28.0,17.0,12.0,26.0,2.0,5.0,18.0,68.0,2022-2023,D,0.6,1.0,1.8,4.8,6.4,9.4,1.2,2.0,2.2,2.2,8.4,11.4,1502.2499091574864,1441.2767279658403,60.97318119164606,1.0
36.0,Sun,2023-05-14,14:00,Everton,1.6,0.8,Manchester City,39376.0,Goodison Park,Anthony Taylor,353,0,3,12.0,8.0,20.0,498.0,16.0,11.0,8.0,17.0,1.0,9.0,13.0,57.0,4.0,6.0,17.0,781.0,7.0,5.0,8.0,21.0,0.0,5.0,13.0,69.0,2022-2023,A,1.0,1.8,2.0,3.4,9.2,11.4,3.0,2.8,0.8,5.6,2.2,8.4,1429.0361827710105,1727.7625473832732,-298.7263646122626,0.3333333333333333
36.0,Sun,2023-05-14,14:00,Brentford,3.4,0.2,West Ham,17075.0,Brentford Community Stadium,Michael Oliver,354,2,0,5.0,7.0,22.0,667.0,20.0,5.0,18.0,17.0,3.0,4.0,21.0,75.0,5.0,5.0,18.0,598.0,11.0,8.0,19.0,26.0,3.0,9.0,18.0,57.0,2022-2023,H,1.4,1.0,1.0,4.2,4.2,9.8,1.2,1.8,1.8,4.2,7.0,8.6,1514.95669489007,1472.8746014432495,42.08209344682041,3.0
36.0,Sun,2023-05-14,16:30,Arsenal,0.9,1.7,Brighton,60139.0,Emirates Stadium,Andy Madley,355,0,3,13.0,5.0,11.0,483.0,20.0,7.0,7.0,6.0,1.0,4.0,11.0,48.0,17.0,2.0,5.0,658.0,15.0,8.0,11.0,13.0,4.0,7.0,15.0,54.0,2022-2023,A,1.6,2.2,2.0,4.6,4.2,10.6,1.8,2.2,1.8,8.0,3.2,10.8,1664.5848565153728,1542.6647090592544,121.92014745611846,1.3333333333333333
36.0,Mon,2023-05-15,20:00,Leicester City,0.4,2.2,Liverpool,32225.0,King Power Stadium,Craig Pawson,356,0,3,11.0,4.0,8.0,509.0,36.0,14.0,12.0,19.0,3.0,5.0,26.0,73.0,17.0,4.0,13.0,831.0,18.0,6.0,11.0,10.0,4.0,1.0,26.0,67.0,2022-2023,A,1.0,1.8,2.4,3.6,5.4,13.0,3.0,2.2,1.2,6.6,3.2,11.6,1423.6528845641851,1647.1355827146872,-223.48269815050207,1.0
25.0,Thu,2023-05-18,19:30,Newcastle Utd,3.6,0.5,Brighton,52122.0,St James' Park,Robert Jones,357,4,1,17.0,6.0,13.0,400.0,11.0,9.0,15.0,9.0,1.0,4.0,25.0,71.0,16.0,1.0,5.0,656.0,14.0,2.0,7.0,16.0,2.0,6.0,20.0,48.0,2022-2023,H,2.0,3.0,1.4,9.8,2.6,10.0,1.8,2.4,1.6,6.8,3.8,12.0,1600.7546650514882,1557.4695099013584,43.28515515012987,1.6666666666666667
37.0,Sat,2023-05-20,15:00,Wolves,1.6,2.0,Everton,31684.0,Molineux Stadium,David Coote,362,1,1,18.0,1.0,9.0,598.0,12.0,5.0,15.0,29.0,1.0,10.0,10.0,57.0,10.0,7.0,28.0,536.0,19.0,12.0,25.0,5.0,0.0,8.0,23.0,87.0,2022-2023,D,1.2,0.8,2.0,6.0,6.2,13.8,1.0,1.6,2.0,4.2,9.0,11.8,1466.1902194091604,1424.9974029551163,41.19281645404408,3.0
37.0,Sat,2023-05-20,17:30,Nott'ham Forest,0.6,0.6,Arsenal,29514.0,The City Ground,Anthony Taylor,363,1,0,11.0,3.0,7.0,297.0,18.0,12.0,9.0,24.0,1.0,6.0,14.0,73.0,12.0,6.0,19.0,852.0,8.0,6.0,26.0,14.0,1.0,2.0,11.0,37.0,2022-2023,H,1.4,2.4,2.2,2.4,7.0,12.6,1.4,1.8,2.2,5.2,3.2,11.6,1444.62441102118,1649.7800556732689,-205.15564465208877,0.0
37.0,Sat,2023-05-20,15:00,Bournemouth,1.0,1.4,Manchester Utd,10240.0,Vitality Stadium,Chris Kavanagh,361,0,1,6.0,3.0,13.0,612.0,12.0,18.0,7.0,22.0,0.0,9.0,11.0,56.0,7.0,6.0,13.0,804.0,26.0,5.0,13.0,15.0,2.0,2.0,24.0,63.0,2022-2023,A,1.2,1.2,2.0,4.6,6.8,10.2,1.4,1.0,0.8,6.6,6.0,11.0,1461.837458880891,1583.857949736414,-122.0204908555229,0.0
37.0,Sat,2023-05-20,15:00,Fulham,1.7,1.6,Crystal Palace,24356.0,Craven Cottage,Joshua Smith,360,2,2,13.0,7.0,23.0,511.0,16.0,9.0,13.0,23.0,2.0,7.0,20.0,63.0,12.0,4.0,15.0,530.0,12.0,9.0,12.0,18.0,2.0,12.0,21.0,62.0,2022-2023,D,1.2,1.6,1.4,3.8,5.6,12.0,1.4,1.2,1.2,8.4,4.4,10.8,1506.5439367748825,1486.5951442531787,19.94879252170381,3.0
37.0,Sat,2023-05-20,15:00,Liverpool,0.7,1.3,Aston Villa,53306.0,Anfield,John Brooks,359,1,1,16.0,9.0,41.0,693.0,18.0,8.0,13.0,22.0,4.0,2.0,22.0,76.0,13.0,3.0,11.0,442.0,29.0,15.0,7.0,44.0,1.0,8.0,18.0,81.0,2022-2023,D,3.0,2.2,0.8,5.6,3.4,13.2,1.4,0.8,0.8,6.0,3.8,7.8,1652.749219184146,1536.8266013904718,115.92261779367436,3.0
37.0,Sat,2023-05-20,12:30,Tottenham,1.8,1.3,Brentford,61514.0,Tottenham Hotspur Stadium,Jarred Gillett,358,1,3,11.0,8.0,28.0,730.0,12.0,1.0,26.0,14.0,1.0,7.0,23.0,54.0,9.0,2.0,11.0,513.0,11.0,4.0,18.0,23.0,1.0,8.0,19.0,65.0,2022-2023,A,0.8,1.6,2.8,4.4,6.6,11.2,2.0,1.4,0.6,5.2,4.2,9.2,1554.28011176653,1522.1002633164676,32.17984845006231,1.6666666666666667
37.0,Sun,2023-05-21,13:30,West Ham,2.1,0.9,Leeds United,62478.0,London Stadium,Peter Bankes,364,3,1,6.0,9.0,21.0,692.0,11.0,11.0,34.0,22.0,1.0,8.0,24.0,67.0,11.0,5.0,29.0,528.0,23.0,6.0,12.0,20.0,1.0,3.0,17.0,85.0,2022-2023,H,0.6,1.0,2.2,4.2,6.8,8.0,0.4,1.2,2.2,3.4,6.4,15.0,1465.7310330168518,1409.1155923619826,56.61544065486919,1.3333333333333333
37.0,Sun,2023-05-21,14:00,Brighton,2.5,0.6,Southampton,31507.0,The American Express Community Stadium,Paul Tierney,365,3,1,8.0,4.0,20.0,764.0,13.0,5.0,11.0,8.0,1.0,3.0,17.0,31.0,9.0,3.0,8.0,499.0,16.0,14.0,3.0,19.0,1.0,11.0,15.0,58.0,2022-2023,H,1.8,2.4,1.8,5.6,4.6,13.6,0.2,1.4,2.6,4.4,6.4,12.0,1550.357711545278,1363.4781124085364,186.87959913674172,1.6666666666666667
37.0,Sun,2023-05-21,16:00,Manchester City,1.2,1.2,Chelsea,53490.0,Etihad Stadium,Michael Oliver,366,1,0,12.0,5.0,12.0,801.0,8.0,4.0,4.0,12.0,2.0,5.0,16.0,46.0,9.0,2.0,10.0,497.0,17.0,6.0,5.0,14.0,2.0,8.0,10.0,47.0,2022-2023,H,3.0,2.8,0.6,5.6,3.4,7.6,0.8,1.4,2.0,3.6,5.8,10.0,1731.8013271991674,1498.9022261021466,232.89910109702078,3.0
37.0,Mon,2023-05-22,20:00,Newcastle Utd,2.1,0.1,Leicester City,52152.0,St James' Park,Andre Marriner,367,0,0,9.0,12.0,33.0,850.0,6.0,4.0,19.0,10.0,1.0,1.0,19.0,63.0,5.0,1.0,5.0,344.0,17.0,5.0,13.0,50.0,0.0,18.0,11.0,68.0,2022-2023,D,2.0,2.6,1.4,9.2,2.2,12.0,1.0,1.6,2.4,4.0,5.0,13.6,1607.8664634075685,1418.0392480947262,189.82721531284233,2.0
32.0,Wed,2023-05-24,20:00,Brighton,2.2,1.8,Manchester City,31388.0,The American Express Community Stadium,Simon Hooper,368,1,1,16.0,5.0,18.0,516.0,12.0,11.0,9.0,6.0,2.0,1.0,6.0,47.0,11.0,1.0,10.0,714.0,12.0,3.0,12.0,12.0,0.0,5.0,11.0,46.0,2022-2023,D,1.8,1.8,2.0,6.0,4.2,12.4,3.0,2.2,0.4,6.4,3.2,7.4,1554.2473287455455,1734.9272137499179,-180.6798850043724,0.0
32.0,Thu,2023-05-25,20:00,Manchester Utd,5.2,1.9,Chelsea,73561.0,Old Trafford,Stuart Attwell,369,4,1,12.0,3.0,4.0,575.0,19.0,4.0,4.0,11.0,0.0,10.0,18.0,41.0,6.0,4.0,14.0,776.0,21.0,6.0,8.0,8.0,0.0,4.0,10.0,41.0,2022-2023,H,1.8,0.8,0.4,6.2,5.4,11.0,0.8,1.2,1.8,3.6,5.2,9.6,1592.0915789203125,1495.7763395513962,96.31523936891631,1.0
38.0,Sun,2023-05-28,16:30,Aston Villa,2.8,1.4,Brighton,36955.0,Villa Park,David Coote,377,2,1,15.0,3.0,13.0,413.0,14.0,12.0,12.0,7.0,0.0,3.0,19.0,58.0,16.0,3.0,7.0,549.0,13.0,3.0,11.0,15.0,6.0,6.0,12.0,31.0,2022-2023,H,1.4,0.8,0.8,5.8,4.0,8.8,1.4,1.8,2.2,5.4,3.2,13.6,1541.497534311378,1557.587514005499,-16.089979694120984,3.0
38.0,Sun,2023-05-28,16:30,Leicester City,1.4,1.4,West Ham,32183.0,King Power Stadium,Simon Hooper,376,2,1,8.0,3.0,11.0,676.0,11.0,7.0,11.0,19.0,2.0,9.0,17.0,49.0,10.0,5.0,27.0,697.0,17.0,3.0,5.0,18.0,3.0,9.0,11.0,49.0,2022-2023,H,0.6,1.2,2.2,4.0,6.0,11.2,1.2,1.4,2.0,5.4,6.6,8.0,1424.2025184411227,1472.4951830709572,-48.29266462983446,1.3333333333333333
38.0,Sun,2023-05-28,16:30,Brentford,1.3,1.6,Manchester City,17120.0,Brentford Community Stadium,John Brooks,379,1,0,12.0,3.0,15.0,451.0,17.0,10.0,12.0,18.0,3.0,5.0,10.0,61.0,8.0,4.0,8.0,752.0,14.0,7.0,12.0,16.0,0.0,3.0,16.0,47.0,2022-2023,H,2.4,1.8,0.6,4.0,5.0,8.6,2.6,2.0,0.4,5.6,3.8,7.6,1534.6928634236963,1731.5870284899643,-196.894165066268,1.0
38.0,Sun,2023-05-28,16:30,Leeds United,1.5,2.2,Tottenham,36871.0,Elland Road,Anthony Taylor,378,1,4,8.0,12.0,44.0,636.0,22.0,9.0,30.0,8.0,1.0,1.0,24.0,78.0,5.0,3.0,6.0,636.0,26.0,12.0,25.0,47.0,1.0,12.0,19.0,64.0,2022-2023,A,0.4,1.2,2.4,3.2,6.6,14.2,0.8,1.6,2.2,5.4,5.2,10.8,1402.3514423078773,1541.6875116593012,-139.33606935142393,0.0
38.0,Sun,2023-05-28,16:30,Everton,1.0,0.5,Bournemouth,39201.0,Goodison Park,Stuart Attwell,375,1,0,11.0,9.0,30.0,469.0,18.0,13.0,21.0,24.0,0.0,6.0,22.0,81.0,12.0,3.0,15.0,700.0,12.0,6.0,18.0,29.0,1.0,9.0,20.0,74.0,2022-2023,H,1.0,1.8,2.2,5.4,7.6,11.0,1.2,1.2,1.4,3.6,7.0,10.0,1427.830310316055,1453.6038296969925,-25.773519380937614,0.0
38.0,Sun,2023-05-28,16:30,Southampton,1.8,4.0,Liverpool,31129.0,St. Mary's Stadium,Darren England,374,4,4,4.0,2.0,7.0,465.0,21.0,17.0,11.0,35.0,0.0,10.0,16.0,46.0,10.0,9.0,27.0,771.0,20.0,13.0,12.0,2.0,0.0,2.0,24.0,71.0,2022-2023,D,0.0,1.0,2.6,4.6,5.8,11.0,2.6,2.0,0.8,6.2,3.4,14.8,1359.588495208269,1648.0782862632398,-288.48979105497074,0.0
38.0,Sun,2023-05-28,16:30,Arsenal,2.8,0.5,Wolves,60095.0,Emirates Stadium,Andre Marriner,373,5,0,8.0,8.0,14.0,573.0,17.0,2.0,11.0,15.0,1.0,1.0,11.0,44.0,11.0,4.0,15.0,553.0,9.0,2.0,12.0,23.0,0.0,5.0,14.0,50.0,2022-2023,H,1.2,1.2,1.8,5.0,3.4,12.0,1.4,0.8,1.8,4.8,7.4,14.2,1635.8293728238446,1463.3573120482217,172.47206077562282,3.0
38.0,Sun,2023-05-28,16:30,Manchester Utd,2.9,1.8,Fulham,73465.0,Old Trafford,Robert Jones,372,2,1,14.0,5.0,12.0,619.0,19.0,14.0,13.0,11.0,1.0,6.0,8.0,39.0,10.0,4.0,16.0,574.0,15.0,11.0,15.0,18.0,1.0,7.0,13.0,58.0,2022-2023,H,1.8,1.4,0.6,6.6,5.4,10.2,1.4,2.0,1.6,4.8,4.8,11.0,1597.873316982828,1504.2825988263744,93.5907181564537,3.0
38.0,Sun,2023-05-28,16:30,Chelsea,2.2,1.7,Newcastle Utd,40130.0,Stamford Bridge,Jarred Gillett,371,1,1,9.0,10.0,27.0,742.0,21.0,7.0,6.0,10.0,2.0,5.0,15.0,49.0,11.0,3.0,11.0,497.0,14.0,8.0,5.0,32.0,1.0,9.0,16.0,36.0,2022-2023,D,0.8,1.4,2.2,3.4,5.4,9.8,1.6,1.8,1.2,8.8,2.0,12.6,1489.9946014888806,1601.703193061172,-111.70859157229143,2.0
38.0,Sun,2023-05-28,16:30,Crystal Palace,1.4,0.5,Nott'ham Forest,25198.0,Selhurst Park,Thomas Bramall,370,1,1,9.0,5.0,20.0,677.0,15.0,2.0,14.0,13.0,2.0,4.0,21.0,55.0,13.0,4.0,8.0,401.0,19.0,6.0,10.0,23.0,2.0,10.0,12.0,77.0,2022-2023,D,1.4,1.6,1.6,7.6,5.6,10.8,2.0,2.2,1.6,2.4,6.4,12.4,1488.8564822016867,1458.5750938706044,30.281388331082326,0.0
1.0,Fri,2023-08-11,20:00,Burnley,0.3,1.9,Manchester City,21572.0,Turf Moor,Craig Pawson,0,0,3,11.0,6.0,7.0,496.0,12.0,7.0,13.0,16.0,0.0,5.0,15.0,65.0,8.0,5.0,15.0,835.0,17.0,4.0,13.0,7.0,1.0,7.0,13.0,77.0,2023-2024,A,,,,,,,,,,,,,1441.3709089065896,1717.8388814559676,-276.4679725493779,0.0
1.0,Sat,2023-08-12,12:30,Arsenal,0.8,1.2,Nott'ham Forest,59984.0,Emirates Stadium,Michael Oliver,1,2,1,12.0,8.0,14.0,902.0,19.0,7.0,12.0,9.0,2.0,6.0,18.0,38.0,12.0,3.0,6.0,336.0,17.0,8.0,20.0,18.0,1.0,5.0,9.0,54.0,2023-2024,H,,,,,,,,,,,,,1639.985442136588,1461.1166529120485,178.86878922453957,1.5
1.0,Sat,2023-08-12,15:00,Everton,2.7,1.5,Fulham,39940.0,Goodison Park,Stuart Attwell,2,0,1,12.0,10.0,26.0,531.0,13.0,13.0,9.0,16.0,6.0,9.0,27.0,76.0,6.0,4.0,11.0,691.0,10.0,4.0,14.0,31.0,3.0,6.0,22.0,53.0,2023-2024,A,,,,,,,,,,,,,1436.8483674037668,1498.436183615834,-61.58781621206708,0.5
1.0,Sat,2023-08-12,15:00,Sheffield Utd,0.5,1.9,Crystal Palace,31194.0,Bramall Lane,John Brooks,3,0,1,18.0,5.0,14.0,441.0,22.0,11.0,13.0,36.0,2.0,10.0,18.0,81.0,11.0,5.0,17.0,745.0,21.0,4.0,31.0,16.0,2.0,6.0,31.0,72.0,2023-2024,A,,,,,,,,,,,,,1500.0,1486.3149231602426,13.685076839757357,1.0
1.0,Sat,2023-08-12,15:00,Brighton,4.0,1.5,Luton Town,31872.0,The American Express Community Stadium,David Coote,4,4,1,11.0,6.0,23.0,769.0,13.0,4.0,12.0,14.0,2.0,8.0,16.0,42.0,12.0,7.0,22.0,395.0,17.0,9.0,21.0,28.0,3.0,11.0,11.0,73.0,2023-2024,H,,,,,,,,,,,,,1548.8446597568072,1500.0,48.84465975680723,1.0
1.0,Sat,2023-08-12,15:00,Bournemouth,1.3,1.1,West Ham,11245.0,Vitality Stadium,Peter Bankes,5,1,1,9.0,10.0,23.0,693.0,17.0,7.0,16.0,13.0,0.0,8.0,21.0,79.0,14.0,4.0,14.0,489.0,30.0,6.0,29.0,32.0,2.0,7.0,22.0,65.0,2023-2024,D,,,,,,,,,,,,,1444.5857726092806,1462.832019792441,-18.24624718316045,0.0
1.0,Sat,2023-08-12,17:30,Newcastle Utd,3.3,1.8,Aston Villa,52207.0,St James' Park,Andy Madley,6,5,1,12.0,6.0,11.0,646.0,16.0,7.0,5.0,15.0,2.0,8.0,15.0,49.0,17.0,5.0,16.0,588.0,13.0,6.0,6.0,14.0,0.0,4.0,23.0,37.0,2023-2024,H,,,,,,,,,,,,,1600.2257923053478,1550.24038856007,49.985403745277836,2.0
1.0,Sun,2023-08-13,16:30,Chelsea,1.4,1.3,Liverpool,40096.0,Stamford Bridge,Anthony Taylor,8,1,1,5.0,4.0,26.0,862.0,13.0,7.0,11.0,18.0,3.0,6.0,23.0,65.0,13.0,4.0,12.0,542.0,19.0,10.0,6.0,39.0,5.0,4.0,11.0,58.0,2023-2024,D,,,,,,,,,,,,,1491.4720022447048,1642.3103360052385,-150.83833376053371,1.0
1.0,Sun,2023-08-13,14:00,Brentford,2.2,1.3,Tottenham,17066.0,Gtech Community Stadium,Robert Jones,7,2,2,12.0,3.0,13.0,464.0,17.0,8.0,15.0,35.0,1.0,6.0,20.0,66.0,13.0,6.0,23.0,864.0,16.0,10.0,11.0,18.0,0.0,2.0,16.0,43.0,2023-2024,D,,,,,,,,,,,,,1548.441010457693,1549.4429141377486,-1.0019036800556478,1.6666666666666667
1.0,Mon,2023-08-14,20:00,Manchester Utd,2.2,2.2,Wolves,73358.0,Old Trafford,Simon Hooper,9,1,0,15.0,8.0,17.0,643.0,18.0,8.0,7.0,21.0,1.0,6.0,14.0,51.0,10.0,7.0,23.0,634.0,23.0,18.0,17.0,20.0,3.0,9.0,16.0,53.0,2023-2024,H,,,,,,,,,,,,,1603.7197321933686,1459.2012427354782,144.51848945789038,2.0
2.0,Fri,2023-08-18,19:45,Nott'ham Forest,1.4,0.5,Sheffield Utd,29432.0,The City Ground,Peter Bankes,10,2,1,5.0,6.0,21.0,624.0,20.0,14.0,30.0,25.0,3.0,6.0,30.0,70.0,9.0,7.0,20.0,613.0,22.0,17.0,20.0,16.0,2.0,9.0,23.0,77.0,2023-2024,H,0.0,1.0,2.0,3.0,8.0,12.0,0.0,0.0,1.0,5.0,5.0,18.0,1457.0805150235235,1487.910408753895,-30.829893730371396,1.0
2.0,Sat,2023-08-19,15:00,Fulham,0.5,3.7,Brentford,24236.0,Craven Cottage,Darren Bond,11,0,3,13.0,5.0,16.0,598.0,10.0,3.0,12.0,23.0,1.0,4.0,18.0,60.0,12.0,5.0,15.0,527.0,13.0,9.0,12.0,24.0,4.0,5.0,13.0,61.0,2023-2024,A,3.0,1.0,0.0,4.0,10.0,6.0,1.0,2.0,2.0,3.0,6.0,12.0,1508.3904829097453,1546.7590445236071,-38.36856161386186,1.5
2.0,Sat,2023-08-19,15:00,Liverpool,3.0,1.3,Bournemouth,53145.0,Anfield,Thomas Bramall,12,3,1,11.0,10.0,16.0,766.0,15.0,11.0,19.0,15.0,0.0,5.0,18.0,67.0,13.0,2.0,10.0,500.0,18.0,14.0,11.0,27.0,3.0,10.0,21.0,49.0,2023-2024,H,1.0,1.0,1.0,4.0,4.0,13.0,1.0,1.0,1.0,10.0,4.0,9.0,1639.753788378121,1443.3897552903986,196.36403308772242,1.5
2.0,Sat,2023-08-19,15:00,Wolves,2.1,2.2,Brighton,31317.0,Molineux Stadium,Andy Madley,13,1,4,14.0,5.0,16.0,604.0,20.0,6.0,5.0,7.0,4.0,4.0,16.0,53.0,11.0,3.0,9.0,710.0,25.0,10.0,5.0,21.0,7.0,2.0,14.0,46.0,2023-2024,A,0.0,0.0,1.0,7.0,8.0,10.0,3.0,4.0,1.0,6.0,7.0,11.0,1454.490493551576,1555.8104778433897,-101.31998429181363,0.0
2.0,Sat,2023-08-19,17:30,Tottenham,1.7,2.1,Manchester Utd,61910.0,Tottenham Hotspur Stadium,Michael Oliver,14,2,0,9.0,5.0,16.0,675.0,15.0,5.0,3.0,20.0,1.0,8.0,18.0,38.0,8.0,6.0,14.0,584.0,22.0,8.0,10.0,18.0,4.0,3.0,18.0,49.0,2023-2024,H,1.0,2.0,2.0,6.0,3.0,13.0,3.0,1.0,0.0,8.0,7.0,15.0,1551.1248800718345,1608.4304813772708,-57.30560130543631,0.3333333333333333
2.0,Sat,2023-08-19,20:00,Manchester City,1.0,0.3,Newcastle Utd,31872.0,Etihad Stadium,Robert Jones,15,1,0,13.0,3.0,7.0,788.0,11.0,4.0,3.0,10.0,1.0,4.0,19.0,63.0,11.0,0.0,5.0,582.0,10.0,7.0,6.0,11.0,4.0,7.0,12.0,58.0,2023-2024,H,3.0,3.0,0.0,5.0,6.0,8.0,3.0,5.0,1.0,6.0,5.0,12.0,1722.3064363384112,1607.1618296303088,115.1446067081024,2.3333333333333335
2.0,Sun,2023-08-20,14:00,Aston Villa,2.9,0.6,Everton,41694.0,Villa Park,Anthony Taylor,16,4,0,8.0,7.0,12.0,698.0,9.0,3.0,9.0,18.0,1.0,6.0,15.0,48.0,12.0,6.0,18.0,479.0,14.0,6.0,8.0,10.0,1.0,6.0,15.0,67.0,2023-2024,H,0.0,1.0,5.0,5.0,6.0,17.0,0.0,0.0,1.0,10.0,4.0,12.0,1543.304351235109,1426.8940681098554,116.4102831252535,3.0
2.0,Sun,2023-08-20,16:30,West Ham,1.8,2.5,Chelsea,62451.0,London Stadium,John Brooks,17,3,1,12.0,3.0,9.0,391.0,14.0,18.0,11.0,27.0,3.0,10.0,15.0,50.0,9.0,9.0,34.0,872.0,16.0,3.0,19.0,13.0,2.0,4.0,16.0,29.0,2023-2024,H,1.0,1.0,1.0,4.0,10.0,14.0,1.0,1.0,1.0,4.0,4.0,5.0,1464.028037111323,1494.0285498718222,-30.000512760499078,0.3333333333333333
2.0,Mon,2023-08-21,20:00,Crystal Palace,1.0,2.0,Arsenal,24189.0,Selhurst Park,David Coote,18,0,1,14.0,1.0,21.0,574.0,14.0,5.0,14.0,19.0,0.0,6.0,17.0,53.0,10.0,8.0,21.0,627.0,14.0,8.0,13.0,18.0,2.0,3.0,10.0,63.0,2023-2024,A,3.0,1.0,0.0,5.0,5.0,11.0,3.0,2.0,1.0,8.0,3.0,12.0,1498.4045144063477,1644.021580025113,-145.6170656187653,1.0
3.0,Fri,2023-08-25,20:00,Chelsea,2.2,0.4,Luton Town,39893.0,Stamford Bridge,Robert Jones,19,3,0,15.0,6.0,16.0,789.0,10.0,9.0,14.0,11.0,0.0,10.0,13.0,52.0,12.0,4.0,18.0,427.0,18.0,5.0,6.0,19.0,0.0,8.0,10.0,57.0,2023-2024,H,0.5,1.0,2.0,6.5,3.5,7.0,0.0,1.0,4.0,7.0,6.0,12.0,1484.8898650633223,1493.0341819134176,-8.144316850095265,1.0
3.0,Sat,2023-08-26,15:00,Arsenal,3.2,0.6,Fulham,59961.0,Emirates Stadium,Paul Tierney,24,2,2,6.0,8.0,32.0,845.0,14.0,6.0,9.0,11.0,4.0,4.0,19.0,58.0,5.0,3.0,11.0,415.0,18.0,6.0,14.0,37.0,1.0,6.0,6.0,61.0,2023-2024,D,3.0,1.5,0.5,8.0,2.0,11.0,1.5,0.5,1.5,4.5,7.5,9.5,1651.6060214235679,1497.768683293797,153.83733812977084,3.0
3.0,Sat,2023-08-26,17:30,Brighton,1.5,3.0,West Ham,31508.0,The American Express Community Stadium,Anthony Taylor,25,1,3,10.0,17.0,41.0,911.0,12.0,6.0,13.0,12.0,1.0,5.0,15.0,53.0,9.0,4.0,10.0,386.0,15.0,19.0,13.0,43.0,2.0,12.0,9.0,53.0,2023-2024,A,3.0,4.0,1.0,4.5,6.0,11.0,2.0,2.0,1.0,3.5,9.5,13.0,1564.6267686270844,1473.166721919823,91.46004670726143,3.0
3.0,Sat,2023-08-26,15:00,Manchester Utd,2.8,1.2,Nott'ham Forest,73595.0,Old Trafford,Stuart Attwell,23,3,2,13.0,11.0,23.0,780.0,15.0,7.0,11.0,25.0,3.0,3.0,15.0,55.0,11.0,3.0,12.0,475.0,19.0,14.0,21.0,31.0,2.0,9.0,14.0,64.0,2023-2024,H,1.5,0.5,1.0,7.0,6.0,11.5,1.5,1.5,1.5,4.5,7.5,8.5,1598.5080308509853,1466.242899068946,132.26513178203936,3.0
3.0,Sat,2023-08-26,12:30,Bournemouth,0.7,2.1,Tottenham,10567.0,Vitality Stadium,Tim Robinson,20,0,2,18.0,6.0,22.0,547.0,17.0,8.0,12.0,12.0,3.0,9.0,23.0,59.0,11.0,2.0,10.0,698.0,22.0,12.0,8.0,29.0,0.0,4.0,17.0,36.0,2023-2024,A,0.5,1.0,2.0,6.0,7.0,11.0,2.0,2.0,1.0,5.5,4.5,11.0,1439.668350995938,1561.04733059812,-121.37897960218197,1.5
3.0,Sat,2023-08-26,15:00,Everton,1.3,1.1,Wolves,38851.0,Goodison Park,Craig Pawson,21,0,1,10.0,7.0,27.0,566.0,26.0,10.0,14.0,8.0,1.0,7.0,23.0,68.0,14.0,0.0,14.0,636.0,18.0,5.0,9.0,20.0,1.0,10.0,26.0,72.0,2023-2024,A,0.0,0.0,2.5,8.0,5.5,12.0,0.0,0.5,2.5,6.0,5.5,12.0,1421.5759676200573,1445.6742027678813,-24.09823514782397,0.3333333333333333
3.0,Sat,2023-08-26,15:00,Brentford,1.0,0.8,Crystal Palace,16997.0,Gtech Community Stadium,Peter Bankes,22,1,1,9.0,8.0,23.0,670.0,9.0,6.0,19.0,9.0,2.0,7.0,18.0,65.0,15.0,6.0,17.0,508.0,20.0,6.0,17.0,25.0,2.0,6.0,13.0,46.0,2023-2024,D,2.0,2.5,1.0,4.0,5.5,12.0,1.5,0.5,0.5,3.0,6.5,12.5,1557.3808441395554,1490.820073007893,66.56077113166248,1.0
3.0,Sun,2023-08-27,14:00,Sheffield Utd,0.7,3.5,Manchester City,31336.0,Bramall Lane,Jarred Gillett,26,1,2,11.0,1.0,3.0,325.0,11.0,5.0,5.0,31.0,1.0,14.0,11.0,52.0,2.0,12.0,35.0,893.0,12.0,4.0,12.0,6.0,2.0,6.0,11.0,52.0,2023-2024,A,0.0,0.5,1.5,6.0,5.5,13.5,3.0,2.0,0.0,4.0,3.0,10.5,1478.7480247084725,1727.6530290689832,-248.9050043605107,1.0
3.0,Sun,2023-08-27,14:00,Burnley,0.7,2.5,Aston Villa,21591.0,Turf Moor,Michael Salisbury,27,1,3,12.0,4.0,16.0,712.0,10.0,11.0,9.0,14.0,5.0,4.0,14.0,42.0,11.0,6.0,11.0,570.0,15.0,6.0,8.0,15.0,1.0,2.0,10.0,56.0,2023-2024,A,0.0,0.0,3.0,6.0,5.0,11.0,1.5,2.5,2.5,6.0,6.0,12.5,1436.903354024146,1548.622451724907,-111.71909770076104,0.5
3.0,Sun,2023-08-27,16:30,Newcastle Utd,2.0,0.9,Liverpool,52214.0,St James' Park,John Brooks,28,1,2,16.0,5.0,13.0,721.0,19.0,5.0,9.0,15.0,0.0,6.0,13.0,48.0,10.0,9.0,16.0,528.0,12.0,8.0,8.0,19.0,1.0,13.0,20.0,65.0,2023-2024,A,1.5,2.5,1.0,3.0,4.0,11.5,2.0,2.0,1.0,7.0,3.0,12.0,1601.8152368997369,1643.4751926725817,-41.659955772844796,0.0
4.0,Fri,2023-09-01,20:00,Luton Town,1.4,1.0,West Ham,10802.0,Kenilworth Road Stadium,Paul Tierney,29,1,2,8.0,9.0,31.0,547.0,14.0,7.0,20.0,25.0,0.0,3.0,21.0,90.0,13.0,6.0,15.0,780.0,22.0,9.0,19.0,34.0,6.0,11.0,20.0,81.0,2023-2024,A,0.0,0.5,3.5,5.5,6.0,12.0,2.3333333333333335,2.3333333333333335,1.0,3.6666666666666665,12.0,11.666666666666666,1484.5157236377886,1487.2694321701165,-2.7537085323278916,1.0
4.0,Sat,2023-09-02,15:00,Burnley,1.3,2.2,Tottenham,21750.0,Turf Moor,Darren England,34,2,5,15.0,7.0,12.0,627.0,27.0,8.0,8.0,11.0,2.0,7.0,22.0,78.0,9.0,4.0,7.0,720.0,19.0,13.0,9.0,19.0,1.0,6.0,11.0,49.0,2023-2024,A,0.0,0.5,3.0,5.0,5.5,11.5,2.3333333333333335,2.0,0.6666666666666666,4.333333333333333,5.0,11.0,1428.381050569013,1569.2988536812986,-140.91780311228558,1.5
4.0,Sat,2023-09-02,15:00,Brentford,2.9,2.1,Bournemouth,16973.0,Gtech Community Stadium,Robert Madley,33,2,2,6.0,5.0,23.0,662.0,22.0,6.0,22.0,15.0,1.0,8.0,18.0,71.0,13.0,2.0,12.0,483.0,22.0,1.0,15.0,28.0,1.0,14.0,20.0,73.0,2023-2024,D,1.6666666666666667,2.0,1.0,5.333333333333333,5.666666666666667,11.0,0.3333333333333333,0.6666666666666666,2.0,6.0,5.333333333333333,13.333333333333334,1553.891137687956,1431.4168279127593,122.47430977519662,2.0
4.0,Sat,2023-09-02,17:30,Brighton,1.3,1.2,Newcastle Utd,31620.0,The American Express Community Stadium,Stuart Attwell,35,3,1,14.0,5.0,9.0,701.0,8.0,11.0,12.0,12.0,5.0,3.0,12.0,50.0,17.0,3.0,11.0,564.0,18.0,3.0,5.0,14.0,0.0,5.0,12.0,57.0,2023-2024,H,2.0,3.0,1.6666666666666667,8.666666666666666,5.333333333333333,10.666666666666666,1.0,2.0,1.3333333333333333,3.6666666666666665,5.666666666666667,13.0,1550.524058376791,1591.2878577428105,-40.76379936601961,0.3333333333333333
4.0,Sat,2023-09-02,15:00,Chelsea,2.3,0.8,Nott'ham Forest,39820.0,Stamford Bridge,Tim Robinson,31,0,1,10.0,7.0,38.0,907.0,16.0,6.0,24.0,11.0,2.0,4.0,26.0,44.0,9.0,0.0,4.0,397.0,23.0,9.0,13.0,42.0,3.0,13.0,16.0,57.0,2023-2024,A,1.3333333333333333,1.6666666666666667,1.3333333333333333,6.333333333333333,3.6666666666666665,9.666666666666666,1.0,1.6666666666666667,2.0,4.0,8.666666666666666,9.333333333333334,1493.4083233389513,1461.2734170973622,32.13490624158908,1.0
4.0,Sat,2023-09-02,12:30,Sheffield Utd,1.2,2.5,Everton,31124.0,Bramall Lane,Andy Madley,30,2,2,11.0,4.0,14.0,563.0,16.0,11.0,18.0,39.0,1.0,7.0,27.0,79.0,13.0,6.0,24.0,635.0,23.0,7.0,19.0,18.0,2.0,2.0,26.0,74.0,2023-2024,D,0.0,0.6666666666666666,1.6666666666666667,4.333333333333333,7.666666666666667,12.666666666666666,0.0,0.0,2.0,7.666666666666667,3.6666666666666665,11.333333333333334,1473.7059537115913,1410.5462940499137,63.15965966167755,1.0
4.0,Sat,2023-09-02,15:00,Manchester City,2.2,1.4,Fulham,52899.0,Etihad Stadium,Michael Oliver,32,5,1,12.0,4.0,9.0,838.0,17.0,8.0,8.0,11.0,1.0,4.0,21.0,66.0,12.0,5.0,11.0,447.0,11.0,7.0,6.0,12.0,1.0,1.0,15.0,51.0,2023-2024,H,3.0,2.0,0.3333333333333333,6.666666666666667,2.3333333333333335,7.666666666666667,1.3333333333333333,1.0,1.6666666666666667,4.0,7.666666666666667,8.0,1732.6951000658644,1503.2483677001521,229.44673236571225,3.0
4.0,Sun,2023-09-03,14:00,Crystal Palace,2.1,1.2,Wolves,24741.0,Selhurst Park,Robert Jones,37,3,2,12.0,4.0,17.0,545.0,24.0,10.0,12.0,20.0,1.0,13.0,16.0,66.0,12.0,2.0,22.0,676.0,26.0,8.0,13.0,14.0,2.0,6.0,22.0,59.0,2023-2024,H,1.3333333333333333,0.6666666666666666,0.6666666666666666,4.0,7.0,13.333333333333334,1.0,0.6666666666666666,1.6666666666666667,4.0,6.0,12.666666666666666,1494.3097794594923,1456.7038763380249,37.60590312146746,2.0
4.0,Sun,2023-09-03,16:30,Arsenal,2.3,0.9,Manchester Utd,60192.0,Emirates Stadium,Anthony Taylor,38,3,1,8.0,12.0,26.0,680.0,11.0,8.0,13.0,8.0,2.0,0.0,17.0,45.0,7.0,3.0,3.0,589.0,15.0,8.0,13.0,28.0,1.0,2.0,14.0,53.0,2023-2024,H,2.3333333333333335,1.6666666666666667,1.0,8.0,2.3333333333333335,9.333333333333334,2.0,1.3333333333333333,1.3333333333333333,8.333333333333334,5.0,12.0,1646.1263370172128,1603.477512822569,42.648824194643794,2.0
4.0,Sun,2023-09-03,14:00,Liverpool,2.5,0.7,Aston Villa,50109.0,Anfield,Simon Hooper,36,3,0,12.0,7.0,13.0,817.0,14.0,8.0,8.0,11.0,6.0,6.0,11.0,46.0,7.0,3.0,10.0,512.0,15.0,9.0,2.0,17.0,1.0,6.0,16.0,60.0,2023-2024,H,2.3333333333333335,2.0,1.0,7.666666666666667,3.6666666666666665,11.333333333333334,2.0,2.6666666666666665,2.0,6.0,5.333333333333333,12.0,1654.002571829508,1557.14475518004,96.85781664946808,2.3333333333333335
5.0,Sat,2023-09-16,17:30,Newcastle Utd,1.4,0.5,Brentford,51670.0,St James' Park,Craig Pawson,45,1,0,8.0,8.0,26.0,627.0,12.0,6.0,22.0,20.0,0.0,9.0,27.0,61.0,12.0,3.0,15.0,526.0,30.0,9.0,20.0,26.0,1.0,7.0,20.0,77.0,2023-2024,H,0.75,1.75,1.75,3.5,5.5,14.0,1.5,2.0,1.25,5.25,4.75,9.75,1581.8409550600509,1549.0740784287711,32.76687663127973,3.0
5.0,Sat,2023-09-16,12:30,Wolves,0.6,2.5,Liverpool,31257.0,Molineux Stadium,Michael Oliver,39,1,3,10.0,4.0,15.0,545.0,22.0,13.0,7.0,23.0,1.0,7.0,23.0,55.0,4.0,4.0,18.0,884.0,24.0,9.0,11.0,20.0,0.0,7.0,26.0,58.0,2023-2024,A,0.75,1.0,2.0,3.5,5.5,12.5,2.5,2.25,0.75,7.5,3.5,11.5,1449.4415542606191,1659.7714805058138,-210.32992624519466,1.0
5.0,Sat,2023-09-16,15:00,Fulham,1.0,1.1,Luton Town,24467.0,Craven Cottage,Michael Salisbury,40,1,0,6.0,6.0,24.0,947.0,17.0,7.0,11.0,10.0,0.0,5.0,23.0,58.0,14.0,2.0,12.0,366.0,20.0,11.0,18.0,17.0,1.0,10.0,18.0,46.0,2023-2024,H,1.0,1.0,2.5,4.25,6.75,9.0,0.0,0.6666666666666666,3.0,6.666666666666667,6.0,10.666666666666666,1500.0697096619558,1472.8827934556118,27.186916206343994,1.0
5.0,Sat,2023-09-16,15:00,West Ham,0.9,3.6,Manchester City,62475.0,London Stadium,Andy Madley,41,1,3,7.0,4.0,12.0,474.0,14.0,14.0,12.0,34.0,1.0,6.0,12.0,42.0,11.0,11.0,25.0,837.0,11.0,7.0,8.0,9.0,0.0,2.0,13.0,46.0,2023-2024,A,2.5,2.25,1.0,4.25,11.25,12.0,3.0,2.75,0.5,6.0,3.0,8.75,1498.9023623522933,1735.8737581040607,-236.97139575176743,0.3333333333333333
5.0,Sat,2023-09-16,15:00,Aston Villa,3.0,1.2,Crystal Palace,40809.0,Villa Park,Darren England,42,3,1,13.0,4.0,29.0,786.0,26.0,7.0,11.0,12.0,1.0,6.0,23.0,65.0,9.0,2.0,14.0,479.0,23.0,12.0,6.0,36.0,0.0,2.0,19.0,58.0,2023-2024,H,1.5,2.0,2.25,5.25,5.75,10.75,1.75,1.25,1.0,4.0,5.75,13.0,1551.3758465037342,1501.5721015368981,49.80374496683612,1.3333333333333333
5.0,Sat,2023-09-16,15:00,Manchester Utd,1.0,1.7,Brighton,73592.0,Old Trafford,Jarred Gillett,43,1,3,8.0,8.0,19.0,612.0,16.0,4.0,1.0,2.0,4.0,3.0,14.0,60.0,9.0,1.0,4.0,788.0,19.0,10.0,5.0,19.0,1.0,3.0,9.0,54.0,2023-2024,A,1.5,1.25,1.75,7.0,6.75,10.75,2.25,3.0,1.5,7.75,4.75,11.5,1596.3489183137385,1559.9709610595505,36.377957254188004,0.0
5.0,Sat,2023-09-16,15:00,Tottenham,2.1,0.7,Sheffield Utd,61706.0,Tottenham Hotspur Stadium,Peter Bankes,44,2,1,13.0,15.0,32.0,794.0,17.0,6.0,15.0,7.0,2.0,1.0,23.0,47.0,14.0,2.0,6.0,428.0,22.0,10.0,21.0,38.0,3.0,13.0,11.0,66.0,2023-2024,H,2.5,2.75,1.0,4.25,5.5,10.5,0.25,1.0,1.75,4.25,7.25,12.25,1577.0110683304115,1470.3025097258064,106.70855860460506,1.0
5.0,Sun,2023-09-17,16:30,Everton,0.3,1.0,Arsenal,39217.0,Goodison Park,Simon Hooper,47,0,1,12.0,1.0,5.0,348.0,19.0,10.0,10.0,17.0,1.0,9.0,11.0,64.0,10.0,11.0,18.0,797.0,9.0,6.0,9.0,12.0,4.0,4.0,24.0,66.0,2023-2024,A,0.25,0.5,2.0,7.25,3.75,11.75,2.5,2.0,1.0,9.0,2.5,9.0,1413.9497380356986,1653.2549315260433,-239.30519349034466,1.0
5.0,Sun,2023-09-17,14:00,Bournemouth,1.0,1.8,Chelsea,10421.0,Vitality Stadium,David Coote,46,0,0,15.0,1.0,16.0,477.0,14.0,17.0,6.0,27.0,1.0,7.0,18.0,54.0,20.0,7.0,14.0,733.0,9.0,5.0,5.0,16.0,2.0,12.0,18.0,51.0,2023-2024,D,0.5,1.0,2.0,5.0,5.25,13.25,1.0,1.25,1.25,6.5,2.75,9.75,1436.2338871719442,1480.8169298666078,-44.58304269466362,0.0
5.0,Mon,2023-09-18,19:45,Nott'ham Forest,0.7,0.5,Burnley,28958.0,The City Ground,Robert Jones,48,1,1,16.0,5.0,18.0,557.0,13.0,6.0,17.0,18.0,2.0,8.0,19.0,69.0,10.0,4.0,18.0,640.0,10.0,7.0,13.0,32.0,2.0,6.0,20.0,67.0,2023-2024,D,1.5,1.5,1.5,3.0,8.25,9.25,0.0,1.0,3.6666666666666665,5.666666666666667,5.0,12.666666666666666,1473.8648105697057,1420.6688359199002,53.19597464980552,1.0
6.0,Sat,2023-09-23,15:00,Manchester City,1.3,1.0,Nott'ham Forest,53413.0,Etihad Stadium,Anthony Taylor,49,2,0,5.0,6.0,11.0,689.0,8.0,6.0,7.0,22.0,0.0,8.0,15.0,65.0,17.0,6.0,17.0,537.0,18.0,8.0,7.0,14.0,3.0,3.0,14.0,40.0,2023-2024,H,3.0,2.8,0.6,7.0,3.2,9.2,1.4,1.4,1.4,3.4,7.4,10.6,1741.1792581485804,1470.7173541197092,270.46190402887123,2.0
6.0,Sat,2023-09-23,15:00,Luton Town,2.1,0.6,Wolves,10893.0,Kenilworth Road Stadium,Joshua Smith,50,1,1,12.0,10.0,44.0,609.0,20.0,8.0,19.0,5.0,1.0,2.0,21.0,83.0,17.0,1.0,6.0,523.0,14.0,4.0,21.0,39.0,1.0,14.0,13.0,70.0,2023-2024,D,0.0,0.5,2.5,5.5,6.0,11.5,0.6,1.0,2.2,3.6,5.2,12.0,1465.340852864872,1443.5171760760638,21.823676788808143,1.0
6.0,Sat,2023-09-23,15:00,Crystal Palace,0.3,0.6,Fulham,25072.0,Selhurst Park,Paul Tierney,51,0,0,10.0,3.0,15.0,620.0,14.0,5.0,13.0,24.0,3.0,6.0,20.0,67.0,15.0,2.0,18.0,620.0,27.0,9.0,16.0,20.0,1.0,2.0,15.0,59.0,2023-2024,D,1.4,1.2,1.4,3.6,5.4,12.2,1.4,1.0,2.0,4.6,5.8,8.4,1494.631325743588,1507.6116502526957,-12.980324509107732,0.5
6.0,Sat,2023-09-23,17:30,Brentford,1.0,1.9,Everton,16981.0,Gtech Community Stadium,Michael Oliver,52,1,3,9.0,1.0,11.0,731.0,20.0,7.0,17.0,17.0,3.0,12.0,20.0,70.0,12.0,4.0,20.0,586.0,16.0,7.0,28.0,20.0,1.0,4.0,22.0,71.0,2023-2024,A,1.2,1.6,1.2,4.8,5.4,10.2,0.2,0.4,1.8,6.0,5.2,11.8,1541.6824319701825,1408.6964410790256,132.98599089115692,1.3333333333333333
6.0,Sat,2023-09-23,20:00,Burnley,1.1,1.0,Manchester Utd,21593.0,Turf Moor,Tony Harrington,53,0,1,6.0,9.0,24.0,777.0,13.0,7.0,12.0,14.0,1.0,3.0,9.0,51.0,12.0,5.0,12.0,533.0,13.0,7.0,11.0,27.0,3.0,4.0,16.0,59.0,2023-2024,A,0.25,1.0,3.0,5.25,5.0,12.0,1.2,1.2,2.0,7.2,5.6,10.2,1423.8162923698967,1583.6439661179718,-159.82767374807509,0.5
6.0,Sun,2023-09-24,14:00,Liverpool,3.0,1.1,West Ham,50136.0,Anfield,Chris Kavanagh,57,3,1,12.0,7.0,20.0,817.0,17.0,9.0,26.0,20.0,2.0,0.0,17.0,54.0,13.0,4.0,17.0,518.0,24.0,8.0,9.0,30.0,1.0,11.0,19.0,60.0,2023-2024,H,2.6,2.4,0.8,6.8,3.6,10.0,2.0,2.0,1.4,4.2,11.2,11.0,1665.695858690369,1493.5968623077736,172.0989963825955,3.0
6.0,Sun,2023-09-24,14:00,Chelsea,1.3,1.0,Aston Villa,39700.0,Stamford Bridge,Jarred Gillett,56,0,1,9.0,5.0,14.0,609.0,23.0,4.0,14.0,29.0,10.0,4.0,18.0,54.0,11.0,11.0,23.0,560.0,21.0,9.0,7.0,16.0,1.0,6.0,16.0,62.0,2023-2024,A,1.0,1.0,1.0,6.6,2.4,11.8,1.8,2.2,2.0,5.0,5.0,11.2,1481.260374556129,1558.3166222970444,-77.05624774091552,2.0
6.0,Sun,2023-09-24,16:30,Sheffield Utd,0.9,3.9,Newcastle Utd,31127.0,Bramall Lane,Stuart Attwell,58,0,8,12.0,2.0,7.0,591.0,19.0,12.0,9.0,24.0,3.0,6.0,16.0,66.0,8.0,5.0,16.0,762.0,19.0,7.0,11.0,8.0,1.0,6.0,17.0,56.0,2023-2024,A,0.2,1.0,1.8,3.8,8.8,12.6,1.2,1.6,1.4,4.4,5.0,12.8,1464.7635506293614,1589.2326015186395,-124.46905088927815,1.0
6.0,Sun,2023-09-24,14:00,Arsenal,1.8,1.4,Tottenham,60156.0,Emirates Stadium,Robert Jones,54,2,2,12.0,11.0,20.0,529.0,24.0,11.0,14.0,12.0,2.0,1.0,17.0,60.0,19.0,4.0,10.0,588.0,28.0,6.0,8.0,22.0,3.0,9.0,17.0,39.0,2023-2024,D,2.6,1.8,0.8,9.4,2.2,9.2,2.6,2.6,1.0,6.4,4.8,11.0,1658.5082284827163,1582.5500274268566,75.95820105585972,2.0
6.0,Sun,2023-09-24,14:00,Brighton,1.9,1.1,Bournemouth,31617.0,The American Express Community Stadium,John Brooks,55,3,1,12.0,4.0,13.0,677.0,24.0,10.0,11.0,14.0,1.0,0.0,14.0,59.0,17.0,4.0,9.0,463.0,23.0,10.0,1.0,14.0,1.0,5.0,15.0,60.0,2023-2024,H,2.4,3.0,1.4,6.4,5.4,11.0,0.6,0.8,1.6,4.2,5.6,13.6,1572.6759132553173,1435.790442482423,136.88547077289422,3.0
7.0,Sat,2023-09-30,12:30,Aston Villa,1.6,1.7,Brighton,40636.0,Villa Park,Andy Madley,59,6,1,19.0,1.0,6.0,450.0,21.0,4.0,5.0,12.0,0.0,8.0,22.0,59.0,21.0,3.0,10.0,651.0,19.0,8.0,8.0,13.0,6.0,0.0,12.0,36.0,2023-2024,H,2.4,2.2,1.0,6.2,4.8,10.0,2.4,2.8,1.4,6.0,4.8,11.2,1567.8260980170955,1577.5467301365309,-9.720632119435322,3.0
7.0,Sat,2023-09-30,15:00,Wolves,0.4,0.9,Manchester City,31415.0,Molineux Stadium,Craig Pawson,60,2,1,18.0,0.0,6.0,422.0,12.0,10.0,5.0,29.0,2.0,9.0,9.0,58.0,12.0,6.0,21.0,732.0,15.0,4.0,2.0,7.0,0.0,3.0,25.0,36.0,2023-2024,H,0.8,1.2,2.2,2.4,5.6,13.4,3.0,2.6,0.6,7.2,3.2,8.6,1445.8296551233566,1743.776244674501,-297.94658955114437,0.0
7.0,Sat,2023-09-30,15:00,Bournemouth,0.6,3.4,Arsenal,11193.0,Vitality Stadium,Michael Salisbury,61,0,4,11.0,6.0,15.0,533.0,16.0,9.0,6.0,6.0,2.0,4.0,17.0,50.0,10.0,6.0,4.0,686.0,28.0,9.0,9.0,14.0,0.0,4.0,12.0,38.0,2023-2024,A,0.4,0.8,2.0,3.0,5.6,15.2,2.2,1.8,1.0,10.0,2.4,9.2,1430.9196256012094,1654.7832594221813,-223.86363382097193,0.0
7.0,Sat,2023-09-30,15:00,Everton,2.9,0.9,Luton Town,39289.0,Goodison Park,Anthony Taylor,62,1,2,8.0,3.0,32.0,801.0,23.0,5.0,30.0,16.0,2.0,8.0,37.0,101.0,10.0,6.0,12.0,474.0,24.0,10.0,25.0,30.0,3.0,18.0,26.0,96.0,2023-2024,A,0.8,1.0,1.8,4.8,4.6,11.8,0.2,0.6,2.2,6.4,5.0,11.6,1423.7424404096223,1463.0283738175792,-39.28593340795692,1.0
7.0,Sat,2023-09-30,15:00,Newcastle Utd,3.2,0.6,Burnley,51687.0,St James' Park,Thomas Bramall,63,2,0,7.0,5.0,19.0,670.0,21.0,4.0,19.0,10.0,1.0,2.0,18.0,57.0,15.0,3.0,6.0,611.0,13.0,4.0,7.0,23.0,3.0,9.0,19.0,67.0,2023-2024,H,1.2,2.2,1.2,4.2,4.4,12.0,0.2,0.8,2.6,6.0,5.0,10.8,1597.3980403689347,1416.6130210040437,180.785019364891,3.0
7.0,Sat,2023-09-30,15:00,West Ham,2.1,1.1,Sheffield Utd,62459.0,London Stadium,Graham Scott,64,2,0,6.0,7.0,19.0,647.0,16.0,7.0,16.0,19.0,2.0,11.0,14.0,67.0,9.0,4.0,17.0,591.0,14.0,1.0,15.0,20.0,3.0,8.0,23.0,60.0,2023-2024,H,1.8,2.0,1.8,4.2,10.6,10.8,0.2,1.0,3.2,3.2,8.8,11.4,1489.4337179752854,1456.5981117790661,32.83560619621926,1.0
7.0,Sat,2023-09-30,15:00,Manchester Utd,1.3,0.9,Crystal Palace,73428.0,Old Trafford,Chris Kavanagh,65,0,1,10.0,10.0,33.0,925.0,32.0,4.0,10.0,13.0,2.0,6.0,31.0,58.0,8.0,4.0,10.0,413.0,26.0,17.0,13.0,40.0,0.0,11.0,17.0,48.0,2023-2024,A,1.2,1.2,2.0,6.6,6.0,9.6,1.0,1.0,1.4,3.2,4.8,12.0,1590.8472374838248,1493.2861927929885,97.5610446908363,1.3333333333333333
7.0,Sat,2023-09-30,17:30,Tottenham,2.2,1.3,Liverpool,62001.0,Tottenham Hotspur Stadium,Simon Hooper,66,2,1,11.0,11.0,29.0,840.0,23.0,11.0,8.0,15.0,4.0,4.0,20.0,25.0,17.0,5.0,11.0,531.0,15.0,6.0,9.0,24.0,1.0,6.0,23.0,69.0,2023-2024,H,2.6,2.6,1.0,6.0,6.4,12.2,3.0,2.8,0.8,7.4,3.6,9.8,1586.2749964873915,1669.8590030228572,-83.58400653546573,0.3333333333333333
7.0,Sun,2023-10-01,14:00,Nott'ham Forest,0.5,1.6,Brentford,29004.0,The City Ground,Paul Tierney,67,1,1,6.0,1.0,12.0,567.0,17.0,6.0,15.0,40.0,2.0,11.0,19.0,73.0,10.0,11.0,29.0,738.0,11.0,10.0,25.0,10.0,1.0,5.0,25.0,58.0,2023-2024,D,1.4,1.2,1.4,4.0,7.0,11.6,1.0,1.4,1.4,4.4,5.0,9.6,1468.1203675937886,1526.6364326395856,-58.51606504579695,0.5
7.0,Mon,2023-10-02,20:00,Fulham,1.1,1.7,Chelsea,24445.0,Craven Cottage,Tim Robinson,68,0,2,15.0,8.0,22.0,710.0,16.0,13.0,9.0,5.0,2.0,4.0,21.0,71.0,12.0,1.0,4.0,612.0,24.0,8.0,8.0,28.0,4.0,2.0,17.0,42.0,2023-2024,A,1.0,0.8,2.0,4.2,4.4,10.2,0.8,0.8,1.0,6.8,3.8,12.6,1508.9567832032951,1471.7508988360778,37.20588436721732,2.0
2.0,Tue,2023-10-03,19:30,Luton Town,1.3,1.1,Burnley,10918.0,Kenilworth Road Stadium,Peter Bankes,69,1,2,14.0,7.0,31.0,563.0,14.0,8.0,35.0,17.0,3.0,10.0,29.0,111.0,6.0,6.0,12.0,586.0,15.0,7.0,23.0,38.0,3.0,12.0,21.0,100.0,2023-2024,A,0.8,0.8,1.6,6.2,4.4,11.2,0.2,0.8,2.4,5.4,5.0,11.6,1473.6238671803276,1412.6123029697785,61.01156421054907,1.0
8.0,Sat,2023-10-07,15:00,Fulham,2.2,0.6,Sheffield Utd,24361.0,Craven Cottage,Samuel Barrott,74,3,1,8.0,9.0,29.0,706.0,24.0,12.0,20.0,13.0,2.0,1.0,29.0,79.0,10.0,4.0,12.0,514.0,20.0,11.0,18.0,36.0,1.0,10.0,19.0,87.0,2023-2024,H,1.0,0.8,1.8,4.8,3.6,10.6,0.2,0.8,3.2,2.6,9.0,11.4,1496.2297591789231,1449.2083088345073,47.021450344415825,1.0
8.0,Sat,2023-10-07,15:00,Burnley,0.7,1.9,Chelsea,31872.0,Turf Moor,Stuart Attwell,73,1,4,11.0,7.0,9.0,532.0,24.0,4.0,10.0,10.0,4.0,5.0,20.0,51.0,8.0,3.0,13.0,799.0,22.0,9.0,9.0,10.0,2.0,1.0,18.0,57.0,2023-2024,A,0.8,1.0,2.0,5.8,5.2,10.4,1.4,1.0,0.4,5.2,4.8,13.2,1425.96096693156,1484.4779228604498,-58.51695592888973,0.5
8.0,Sat,2023-10-07,17:30,Crystal Palace,0.8,1.0,Nott'ham Forest,31872.0,Selhurst Park,Craig Pawson,75,0,0,7.0,3.0,13.0,664.0,18.0,6.0,10.0,21.0,0.0,5.0,12.0,58.0,12.0,7.0,18.0,626.0,20.0,9.0,13.0,23.0,2.0,6.0,14.0,56.0,2023-2024,D,1.6,1.2,1.2,3.8,5.2,10.8,1.0,1.0,1.4,3.0,7.8,11.8,1507.5338869187394,1468.0776567721973,39.45623014654211,0.5
8.0,Sat,2023-10-07,15:00,Everton,2.4,0.7,Bournemouth,38815.0,Goodison Park,David Coote,71,3,0,14.0,8.0,25.0,590.0,28.0,5.0,23.0,18.0,2.0,8.0,23.0,77.0,15.0,7.0,18.0,632.0,20.0,6.0,16.0,29.0,0.0,11.0,24.0,79.0,2023-2024,H,0.8,1.2,1.4,4.2,4.4,11.0,0.4,0.6,2.2,3.8,4.8,14.8,1413.146947046874,1425.3148395474443,-12.16789250057036,1.5
8.0,Sat,2023-10-07,12:30,Luton Town,0.8,1.9,Tottenham,10290.0,Kenilworth Road Stadium,John Brooks,70,0,1,16.0,5.0,26.0,440.0,26.0,12.0,9.0,25.0,4.0,10.0,21.0,76.0,7.0,6.0,13.0,740.0,20.0,9.0,15.0,29.0,4.0,9.0,29.0,56.0,2023-2024,A,0.8,1.0,1.4,6.8,4.4,11.6,2.6,2.6,1.2,7.2,6.2,12.6,1460.275203218546,1596.9527581007717,-136.67755488222565,1.0
8.0,Sat,2023-10-07,15:00,Manchester Utd,1.4,0.9,Brentford,73453.0,Old Trafford,Andy Madley,72,2,1,10.0,7.0,36.0,723.0,4.0,10.0,13.0,9.0,4.0,2.0,33.0,75.0,17.0,5.0,8.0,476.0,18.0,16.0,9.0,45.0,0.0,10.0,14.0,68.0,2023-2024,H,1.2,1.2,1.8,7.4,5.8,10.0,0.6,1.0,1.6,5.6,4.2,9.2,1576.5995433580738,1526.6791434611769,49.920399896896924,2.0
8.0,Sun,2023-10-08,14:00,Wolves,1.7,1.6,Aston Villa,31872.0,Molineux Stadium,Robert Jones,77,1,1,19.0,2.0,10.0,478.0,13.0,5.0,10.0,25.0,3.0,7.0,14.0,51.0,9.0,10.0,31.0,536.0,7.0,11.0,6.0,10.0,1.0,5.0,15.0,46.0,2023-2024,D,1.4,1.4,1.6,1.4,6.2,14.2,2.4,2.6,1.2,5.0,4.2,12.2,1461.7763878551573,1576.3889599796023,-114.61257212444502,2.3333333333333335
8.0,Sun,2023-10-08,14:00,Brighton,2.3,2.3,Liverpool,31752.0,The American Express Community Stadium,Anthony Taylor,78,2,2,12.0,8.0,14.0,559.0,17.0,13.0,5.0,14.0,1.0,5.0,18.0,51.0,20.0,1.0,8.0,631.0,22.0,11.0,6.0,19.0,0.0,2.0,13.0,46.0,2023-2024,D,1.8,2.2,2.4,6.0,4.0,13.2,2.4,2.4,1.0,6.4,5.4,11.0,1568.983868174024,1659.181241409477,-90.19737323545291,1.3333333333333333
8.0,Sun,2023-10-08,14:00,West Ham,1.2,2.0,Newcastle Utd,31872.0,London Stadium,Peter Bankes,76,2,2,11.0,4.0,15.0,423.0,11.0,8.0,16.0,9.0,2.0,9.0,15.0,71.0,18.0,2.0,12.0,719.0,8.0,3.0,15.0,19.0,1.0,4.0,19.0,62.0,2023-2024,D,1.8,1.8,1.6,5.0,9.6,9.6,1.8,2.6,1.0,5.2,4.4,11.2,1496.8235209198442,1601.3987584032,-104.57523748335575,0.6666666666666666
8.0,Sun,2023-10-08,16:30,Arsenal,0.4,0.5,Manchester City,60233.0,Emirates Stadium,Michael Oliver,79,1,0,8.0,5.0,11.0,638.0,20.0,9.0,5.0,9.0,2.0,3.0,17.0,57.0,7.0,4.0,10.0,638.0,22.0,5.0,8.0,16.0,0.0,5.0,13.0,53.0,2023-2024,H,2.2,2.4,1.0,9.6,3.4,9.2,2.4,2.6,1.0,7.8,3.2,8.4,1660.3880454759465,1727.8295119427003,-67.44146646675381,0.0
