index,Player,#,Nation,Pos,Age,Min,Gls,Ast,PK,PKatt,Sh,SoT,CrdY,CrdR,Touches,Tkl,Int,Blocks,xG,npxG,xAG,SCA,GCA,Cmp_x,Att_x,Cmp%_x,PrgP,Carries,PrgC,Att_x,Succ,SoTA,GA,Saves,Save%,PSxG,Cmp_y,Att_y,Cmp%_y,Att_y,Thr,Launch%,AvgLen,Att_y,Launch%,AvgLen,Opp,Stp,Stp%,#OPA,AvgDist,home,game_id
0,Zeki Amdouni,25.0,ch SUI,FW,22-250,60,0,0,0,0,1,1,0,0,23,1,0,0,0.0,0.0,0.0,1,0,10,11,90.9,0,11,1,4,2,,,,,,,,,,,,,,,,,,,,,1,0
1,Anass Zaroury,19.0,ma MAR,FW,22-277,29,0,0,0,0,1,0,0,1,13,0,0,0,0.0,0.0,0.0,1,0,10,12,83.3,0,6,0,0,0,,,,,,,,,,,,,,,,,,,,,1,0
2,Lyle Foster,17.0,za RSA,LM,22-342,89,0,0,0,0,2,0,0,0,37,2,0,2,0.1,0.1,0.0,3,0,14,20,70.0,2,14,2,3,1,,,,,,,,,,,,,,,,,,,,,1,0
3,Nathan Redmond,15.0,eng ENG,LM,29-158,1,0,0,0,0,0,0,0,0,2,0,0,0,0.0,0.0,0.0,0,0,1,2,50.0,0,2,0,0,0,,,,,,,,,,,,,,,,,,,,,1,0
4,Josh Cullen,24.0,ie IRL,CM,27-126,90,0,0,0,0,0,0,0,0,46,1,0,1,0.0,0.0,0.0,0,0,37,43,86.0,2,16,0,0,0,,,,,,,,,,,,,,,,,,,,,1,0
5,Sander Berge,16.0,no NOR,CM,25-178,89,0,0,0,0,0,0,0,0,33,0,0,1,0.0,0.0,0.0,0,0,23,28,82.1,1,12,0,0,0,,,,,,,,,,,,,,,,,,,,,1,0
6,Josh Brownhill,8.0,eng ENG,CM,27-235,1,0,0,0,0,0,0,0,0,2,0,0,0,0.0,0.0,0.0,0,0,2,2,100.0,0,0,0,0,0,,,,,,,,,,,,,,,,,,,,,1,0
7,Luca Koleosho,30.0,it ITA,RM,18-330,60,0,0,0,0,1,0,0,0,23,0,0,0,0.1,0.1,0.1,2,0,8,14,57.1,0,18,1,2,0,,,,,,,,,,,,,,,,,,,,,1,0
8,Jacob Bruun Larsen,34.0,dk DEN,RM,24-326,30,0,0,0,0,1,0,0,0,9,0,0,0,0.0,0.0,0.0,1,0,4,6,66.7,2,4,3,0,0,,,,,,,,,,,,,,,,,,,,,1,0
9,Vitinho,22.0,br BRA,LB,24-019,90,0,0,0,0,0,0,0,0,31,0,1,2,0.0,0.0,0.1,2,0,20,25,80.0,0,14,1,1,0,,,,,,,,,,,,,,,,,,,,,1,0
10,Jordan Beyer,5.0,de GER,CB,23-084,73,0,0,0,0,0,0,0,0,49,4,4,2,0.0,0.0,0.0,0,0,28,35,80.0,0,21,0,1,0,,,,,,,,,,,,,,,,,,,,,1,0
11,Benson Manuel,10.0,be BEL,FW,26-136,17,0,0,0,0,0,0,0,0,9,0,0,0,0.0,0.0,0.0,0,0,4,5,80.0,0,7,1,4,0,,,,,,,,,,,,,,,,,,,,,1,0
12,Dara O'Shea,2.0,ie IRL,CB,24-160,90,0,0,0,0,0,0,0,0,62,0,1,2,0.0,0.0,0.0,0,0,42,56,75.0,3,27,0,0,0,,,,,,,,,,,,,,,,,,,,,1,0
13,Ameen Al-Dakhil,28.0,be BEL,CB,21-158,90,0,0,0,0,0,0,0,0,51,2,1,2,0.0,0.0,0.0,0,0,32,38,84.2,3,24,1,0,0,,,,,,,,,,,,,,,,,,,,,1,0
14,Connor Roberts,14.0,wls WAL,RB,27-322,90,0,0,0,0,0,0,0,0,51,2,0,0,0.0,0.0,0.0,0,0,39,46,84.8,4,17,0,0,0,,,,,,,,,,,,,,,,,,,,,1,0
15,James Trafford,1.0,eng ENG,GK,20-305,90,0,0,0,0,0,0,0,0,55,0,0,0,0.0,0.0,0.0,0,0,39,52,75.0,1,32,0,0,0,8.0,3.0,5.0,62.5,2.7,5.0,16.0,31.3,47.0,8.0,27.7,26.8,5.0,60.0,40.4,14.0,0.0,0.0,4.0,22.3,1,0
0,Erling Haaland,9.0,no NOR,FW,23-021,79,2,0,0,0,4,2,0,0,18,0,0,0,0.6,0.6,0.3,3,0,9,11,81.8,1,15,1,0,0,,,,,,,,,,,,,,,,,,,,,0,0
1,Cole Palmer,80.0,eng ENG,LM,21-097,11,0,0,0,0,0,0,0,0,6,0,0,0,0.0,0.0,0.0,0,0,4,5,80.0,0,6,0,0,0,,,,,,,,,,,,,,,,,,,,,0,0
2,Phil Foden,47.0,eng ENG,"RM,LW",23-075,90,0,0,0,0,3,1,0,0,58,0,1,1,0.3,0.3,0.1,4,0,37,48,77.1,5,43,1,2,1,,,,,,,,,,,,,,,,,,,,,0,0
3,Bernardo Silva,20.0,pt POR,"CM,RW",29-001,90,0,0,0,0,0,0,0,0,75,1,0,0,0.0,0.0,0.0,0,0,61,70,87.1,3,58,2,1,0,,,,,,,,,,,,,,,,,,,,,0,0
4,Julián Álvarez,19.0,ar ARG,"LM,AM,FW",23-192,90,0,1,0,0,3,1,0,0,53,1,0,1,0.3,0.3,0.3,6,1,36,44,81.8,2,25,2,0,0,,,,,,,,,,,,,,,,,,,,,0,0
5,Rodri,16.0,es ESP,"DM,CB",27-050,90,1,1,0,0,4,3,0,0,122,5,0,0,0.5,0.5,0.2,5,1,107,110,97.3,4,84,1,0,0,,,,,,,,,,,,,,,,,,,,,0,0
6,Kevin De Bruyne,17.0,be BEL,DM,32-044,22,0,0,0,0,1,0,0,0,12,0,0,0,0.0,0.0,0.2,2,1,6,10,60.0,1,5,0,0,0,,,,,,,,,,,,,,,,,,,,,0,0
7,Mateo Kovačić,8.0,hr CRO,CM,29-097,68,0,0,0,0,0,0,0,0,72,2,0,3,0.0,0.0,0.2,2,0,61,64,95.3,4,50,1,3,1,,,,,,,,,,,,,,,,,,,,,0,0
8,Rico Lewis,82.0,eng ENG,LB,18-263,78,0,0,0,0,0,0,0,0,47,0,1,0,0.0,0.0,0.0,1,0,36,42,85.7,3,30,1,1,1,,,,,,,,,,,,,,,,,,,,,0,0
9,Joško Gvardiol,24.0,hr CRO,LB,21-200,12,0,0,0,0,0,0,0,0,13,2,0,0,0.0,0.0,0.0,0,0,5,7,71.4,0,4,0,0,0,,,,,,,,,,,,,,,,,,,,,0,0
10,Nathan Aké,6.0,nl NED,CB,28-174,78,0,0,0,0,1,0,0,0,79,3,2,0,0.3,0.3,0.0,2,1,65,69,94.2,1,53,1,0,0,,,,,,,,,,,,,,,,,,,,,0,0
11,Aymeric Laporte,14.0,es ESP,CB,29-076,12,0,0,0,0,1,1,0,0,14,0,0,1,0.0,0.0,0.0,0,0,11,11,100.0,0,10,0,0,0,,,,,,,,,,,,,,,,,,,,,0,0
12,Manuel Akanji,25.0,ch SUI,"CB,RB",28-023,90,0,0,0,0,0,0,0,0,109,3,0,2,0.0,0.0,0.0,1,0,89,102,87.3,2,78,1,0,0,,,,,,,,,,,,,,,,,,,,,0,0
13,Kyle Walker,2.0,eng ENG,RB,33-075,89,0,0,0,0,0,0,0,0,81,0,0,0,0.0,0.0,0.0,2,1,66,72,91.7,2,48,1,3,0,,,,,,,,,,,,,,,,,,,,,0,0
14,James Mcatee,87.0,eng ENG,"DM,RB",20-297,1,0,0,0,0,0,0,0,0,1,0,0,1,0.0,0.0,0.0,0,0,0,0,,0,0,0,0,0,,,,,,,,,,,,,,,,,,,,,0,0
15,Ederson,31.0,br BRA,GK,29-359,90,0,0,0,0,0,0,0,0,75,0,0,0,0.0,0.0,0.0,1,0,62,75,82.7,0,49,0,0,0,1.0,0.0,1.0,100.0,0.0,12.0,22.0,54.5,68.0,5.0,29.4,31.5,7.0,28.6,28.9,7.0,1.0,14.3,1.0,18.8,0,0
0,Eddie Nketiah,14.0,eng ENG,FW,24-074,73,1,0,0,0,3,1,0,0,26,1,0,1,0.2,0.2,0.0,1,0,16,16,100.0,0,14,0,3,0,,,,,,,,,,,,,,,,,,,,,1,1
1,Leandro Trossard,19.0,be BEL,"LM,LW",28-251,17,0,0,0,0,0,0,0,0,12,1,0,1,0.0,0.0,0.0,3,0,7,10,70.0,1,5,1,1,1,,,,,,,,,,,,,,,,,,,,,1,1
2,Gabriel Martinelli,11.0,br BRA,LW,22-055,85,0,1,0,0,0,0,0,0,47,1,0,1,0.0,0.0,0.2,3,1,31,33,93.9,3,35,3,4,2,,,,,,,,,,,,,,,,,,,,,1,1
3,Gabriel Dos Santos,6.0,br BRA,CB,25-236,5,0,0,0,0,0,0,0,0,4,0,0,0,0.0,0.0,0.0,0,0,2,3,66.7,0,2,0,0,0,,,,,,,,,,,,,,,,,,,,,1,1
4,Bukayo Saka,7.0,eng ENG,RW,21-341,90,1,0,0,0,3,2,0,0,81,5,0,1,0.2,0.2,0.1,4,0,49,67,73.1,3,62,11,2,0,,,,,,,,,,,,,,,,,,,,,1,1
5,Kai Havertz,29.0,de GER,"LM,FW",24-062,90,0,0,0,0,2,0,0,0,65,1,1,1,0.1,0.1,0.2,3,0,47,54,87.0,4,54,3,1,0,,,,,,,,,,,,,,,,,,,,,1,1
6,Declan Rice,41.0,eng ENG,CM,24-210,90,0,0,0,0,3,3,0,0,103,4,1,0,0.2,0.2,0.0,0,0,84,91,92.3,3,86,1,2,0,,,,,,,,,,,,,,,,,,,,,1,1
7,Martin Ødegaard,8.0,no NOR,RM,24-238,90,0,0,0,0,3,0,0,0,80,3,0,0,0.1,0.1,0.0,6,0,55,69,79.7,9,65,8,0,0,,,,,,,,,,,,,,,,,,,,,1,1
8,Jurriën Timber,12.0,nl NED,LB,22-056,49,0,0,0,0,0,0,1,0,51,1,0,0,0.0,0.0,0.0,0,0,44,49,89.8,7,39,0,0,0,,,,,,,,,,,,,,,,,,,,,1,1
9,Takehiro Tomiyasu,18.0,jp JPN,LB,24-280,41,0,0,0,0,1,1,0,0,48,0,1,0,0.0,0.0,0.0,0,0,37,43,86.0,3,39,0,0,0,,,,,,,,,,,,,,,,,,,,,1,1
10,William Saliba,2.0,fr FRA,CB,22-141,90,0,1,0,0,0,0,0,0,132,0,0,0,0.0,0.0,0.0,2,1,127,130,97.7,7,114,0,0,0,,,,,,,,,,,,,,,,,,,,,1,1
11,Ben White,4.0,eng ENG,"CB,RB",25-308,90,0,0,0,0,0,0,1,0,110,0,2,0,0.0,0.0,0.0,2,0,94,106,88.7,7,91,2,1,0,,,,,,,,,,,,,,,,,,,,,1,1
12,Thomas Partey,5.0,gh GHA,"RB,LM",30-060,90,0,0,0,0,0,0,0,0,113,2,2,1,0.0,0.0,0.1,6,2,100,107,93.5,11,80,5,1,1,,,,,,,,,,,,,,,,,,,,,1,1
13,Aaron Ramsdale,1.0,eng ENG,GK,25-090,90,0,0,0,0,0,0,0,0,30,0,0,0,0.0,0.0,0.0,0,0,23,29,79.3,0,20,0,0,0,2.0,1.0,1.0,50.0,0.9,1.0,6.0,16.7,23.0,4.0,21.7,28.7,6.0,16.7,24.3,3.0,1.0,33.3,0.0,3.3,1,1
0,Brennan Johnson,20.0,wls WAL,"FW,RW",22-081,79,0,0,0,0,1,0,0,0,15,1,0,2,0.3,0.3,0.0,0,0,6,6,100.0,0,11,1,2,0,,,,,,,,,,,,,,,,,,,,,0,1
1,Anthony Elanga,21.0,se SWE,RW,21-107,11,0,1,0,0,0,0,0,0,4,0,0,0,0.0,0.0,0.6,3,1,2,3,66.7,1,4,1,0,0,,,,,,,,,,,,,,,,,,,,,0,1
2,Morgan Gibbs-White,10.0,eng ENG,"LW,LM",23-197,90,0,0,0,0,1,0,0,0,34,1,1,0,0.1,0.1,0.2,1,0,12,20,60.0,2,19,2,7,3,,,,,,,,,,,,,,,,,,,,,0,1
3,Danilo,28.0,br BRA,RW,22-105,70,0,0,0,0,0,0,0,0,26,3,0,1,0.0,0.0,0.0,0,0,11,19,57.9,3,10,2,2,2,,,,,,,,,,,,,,,,,,,,,0,1
4,Taiwo Awoniyi,9.0,ng NGA,"FW,LW",26-000,20,1,0,0,0,1,1,0,0,10,0,0,0,0.6,0.6,0.0,1,1,3,5,60.0,0,5,0,0,0,,,,,,,,,,,,,,,,,,,,,0,1
5,Ola Aina,43.0,ng NGA,LM,26-308,71,0,0,0,0,1,0,1,0,23,3,0,0,0.0,0.0,0.0,1,0,9,14,64.3,0,8,1,2,1,,,,,,,,,,,,,,,,,,,,,0,1
6,Neco Williams,7.0,wls WAL,"LM,LB",22-121,19,0,0,0,0,0,0,0,0,7,0,2,1,0.0,0.0,0.0,1,0,3,5,60.0,1,5,1,1,1,,,,,,,,,,,,,,,,,,,,,0,1
7,Orel Mangala,5.0,be BEL,CM,25-147,89,0,0,0,0,0,0,1,0,21,1,1,1,0.0,0.0,0.0,1,0,10,13,76.9,1,13,0,2,0,,,,,,,,,,,,,,,,,,,,,0,1
8,Cheikhou Kouyaté,8.0,sn SEN,CM,33-234,1,0,0,0,0,1,0,0,0,5,0,0,1,0.0,0.0,0.0,0,0,3,3,100.0,1,1,0,0,0,,,,,,,,,,,,,,,,,,,,,0,1
9,Ryan Yates,22.0,eng ENG,"CM,RM",25-264,90,0,0,0,0,0,0,0,0,38,1,0,2,0.0,0.0,0.0,1,0,21,26,80.8,2,14,3,1,0,,,,,,,,,,,,,,,,,,,,,0,1
10,Serge Aurier,24.0,ci CIV,"RM,RB",30-231,90,0,0,0,0,0,0,0,0,20,2,1,0,0.0,0.0,0.0,0,0,6,12,50.0,1,11,0,1,0,,,,,,,,,,,,,,,,,,,,,0,1
11,Scott McKenna,26.0,sct SCO,CB,26-273,90,0,0,0,0,0,0,0,0,32,2,2,0,0.0,0.0,0.0,0,0,13,21,61.9,0,10,0,0,0,,,,,,,,,,,,,,,,,,,,,0,1
12,Joe Worrall,4.0,eng ENG,CB,26-214,89,0,0,0,0,0,0,0,0,24,1,1,1,0.0,0.0,0.0,0,0,10,16,62.5,0,11,0,0,0,,,,,,,,,,,,,,,,,,,,,0,1
13,Chris Wood,11.0,nz NZL,FW,31-248,1,0,0,0,0,0,0,0,0,2,0,0,0,0.0,0.0,0.0,0,0,0,1,0.0,0,1,0,0,0,,,,,,,,,,,,,,,,,,,,,0,1
14,Willy Boly,30.0,ci CIV,CB,32-190,90,0,0,0,0,1,1,0,0,40,2,0,1,0.2,0.2,0.3,1,0,23,31,74.2,2,15,0,0,0,,,,,,,,,,,,,,,,,,,,,0,1
15,Matt Turner,1.0,us USA,GK,29-049,90,0,0,0,0,0,0,0,0,35,0,0,0,0.0,0.0,0.0,0,0,22,33,66.7,0,21,0,0,0,7.0,2.0,5.0,71.4,2.0,9.0,19.0,47.4,28.0,12.0,50.0,39.1,5.0,100.0,69.2,10.0,0.0,0.0,0.0,,0,1
0,Neal Maupay,13.0,fr FRA,FW,26-363,71,0,0,0,0,4,3,0,0,19,0,0,1,1.3,1.3,0.1,2,0,8,9,88.9,0,9,1,0,0,,,,,,,,,,,,,,,,,,,,,1,2
1,Arnaut Danjuma,10.0,nl NED,FW,26-193,19,0,0,0,0,0,0,0,0,8,0,1,0,0.0,0.0,0.2,0,0,3,5,60.0,2,4,1,1,0,,,,,,,,,,,,,,,,,,,,,1,2
2,Abdoulaye Doucouré,16.0,ml MLI,FW,30-223,90,0,0,0,0,2,1,0,0,36,0,0,2,0.6,0.6,0.8,3,0,22,27,81.5,3,20,3,2,0,,,,,,,,,,,,,,,,,,,,,1,2
3,Alex Iwobi,17.0,ng NGA,"LM,RM",27-101,90,0,0,0,0,4,2,0,0,44,1,1,2,0.3,0.3,0.1,11,0,22,30,73.3,4,25,3,4,3,,,,,,,,,,,,,,,,,,,,,1,2
4,Amadou Onana,8.0,be BEL,CM,21-361,90,0,0,0,0,1,1,0,0,38,0,1,1,0.1,0.1,1.1,5,0,27,32,84.4,4,25,2,0,0,,,,,,,,,,,,,,,,,,,,,1,2
5,Idrissa Gana Gueye,27.0,sn SEN,CM,33-320,90,0,0,0,0,2,0,0,0,70,6,1,3,0.1,0.1,0.0,4,0,48,57,84.2,2,37,0,0,0,,,,,,,,,,,,,,,,,,,,,1,2
6,James Garner,37.0,eng ENG,RM,22-152,82,0,0,0,0,0,0,0,0,42,1,1,1,0.0,0.0,0.0,4,0,23,35,65.7,1,27,0,4,3,,,,,,,,,,,,,,,,,,,,,1,2
7,Lewis Dobbin,61.0,eng ENG,LM,20-221,8,0,0,0,0,0,0,0,0,5,0,1,0,0.0,0.0,0.0,2,0,2,3,66.7,0,4,1,0,0,,,,,,,,,,,,,,,,,,,,,1,2
8,Ashley Young,18.0,eng ENG,LB,38-034,90,0,0,0,0,0,0,0,0,55,1,0,0,0.0,0.0,0.0,3,0,34,50,68.0,1,28,0,2,1,,,,,,,,,,,,,,,,,,,,,1,2
9,James Tarkowski,6.0,eng ENG,CB,30-266,90,0,0,0,0,1,0,0,0,46,0,4,1,0.0,0.0,0.0,0,0,27,36,75.0,5,32,0,0,0,,,,,,,,,,,,,,,,,,,,,1,2
10,Michael Keane,5.0,eng ENG,CB,30-213,90,0,0,0,0,2,2,0,0,62,2,2,0,0.0,0.0,0.0,1,0,46,52,88.5,5,39,1,0,0,,,,,,,,,,,,,,,,,,,,,1,2
11,Nathan Patterson,2.0,sct SCO,RB,21-300,90,0,0,0,0,3,0,0,0,70,2,1,2,0.3,0.3,0.0,0,0,32,56,57.1,2,24,3,1,0,,,,,,,,,,,,,,,,,,,,,1,2
12,Jordan Pickford,1.0,eng ENG,GK,29-158,90,0,0,0,0,0,0,0,0,36,0,0,0,0.0,0.0,0.0,1,0,22,34,64.7,0,18,0,0,0,2.0,1.0,1.0,50.0,1.1,9.0,19.0,47.4,25.0,1.0,56.0,40.7,9.0,55.6,46.4,9.0,0.0,0.0,0.0,,1,2
0,Raúl Jiménez,7.0,mx MEX,FW,32-099,57,0,0,0,0,1,0,0,0,19,0,0,0,0.1,0.1,0.0,0,0,12,17,70.6,1,19,0,0,0,,,,,,,,,,,,,,,,,,,,,0,2
1,Aleksandar Mitrović,9.0,rs SRB,FW,28-330,33,0,0,0,0,2,1,0,0,12,0,0,0,0.2,0.2,0.0,2,1,4,8,50.0,1,5,0,3,3,,,,,,,,,,,,,,,,,,,,,0,2
2,Willian,20.0,br BRA,LW,35-003,45,0,0,0,0,0,0,1,0,33,1,0,0,0.0,0.0,0.0,1,0,23,28,82.1,1,25,2,2,1,,,,,,,,,,,,,,,,,,,,,0,2
3,Bobby Reid,14.0,jm JAM,LW,30-191,45,1,0,0,0,3,1,0,0,29,1,0,2,1.1,1.1,0.0,0,0,11,18,61.1,2,17,4,0,0,,,,,,,,,,,,,,,,,,,,,0,2
4,Harry Wilson,8.0,wls WAL,RW,26-143,90,0,0,0,0,1,0,0,0,34,1,0,1,0.1,0.1,0.4,5,1,27,29,93.1,4,33,3,1,1,,,,,,,,,,,,,,,,,,,,,0,2
5,Tom Cairney,10.0,sct SCO,LM,32-204,57,0,0,0,0,1,0,0,0,44,0,0,1,0.0,0.0,0.0,3,0,32,39,82.1,3,36,0,0,0,,,,,,,,,,,,,,,,,,,,,0,2
6,Andreas Pereira,18.0,br BRA,LM,27-223,33,0,0,0,0,0,0,0,0,16,0,0,0,0.0,0.0,0.0,0,0,6,11,54.5,1,9,0,1,0,,,,,,,,,,,,,,,,,,,,,0,2
7,Saša Lukić,28.0,rs SRB,CM,26-364,90,0,0,0,0,1,0,0,0,70,1,1,1,0.0,0.0,0.1,1,0,60,67,89.6,4,57,0,0,0,,,,,,,,,,,,,,,,,,,,,0,2
8,Harrison Reed,6.0,eng ENG,RM,28-197,90,0,0,0,0,0,0,0,0,44,1,1,1,0.0,0.0,0.1,1,0,31,39,79.5,2,32,0,0,0,,,,,,,,,,,,,,,,,,,,,0,2
9,Antonee Robinson,33.0,us USA,LB,26-004,90,0,0,0,0,0,0,0,0,78,3,0,1,0.0,0.0,0.0,0,0,52,67,77.6,4,46,0,1,0,,,,,,,,,,,,,,,,,,,,,0,2
10,Tim Ream,13.0,us USA,CB,35-311,90,0,0,0,0,0,0,0,0,76,0,0,0,0.0,0.0,0.0,0,0,62,70,88.6,5,59,1,0,0,,,,,,,,,,,,,,,,,,,,,0,2
11,Issa Diop,31.0,fr FRA,CB,26-215,90,0,0,0,0,0,0,0,0,91,1,0,2,0.0,0.0,0.0,0,0,73,80,91.3,4,72,2,0,0,,,,,,,,,,,,,,,,,,,,,0,2
12,Kenny Tete,2.0,nl NED,RB,27-307,90,0,0,0,0,0,0,1,0,84,1,2,1,0.0,0.0,0.1,3,0,58,72,80.6,6,52,2,3,1,,,,,,,,,,,,,,,,,,,,,0,2
13,Bernd Leno,17.0,de GER,GK,31-161,90,0,0,0,0,0,0,0,0,61,0,0,0,0.0,0.0,0.0,0,0,47,55,85.5,0,45,0,0,0,9.0,0.0,9.0,100.0,3.3,3.0,11.0,27.3,49.0,8.0,20.4,29.0,6.0,16.7,24.7,16.0,0.0,0.0,1.0,9.5,0,2
0,William Osula,32.0,dk DEN,FW,20-008,90,0,0,0,0,2,0,1,0,22,0,0,1,0.2,0.2,0.0,0,0,6,9,66.7,0,13,1,2,0,,,,,,,,,,,,,,,,,,,,,1,3
1,Ben Osborn,23.0,eng ENG,LW,29-007,86,0,0,0,0,1,0,0,0,41,2,0,6,0.1,0.1,0.0,0,0,11,22,50.0,3,11,0,1,0,,,,,,,,,,,,,,,,,,,,,1,3
2,Andre Brooks,35.0,eng ENG,LW,19-357,4,0,0,0,0,0,0,0,0,12,0,0,1,0.0,0.0,0.0,0,0,8,9,88.9,0,6,0,0,0,,,,,,,,,,,,,,,,,,,,,1,3
3,Bénie Adama Traore,11.0,ci CIV,RW,20-255,86,0,0,0,0,0,0,0,0,20,2,0,1,0.0,0.0,0.3,2,0,10,12,83.3,3,14,2,5,0,,,,,,,,,,,,,,,,,,,,,1,3
4,Antwoine Hackford,39.0,eng ENG,RW,19-145,4,0,0,0,0,0,0,0,0,0,0,0,0,0.0,0.0,0.0,0,0,0,0,,0,0,0,0,0,,,,,,,,,,,,,,,,,,,,,1,3
5,Max Lowe,3.0,eng ENG,LM,26-093,79,0,0,0,0,0,0,0,0,33,8,1,1,0.0,0.0,0.0,1,0,12,18,66.7,3,9,0,0,0,,,,,,,,,,,,,,,,,,,,,1,3
6,Yasser Larouci,27.0,fr FRA,"LB,LM",22-223,11,0,0,0,0,0,0,0,0,10,1,2,0,0.0,0.0,0.0,0,0,5,5,100.0,0,2,0,0,0,,,,,,,,,,,,,,,,,,,,,1,3
7,Oliver Norwood,16.0,nir NIR,"CM,LM",32-122,90,0,0,0,0,2,1,0,0,57,1,1,3,0.0,0.0,0.1,4,0,35,49,71.4,4,26,0,0,0,,,,,,,,,,,,,,,,,,,,,1,3
8,Chris Basham,6.0,eng ENG,CM,35-023,79,0,0,0,0,0,0,0,0,32,1,2,3,0.0,0.0,0.0,0,0,18,21,85.7,1,12,0,1,0,,,,,,,,,,,,,,,,,,,,,1,3
9,Vinicius Souza,21.0,br BRA,"RM,CM",24-056,11,0,0,0,0,0,0,0,0,8,2,0,0,0.0,0.0,0.0,1,0,3,5,60.0,1,4,0,0,0,,,,,,,,,,,,,,,,,,,,,1,3
10,George Baldock,2.0,gr GRE,"RM,RB",30-156,90,0,0,0,0,0,0,0,0,52,2,0,2,0.0,0.0,0.0,2,0,27,43,62.8,3,24,1,1,1,,,,,,,,,,,,,,,,,,,,,1,3
11,Jack Robinson,19.0,eng ENG,CB,29-345,79,0,0,0,0,0,0,0,0,33,0,1,3,0.0,0.0,0.0,0,0,11,21,52.4,0,9,0,0,0,,,,,,,,,,,,,,,,,,,,,1,3
12,Anis Ben Slimane,25.0,tn TUN,"CM,CB",22-149,11,0,0,0,0,0,0,1,0,6,0,1,0,0.0,0.0,0.0,0,0,0,2,0.0,0,4,0,1,0,,,,,,,,,,,,,,,,,,,,,1,3
13,John Egan,12.0,ie IRL,CB,30-296,90,0,0,0,0,1,0,0,0,38,1,2,1,0.0,0.0,0.0,0,0,8,23,34.8,1,10,0,0,0,,,,,,,,,,,,,,,,,,,,,1,3
14,Anel Ahmedhodžić,15.0,ba BIH,CB,24-139,90,0,0,0,0,2,0,1,0,42,2,1,1,0.1,0.1,0.0,1,0,17,27,63.0,1,18,1,1,1,,,,,,,,,,,,,,,,,,,,,1,3
15,Wes Foderingham,18.0,eng ENG,GK,32-210,90,0,0,0,0,0,0,0,0,35,0,0,0,0.0,0.0,0.0,1,0,10,31,32.3,0,15,0,0,0,8.0,1.0,7.0,87.5,1.9,4.0,25.0,16.0,21.0,1.0,71.4,49.5,10.0,100.0,67.1,13.0,0.0,0.0,1.0,27.0,1,3
0,Odsonne Édouard,22.0,fr FRA,FW,25-208,90,1,0,0,0,7,3,0,0,35,3,0,1,1.0,1.0,0.2,5,0,10,13,76.9,2,22,1,3,2,,,,,,,,,,,,,,,,,,,,,0,3
1,Jeffrey Schlupp,15.0,gh GHA,LW,30-232,90,0,0,0,0,2,1,0,0,40,4,0,0,0.1,0.1,0.0,4,0,17,28,60.7,3,30,0,4,3,,,,,,,,,,,,,,,,,,,,,0,3
2,Jordan Ayew,9.0,gh GHA,RW,31-335,90,0,1,0,0,2,1,0,0,61,1,1,4,0.1,0.1,0.7,4,1,34,46,73.9,1,38,4,4,1,,,,,,,,,,,,,,,,,,,,,0,3
3,Eberechi Eze,10.0,eng ENG,AM,25-044,90,0,0,0,0,8,0,0,0,76,0,0,1,0.5,0.5,0.5,13,0,44,55,80.0,4,51,3,2,2,,,,,,,,,,,,,,,,,,,,,0,3
4,Cheick Doucouré,28.0,ml MLI,DM,23-216,90,0,0,0,0,1,1,0,0,57,2,0,1,0.0,0.0,0.1,4,0,38,46,82.6,4,39,0,0,0,,,,,,,,,,,,,,,,,,,,,0,3
5,Jefferson Lerma,8.0,co COL,DM,28-291,90,0,0,0,0,1,0,0,0,80,3,1,1,0.0,0.0,0.0,5,1,58,73,79.5,7,43,2,1,1,,,,,,,,,,,,,,,,,,,,,0,3
6,Tyrick Mitchell,3.0,eng ENG,LB,23-345,90,0,0,0,0,0,0,0,0,93,2,0,1,0.0,0.0,0.0,1,0,66,85,77.6,3,57,1,1,1,,,,,,,,,,,,,,,,,,,,,0,3
7,Marc Guéhi,6.0,eng ENG,CB,23-030,89,0,0,0,0,1,0,0,0,91,1,2,2,0.0,0.0,0.0,3,0,74,83,89.2,3,62,0,1,1,,,,,,,,,,,,,,,,,,,,,0,3
8,James Tomkins,5.0,eng ENG,CB,34-136,1,0,0,0,0,0,0,0,0,1,0,0,0,0.0,0.0,0.0,0,0,1,1,100.0,0,0,0,0,0,,,,,,,,,,,,,,,,,,,,,0,3
9,Joachim Andersen,16.0,dk DEN,CB,27-073,90,0,0,0,0,2,2,0,0,99,3,0,1,0.2,0.2,0.1,5,0,78,86,90.7,10,69,4,2,2,,,,,,,,,,,,,,,,,,,,,0,3
10,Joel Ward,2.0,eng ENG,RB,33-287,90,0,0,0,0,0,0,0,0,83,2,0,1,0.0,0.0,0.0,0,0,61,73,83.6,5,43,3,1,0,,,,,,,,,,,,,,,,,,,,,0,3
11,Sam Johnstone,1.0,eng ENG,GK,30-140,90,0,0,0,0,0,0,0,0,29,0,0,0,0.0,0.0,0.0,0,0,22,28,78.6,0,18,0,0,0,1.0,0.0,1.0,100.0,0.0,6.0,12.0,50.0,22.0,5.0,45.5,39.5,6.0,33.3,40.8,11.0,1.0,9.1,0.0,6.0,0,3
0,Danny Welbeck,18.0,eng ENG,FW,32-259,77,0,0,0,0,4,1,0,0,26,0,0,1,0.3,0.3,0.0,3,0,12,14,85.7,1,16,2,1,1,,,,,,,,,,,,,,,,,,,,,1,4
1,Evan Ferguson,28.0,ie IRL,FW,18-297,13,1,0,0,0,2,1,0,0,10,0,0,0,0.9,0.9,0.1,1,0,6,6,100.0,1,8,0,1,0,,,,,,,,,,,,,,,,,,,,,1,4
2,Kaoru Mitoma,22.0,jp JPN,LW,26-084,90,0,1,0,0,1,0,1,0,55,1,0,0,0.0,0.0,0.6,8,2,42,48,87.5,5,46,7,3,1,,,,,,,,,,,,,,,,,,,,,1,4
3,Solly March,7.0,eng ENG,RW,29-023,73,1,0,0,0,3,2,0,0,44,1,0,0,0.4,0.4,0.0,4,0,24,34,70.6,3,34,1,5,2,,,,,,,,,,,,,,,,,,,,,1,4
4,Simon Adingra,24.0,ci CIV,RW,21-223,17,1,0,0,0,1,1,0,0,9,0,0,0,0.3,0.3,0.0,0,0,6,6,100.0,0,5,0,1,0,,,,,,,,,,,,,,,,,,,,,1,4
5,João Pedro,9.0,br BRA,AM,21-320,87,1,0,1,1,3,1,0,0,49,2,0,0,1.3,0.6,0.0,4,1,24,30,80.0,4,38,3,5,0,,,,,,,,,,,,,,,,,,,,,1,4
6,Julio César Enciso,10.0,py PAR,AM,19-201,3,0,0,0,0,0,0,0,0,1,0,0,0,0.0,0.0,0.0,0,0,0,0,,0,1,0,1,0,,,,,,,,,,,,,,,,,,,,,1,4
7,Mahmoud Dahoud,8.0,de GER,DM,27-223,73,0,0,0,0,2,0,0,0,53,2,0,1,0.0,0.0,0.1,3,1,41,46,89.1,4,35,0,0,0,,,,,,,,,,,,,,,,,,,,,1,4
8,Billy Gilmour,11.0,sct SCO,DM,22-062,17,0,0,0,0,1,1,0,0,18,0,0,0,0.0,0.0,0.0,0,0,17,17,100.0,1,16,0,0,0,,,,,,,,,,,,,,,,,,,,,1,4
9,Pascal Groß,13.0,de GER,DM,32-058,90,0,0,0,0,3,1,0,0,95,2,2,2,0.5,0.5,0.6,8,0,67,79,84.8,8,59,0,1,1,,,,,,,,,,,,,,,,,,,,,1,4
10,Pervis Estupiñán,30.0,ec ECU,LB,25-203,90,0,1,0,0,3,2,1,0,100,1,0,1,0.1,0.1,1.5,10,1,78,94,83.0,15,75,10,1,1,,,,,,,,,,,,,,,,,,,,,1,4
11,Lewis Dunk,5.0,eng ENG,CB,31-264,90,0,0,0,0,2,0,0,0,124,1,0,0,0.1,0.1,0.0,3,1,110,119,92.4,11,105,5,0,0,,,,,,,,,,,,,,,,,,,,,1,4
12,Jan Paul van Hecke,29.0,nl NED,CB,23-065,90,0,0,0,0,1,1,0,0,87,1,2,1,0.0,0.0,0.0,1,0,72,74,97.3,6,64,0,0,0,,,,,,,,,,,,,,,,,,,,,1,4
13,James Milner,6.0,eng ENG,RB,37-220,78,0,0,0,0,0,0,0,0,52,2,0,2,0.0,0.0,0.0,3,0,39,43,90.7,5,26,1,0,0,,,,,,,,,,,,,,,,,,,,,1,4
14,Joël Veltman,34.0,nl NED,RB,31-209,12,0,0,0,0,0,0,0,0,4,0,0,0,0.0,0.0,0.0,0,0,2,2,100.0,0,1,0,0,0,,,,,,,,,,,,,,,,,,,,,1,4
15,Jason Steele,23.0,eng ENG,GK,32-359,90,0,0,0,0,0,0,0,0,42,0,0,0,0.0,0.0,0.0,0,0,39,39,100.0,0,28,0,0,0,3.0,1.0,2.0,100.0,1.1,3.0,3.0,100.0,31.0,5.0,9.7,21.8,8.0,0.0,9.0,21.0,0.0,0.0,0.0,14.0,1,4
0,Elijah Adebayo,11.0,eng ENG,FW,25-217,63,0,0,0,0,0,0,0,0,16,0,1,0,0.0,0.0,0.0,1,0,7,10,70.0,4,7,1,3,0,,,,,,,,,,,,,,,,,,,,,0,4
1,Jacob Brown,19.0,sct SCO,FW,25-124,27,0,0,0,0,1,1,0,0,12,1,0,1,0.1,0.1,0.0,0,0,3,7,42.9,0,5,1,0,0,,,,,,,,,,,,,,,,,,,,,0,4
2,Carlton Morris,9.0,eng ENG,FW,27-239,90,1,0,1,1,3,1,0,0,41,0,0,0,1.1,0.3,0.0,4,1,20,33,60.6,5,19,2,1,1,,,,,,,,,,,,,,,,,,,,,0,4
3,Tahith Chong,14.0,nl NED,CM,23-251,87,0,0,0,0,0,0,0,0,36,2,1,0,0.0,0.0,0.0,1,0,18,22,81.8,3,22,0,1,0,,,,,,,,,,,,,,,,,,,,,0,4
4,Luke Berry,8.0,eng ENG,CM,31-031,3,0,0,0,0,0,0,0,0,0,0,0,0,0.0,0.0,0.0,0,0,0,0,,0,0,0,0,0,,,,,,,,,,,,,,,,,,,,,0,4
5,Marvelous Nakamba,13.0,zw ZIM,CM,29-205,90,0,0,0,0,1,0,0,0,32,3,0,2,0.0,0.0,0.0,1,0,19,21,90.5,0,13,0,0,0,,,,,,,,,,,,,,,,,,,,,0,4
6,Pelly Ruddock Mpanzu,17.0,cd COD,CM,30-026,87,0,0,0,0,2,0,0,0,22,1,1,1,0.3,0.3,0.0,0,0,9,14,64.3,1,15,1,0,0,,,,,,,,,,,,,,,,,,,,,0,4
7,Cauley Woodrow,10.0,eng ENG,CM,28-253,3,0,0,0,0,0,0,0,0,6,1,0,0,0.0,0.0,0.2,2,0,3,5,60.0,0,2,0,0,0,,,,,,,,,,,,,,,,,,,,,0,4
8,Ryan John Giles,26.0,eng ENG,WB,23-198,90,0,0,0,0,0,0,0,0,48,2,0,0,0.0,0.0,0.1,4,0,18,39,46.2,3,15,2,2,0,,,,,,,,,,,,,,,,,,,,,0,4
9,Issa Kaboré,12.0,bf BFA,WB,22-092,63,0,0,0,0,1,0,1,0,28,1,2,0,0.0,0.0,0.3,3,0,16,22,72.7,4,21,6,0,0,,,,,,,,,,,,,,,,,,,,,0,4
10,Alfie Doughty,45.0,eng ENG,WB,23-234,27,0,0,0,0,0,0,0,0,9,0,0,0,0.0,0.0,0.0,0,0,6,7,85.7,2,2,0,0,0,,,,,,,,,,,,,,,,,,,,,0,4
11,Amari'i Bell,29.0,jm JAM,CB,29-099,90,0,0,0,0,0,0,0,0,36,3,2,3,0.0,0.0,0.0,0,0,17,19,89.5,1,16,0,2,0,,,,,,,,,,,,,,,,,,,,,0,4
12,Tom Lockyer,4.0,wls WAL,CB,28-252,90,0,0,0,0,0,0,0,0,34,2,1,2,0.0,0.0,0.0,0,0,13,20,65.0,2,16,0,1,0,,,,,,,,,,,,,,,,,,,,,0,4
13,Mads Juel Andersen,5.0,dk DEN,CB,25-228,75,0,0,0,0,0,0,1,0,28,1,1,1,0.0,0.0,0.0,0,0,16,17,94.1,2,12,0,0,0,,,,,,,,,,,,,,,,,,,,,0,4
14,Chiedozie Ogbene,7.0,ie IRL,CB,26-103,15,0,0,0,0,0,0,0,0,5,0,0,0,0.0,0.0,0.0,0,0,3,3,100.0,0,2,0,1,0,,,,,,,,,,,,,,,,,,,,,0,4
15,Thomas Kaminski,24.0,be BEL,GK,30-293,90,0,0,0,0,0,0,0,0,42,0,0,0,0.0,0.0,0.0,0,0,21,37,56.8,0,22,0,0,0,12.0,4.0,8.0,75.0,4.9,11.0,26.0,42.3,25.0,6.0,72.0,45.0,11.0,72.7,49.8,18.0,0.0,0.0,0.0,8.0,0,4
0,Dominic Solanke,9.0,eng ENG,FW,25-332,90,1,0,0,0,3,2,0,0,29,1,0,0,1.0,1.0,0.1,5,1,12,16,75.0,2,24,2,3,1,,,,,,,,,,,,,,,,,,,,,1,5
1,Jaidon Anthony,32.0,eng ENG,LW,23-254,59,0,0,0,0,0,0,0,0,24,2,1,2,0.0,0.0,0.0,0,0,8,13,61.5,1,13,0,1,1,,,,,,,,,,,,,,,,,,,,,1,5
2,Justin Kluivert,19.0,nl NED,LW,24-099,31,0,0,0,0,0,0,0,0,18,0,1,2,0.0,0.0,0.0,0,0,6,9,66.7,1,13,0,0,0,,,,,,,,,,,,,,,,,,,,,1,5
3,David Brooks,7.0,wls WAL,RW,26-035,74,0,0,0,0,4,2,0,0,49,0,0,0,0.2,0.2,0.0,2,0,24,38,63.2,6,30,3,2,0,,,,,,,,,,,,,,,,,,,,,1,5
4,Antoine Semenyo,24.0,gh GHA,RW,23-217,16,0,0,0,0,2,0,0,0,14,0,0,0,0.1,0.1,0.0,1,1,10,11,90.9,1,13,1,1,1,,,,,,,,,,,,,,,,,,,,,1,5
5,Ryan Christie,10.0,sct SCO,AM,28-171,66,0,0,0,0,1,1,0,0,37,3,0,2,0.0,0.0,0.0,1,0,22,26,84.6,5,23,0,3,1,,,,,,,,,,,,,,,,,,,,,1,5
6,Kieffer Moore,21.0,wls WAL,AM,31-004,24,0,0,0,0,1,0,0,0,10,0,0,0,0.0,0.0,0.0,0,0,6,8,75.0,0,8,1,0,0,,,,,,,,,,,,,,,,,,,,,1,5
7,Joe Rothwell,8.0,eng ENG,DM,28-213,90,0,0,0,0,1,0,0,0,87,3,0,3,0.0,0.0,0.0,5,0,61,75,81.3,5,51,0,5,2,,,,,,,,,,,,,,,,,,,,,1,5
8,Philip Billing,29.0,dk DEN,DM,27-062,90,0,0,0,0,2,0,0,0,60,1,2,4,0.1,0.1,0.0,1,0,38,44,86.4,4,28,1,2,1,,,,,,,,,,,,,,,,,,,,,1,5
9,Milos Kerkez,3.0,hu HUN,LB,19-278,90,0,0,0,0,0,0,0,0,69,2,0,1,0.0,0.0,0.0,1,0,43,56,76.8,3,35,1,3,1,,,,,,,,,,,,,,,,,,,,,1,5
10,Marcos Senesi,25.0,ar ARG,CB,26-094,59,0,0,0,0,0,0,0,0,62,2,1,1,0.0,0.0,0.0,0,0,44,52,84.6,3,40,0,0,0,,,,,,,,,,,,,,,,,,,,,1,5
11,Chris Mepham,6.0,wls WAL,CB,25-280,31,0,0,0,0,0,0,1,0,25,0,1,1,0.0,0.0,0.0,2,0,18,23,78.3,1,18,1,0,0,,,,,,,,,,,,,,,,,,,,,1,5
12,Illia Zabarnyi,27.0,ua UKR,CB,20-345,90,0,0,0,0,0,0,0,0,102,1,1,1,0.0,0.0,0.0,2,0,77,96,80.2,4,69,0,1,0,,,,,,,,,,,,,,,,,,,,,1,5
13,Max Aarons,37.0,eng ENG,RB,23-220,74,0,0,0,0,0,0,0,0,50,2,0,0,0.0,0.0,0.1,4,0,39,44,88.6,3,27,3,3,2,,,,,,,,,,,,,,,,,,,,,1,5
14,James Hill,23.0,eng ENG,RB,21-214,16,0,0,0,0,0,0,0,0,12,0,0,0,0.0,0.0,0.0,0,0,10,11,90.9,3,9,0,0,0,,,,,,,,,,,,,,,,,,,,,1,5
15,Neto,1.0,br BRA,GK,34-024,90,0,0,0,0,0,0,0,0,45,0,0,0,0.0,0.0,0.0,1,0,32,44,72.7,0,27,0,0,0,2.0,1.0,1.0,50.0,0.7,5.0,17.0,29.4,36.0,5.0,36.1,35.1,8.0,50.0,41.9,7.0,0.0,0.0,0.0,11.7,1,5
0,Michail Antonio,9.0,jm JAM,FW,33-137,77,0,0,0,0,0,0,1,0,29,1,0,1,0.0,0.0,0.0,3,0,7,14,50.0,1,17,1,5,3,,,,,,,,,,,,,,,,,,,,,0,5
1,Danny Ings,18.0,eng ENG,FW,31-020,13,0,0,0,0,1,0,0,0,9,0,0,0,0.1,0.1,0.0,0,0,1,4,25.0,0,5,0,2,1,,,,,,,,,,,,,,,,,,,,,0,5
2,Saïd Benrahma,22.0,dz ALG,LW,28-002,90,0,0,0,0,2,1,0,0,42,1,0,2,0.1,0.1,0.1,4,0,21,30,70.0,4,26,3,4,1,,,,,,,,,,,,,,,,,,,,,0,5
3,Jarrod Bowen,20.0,eng ENG,RW,26-235,90,1,0,0,0,6,1,1,0,42,2,0,1,0.2,0.2,0.5,5,0,18,27,66.7,2,19,3,7,4,,,,,,,,,,,,,,,,,,,,,0,5
4,Pablo Fornals,8.0,es ESP,AM,27-171,85,0,0,0,0,2,0,0,0,44,4,0,1,0.1,0.1,0.1,5,1,24,31,77.4,6,16,1,2,1,,,,,,,,,,,,,,,,,,,,,0,5
5,Thilo Kehrer,24.0,de GER,DM,26-325,5,0,0,0,0,0,0,0,0,2,0,0,0,0.0,0.0,0.0,0,0,2,2,100.0,0,1,0,0,0,,,,,,,,,,,,,,,,,,,,,0,5
6,Lucas Paquetá,10.0,br BRA,"DM,AM",25-350,89,0,0,0,0,3,0,1,0,57,8,0,0,0.2,0.2,0.1,2,0,31,40,77.5,6,27,0,2,0,,,,,,,,,,,,,,,,,,,,,0,5
7,Maxwel Cornet,17.0,ci CIV,AM,26-319,1,0,0,0,0,0,0,0,0,2,1,0,0,0.0,0.0,0.0,0,0,1,1,100.0,0,1,0,0,0,,,,,,,,,,,,,,,,,,,,,0,5
8,Tomáš Souček,28.0,cz CZE,DM,28-166,90,0,1,0,0,2,0,0,0,44,5,0,0,0.4,0.4,0.0,2,1,17,28,60.7,2,12,1,0,0,,,,,,,,,,,,,,,,,,,,,0,5
9,Emerson Palmieri,33.0,it ITA,LB,29-009,90,0,0,0,0,0,0,1,0,50,4,1,1,0.0,0.0,0.1,2,0,26,38,68.4,3,17,0,0,0,,,,,,,,,,,,,,,,,,,,,0,5
10,Nayef Aguerd,27.0,ma MAR,CB,27-135,90,0,0,0,0,0,0,0,0,41,2,2,0,0.0,0.0,0.0,1,0,22,29,75.9,3,12,0,0,0,,,,,,,,,,,,,,,,,,,,,0,5
11,Kurt Zouma,4.0,fr FRA,CB,28-289,90,0,0,0,0,0,0,0,0,36,0,0,2,0.0,0.0,0.0,0,0,19,25,76.0,0,13,0,0,0,,,,,,,,,,,,,,,,,,,,,0,5
12,Vladimír Coufal,5.0,cz CZE,RB,30-355,90,0,0,0,0,0,0,0,0,64,2,3,1,0.0,0.0,0.1,2,0,35,52,67.3,3,20,1,1,0,,,,,,,,,,,,,,,,,,,,,0,5
13,Alphonse Areola,23.0,fr FRA,GK,30-166,90,0,0,0,0,0,0,0,0,27,0,0,0,0.0,0.0,0.0,0,0,9,24,37.5,0,9,0,0,0,5.0,1.0,4.0,80.0,1.4,6.0,21.0,28.6,17.0,3.0,88.2,51.1,7.0,85.7,57.4,15.0,2.0,13.3,0.0,4.5,0,5
0,Alexander Isak,14.0,se SWE,FW,23-325,67,2,0,0,0,3,3,0,0,24,0,0,0,0.8,0.8,0.0,1,0,12,16,75.0,1,16,2,3,1,,,,,,,,,,,,,,,,,,,,,1,6
1,Callum Wilson,9.0,eng ENG,FW,31-166,23,1,0,0,0,4,4,0,0,10,0,0,1,0.9,0.9,0.0,1,0,3,4,75.0,0,8,0,0,0,,,,,,,,,,,,,,,,,,,,,1,6
2,Anthony Gordon,10.0,eng ENG,LW,22-169,67,0,1,0,0,1,0,1,0,34,2,0,0,0.1,0.1,0.6,3,1,19,22,86.4,3,27,1,5,2,,,,,,,,,,,,,,,,,,,,,1,6
3,Harvey Barnes,15.0,eng ENG,LW,25-246,23,1,1,0,0,1,1,0,0,15,0,0,0,0.5,0.5,0.9,2,1,8,12,66.7,1,16,3,1,0,,,,,,,,,,,,,,,,,,,,,1,6
4,Miguel Almirón,24.0,py PAR,RW,29-183,85,0,0,0,0,1,1,0,0,39,2,1,1,0.1,0.1,0.3,4,0,31,32,96.9,2,34,4,2,0,,,,,,,,,,,,,,,,,,,,,1,6
5,Jacob Murphy,23.0,eng ENG,RW,28-169,5,0,1,0,0,0,0,0,0,8,0,0,0,0.0,0.0,0.6,3,2,5,5,100.0,3,5,1,2,2,,,,,,,,,,,,,,,,,,,,,1,6
6,Joelinton,7.0,br BRA,LM,26-363,90,0,0,0,0,1,0,0,0,48,4,0,0,0.1,0.1,0.0,4,1,36,40,90.0,4,31,1,0,0,,,,,,,,,,,,,,,,,,,,,1,6
7,Bruno Guimarães,39.0,br BRA,CM,25-269,84,0,0,0,0,2,1,1,0,57,1,0,1,0.1,0.1,0.0,2,2,38,47,80.9,4,48,2,2,1,,,,,,,,,,,,,,,,,,,,,1,6
8,Sean Longstaff,36.0,eng ENG,CM,25-286,6,0,0,0,0,0,0,0,0,3,0,0,1,0.0,0.0,0.0,0,0,1,2,50.0,0,1,0,0,0,,,,,,,,,,,,,,,,,,,,,1,6
9,Sandro Tonali,8.0,it ITA,RM,23-096,89,1,0,0,0,2,2,1,0,65,1,1,2,0.6,0.6,0.1,3,2,49,56,87.5,6,49,2,0,0,,,,,,,,,,,,,,,,,,,,,1,6
10,Elliot Anderson,32.0,sct SCO,RM,20-279,1,0,0,0,0,0,0,0,0,3,0,0,0,0.0,0.0,0.0,0,0,1,2,50.0,0,0,0,0,0,,,,,,,,,,,,,,,,,,,,,1,6
11,Dan Burn,33.0,eng ENG,LB,31-095,90,0,0,0,0,1,0,0,0,89,4,1,3,0.2,0.2,0.0,1,0,58,75,77.3,2,54,0,0,0,,,,,,,,,,,,,,,,,,,,,1,6
12,Sven Botman,4.0,nl NED,CB,23-212,90,0,1,0,0,1,0,1,0,76,2,1,1,0.1,0.1,0.4,1,1,63,68,92.6,1,55,0,0,0,,,,,,,,,,,,,,,,,,,,,1,6
13,Fabian Schär,5.0,ch SUI,CB,31-235,90,0,0,0,0,0,0,0,0,57,0,2,1,0.0,0.0,0.0,0,0,43,49,87.8,0,43,0,0,0,,,,,,,,,,,,,,,,,,,,,1,6
14,Kieran Trippier,2.0,eng ENG,RB,32-327,90,0,0,0,0,0,0,0,0,91,0,1,1,0.0,0.0,0.4,6,0,68,83,81.9,5,58,0,1,1,,,,,,,,,,,,,,,,,,,,,1,6
15,Nick Pope,22.0,eng ENG,GK,31-115,90,0,0,0,0,0,0,0,0,27,0,0,0,0.0,0.0,0.0,0,0,17,23,73.9,0,14,0,0,0,6.0,1.0,5.0,83.3,1.8,1.0,7.0,14.3,15.0,6.0,13.3,26.9,8.0,62.5,46.4,9.0,0.0,0.0,0.0,,1,6
0,Ollie Watkins,11.0,eng ENG,FW,27-225,90,0,1,0,0,2,1,0,0,27,1,0,1,0.3,0.3,0.2,3,1,15,18,83.3,2,15,1,3,2,,,,,,,,,,,,,,,,,,,,,0,6
1,John McGinn,7.0,sct SCO,"LW,AM",28-298,63,0,0,0,0,0,0,0,0,22,0,0,0,0.0,0.0,0.0,1,0,13,18,72.2,1,16,0,2,0,,,,,,,,,,,,,,,,,,,,,0,6
2,Diego Carlos,3.0,br BRA,CB,30-150,27,0,0,0,0,2,1,0,0,21,2,0,0,0.3,0.3,0.0,0,0,15,15,100.0,0,10,0,0,0,,,,,,,,,,,,,,,,,,,,,0,6
3,Leon Bailey,31.0,jm JAM,RW,26-003,45,0,0,0,0,0,0,0,0,24,0,1,1,0.0,0.0,0.0,1,0,5,17,29.4,0,14,2,1,0,,,,,,,,,,,,,,,,,,,,,0,6
4,Youri Tielemans,8.0,be BEL,"CM,LW",26-097,45,0,0,0,0,0,0,0,0,25,0,0,0,0.0,0.0,0.1,1,0,21,24,87.5,4,18,1,1,0,,,,,,,,,,,,,,,,,,,,,0,6
5,Moussa Diaby,19.0,fr FRA,"AM,FW,RW",24-036,86,1,0,0,0,3,2,0,0,30,1,0,0,0.3,0.3,0.3,4,0,21,24,87.5,5,21,5,2,2,,,,,,,,,,,,,,,,,,,,,0,6
6,Philippe Coutinho,23.0,br BRA,FW,31-061,4,0,0,0,0,1,0,0,0,11,0,0,0,0.1,0.1,0.0,1,0,7,9,77.8,1,6,3,1,1,,,,,,,,,,,,,,,,,,,,,0,6
7,Douglas Luiz,6.0,br BRA,"DM,CM",25-095,90,0,0,0,0,4,1,1,0,87,1,1,1,0.2,0.2,0.1,6,1,69,77,89.6,8,51,0,1,1,,,,,,,,,,,,,,,,,,,,,0,6
8,Boubacar Kamara,44.0,fr FRA,DM,23-262,90,0,0,0,0,1,0,0,0,69,0,1,0,0.0,0.0,0.0,2,0,51,60,85.0,6,43,2,3,2,,,,,,,,,,,,,,,,,,,,,0,6
9,Lucas Digne,12.0,fr FRA,"LB,LW",30-023,90,0,0,0,0,0,0,1,0,58,2,1,1,0.0,0.0,0.2,5,0,37,50,74.0,2,25,0,1,0,,,,,,,,,,,,,,,,,,,,,0,6
10,Tyrone Mings,5.0,eng ENG,CB,30-152,30,0,0,0,0,1,0,0,0,8,0,1,0,0.0,0.0,0.0,2,0,5,5,100.0,0,4,0,0,0,,,,,,,,,,,,,,,,,,,,,0,6
11,Pau Torres,14.0,es ESP,CB,26-208,60,0,0,0,0,0,0,0,0,51,1,0,2,0.0,0.0,0.0,1,0,40,44,90.9,4,35,3,1,1,,,,,,,,,,,,,,,,,,,,,0,6
12,Ezri Konsa,4.0,eng ENG,CB,25-293,90,0,0,0,0,0,0,0,0,57,5,0,0,0.0,0.0,0.0,1,0,44,48,91.7,3,34,0,2,1,,,,,,,,,,,,,,,,,,,,,0,6
13,Matty Cash,2.0,pl POL,"RB,RW",26-005,86,0,0,0,0,2,1,1,0,62,0,1,2,0.7,0.7,0.0,2,0,43,51,84.3,2,25,2,2,1,,,,,,,,,,,,,,,,,,,,,0,6
14,Jaden Philogene Bidace,33.0,eng ENG,RW,21-185,4,0,0,0,0,0,0,0,0,4,0,0,0,0.0,0.0,0.0,0,0,3,4,75.0,0,2,2,0,0,,,,,,,,,,,,,,,,,,,,,0,6
15,Emiliano Martínez,1.0,ar ARG,GK,30-344,90,0,0,0,0,0,0,1,0,32,0,0,0,0.0,0.0,0.0,0,0,23,27,85.2,0,16,0,0,0,12.0,5.0,7.0,58.3,5.6,2.0,5.0,40.0,23.0,5.0,17.4,23.0,4.0,25.0,29.8,9.0,1.0,11.1,6.0,20.8,0,6
0,Yoane Wissa,11.0,cd COD,FW,26-344,71,1,0,0,0,3,2,0,0,31,1,1,4,0.3,0.3,0.1,2,0,12,18,66.7,3,12,2,1,1,,,,,,,,,,,,,,,,,,,,,1,7
1,Kevin Schade,9.0,de GER,FW,21-259,19,0,0,0,0,1,0,0,0,5,0,0,0,0.3,0.3,0.0,0,0,0,1,0.0,0,3,0,0,0,,,,,,,,,,,,,,,,,,,,,1,7
2,Bryan Mbeumo,19.0,cm CMR,FW,24-006,90,1,0,1,1,2,1,0,0,41,0,1,0,1.4,0.6,0.0,1,1,22,33,66.7,6,25,1,1,0,,,,,,,,,,,,,,,,,,,,,1,7
3,Vitaly Janelt,27.0,de GER,CM,25-095,90,0,0,0,0,1,1,0,0,31,1,0,1,0.0,0.0,0.0,4,0,20,25,80.0,3,13,0,0,0,,,,,,,,,,,,,,,,,,,,,1,7
4,Christian Nørgaard,6.0,dk DEN,CM,29-156,71,0,0,0,0,0,0,0,0,38,1,2,2,0.0,0.0,0.0,2,0,19,22,86.4,2,16,0,1,0,,,,,,,,,,,,,,,,,,,,,1,7
5,Shandon Baptiste,26.0,gd GRN,CM,25-127,19,0,0,0,0,0,0,0,0,5,0,0,1,0.0,0.0,0.0,0,0,2,3,66.7,0,3,0,0,0,,,,,,,,,,,,,,,,,,,,,1,7
6,Mathias Jensen,8.0,dk DEN,CM,27-224,48,0,0,0,0,0,0,0,0,34,2,0,0,0.0,0.0,0.0,2,1,13,26,50.0,2,15,1,2,0,,,,,,,,,,,,,,,,,,,,,1,7
7,Mikkel Damsgaard,24.0,dk DEN,CM,23-041,42,0,0,0,0,1,1,0,0,21,1,0,2,0.1,0.1,0.0,0,0,12,14,85.7,4,12,0,0,0,,,,,,,,,,,,,,,,,,,,,1,7
8,Rico Henry,3.0,eng ENG,LB,26-036,90,0,1,0,0,0,0,0,0,44,2,1,1,0.0,0.0,0.7,3,2,25,34,73.5,6,23,5,4,3,,,,,,,,,,,,,,,,,,,,,1,7
9,Kristoffer Ajer,20.0,no NOR,CB,25-118,83,0,0,0,0,0,0,0,0,35,0,1,2,0.0,0.0,0.0,1,0,19,25,76.0,1,9,0,0,0,,,,,,,,,,,,,,,,,,,,,1,7
10,Mathias Jørgensen,13.0,dk DEN,CB,33-112,7,0,0,0,0,0,0,0,0,8,0,0,1,0.0,0.0,0.3,1,0,6,7,85.7,1,4,0,0,0,,,,,,,,,,,,,,,,,,,,,1,7
11,Ethan Pinnock,5.0,jm JAM,CB,30-076,90,0,0,0,0,0,0,0,0,33,3,2,0,0.0,0.0,0.0,0,0,14,19,73.7,0,9,0,0,0,,,,,,,,,,,,,,,,,,,,,1,7
12,Nathan Collins,22.0,ie IRL,CB,22-105,90,0,0,0,0,0,0,0,0,60,2,0,0,0.0,0.0,0.0,1,0,40,49,81.6,0,24,0,1,0,,,,,,,,,,,,,,,,,,,,,1,7
13,Aaron Hickey,2.0,sct SCO,RB,21-064,71,0,0,0,0,1,0,1,0,31,3,0,1,0.0,0.0,0.1,1,0,22,25,88.0,1,17,1,2,1,,,,,,,,,,,,,,,,,,,,,1,7
14,Mads Roerslev,30.0,dk DEN,RB,24-050,19,0,0,0,0,1,0,0,0,13,1,0,0,0.0,0.0,0.0,0,0,7,11,63.6,0,6,0,0,0,,,,,,,,,,,,,,,,,,,,,1,7
15,Mark Flekken,1.0,nl NED,GK,30-061,90,0,0,0,0,0,0,0,0,34,0,0,0,0.0,0.0,0.0,0,0,23,32,71.9,0,22,0,0,0,6.0,2.0,4.0,66.7,1.1,6.0,13.0,46.2,26.0,4.0,26.9,31.5,6.0,100.0,61.3,20.0,2.0,10.0,0.0,4.5,1,7
0,Richarlison,9.0,br BRA,FW,26-095,90,0,0,0,0,2,1,0,0,30,0,0,0,0.2,0.2,0.0,1,0,13,18,72.2,1,21,1,5,3,,,,,,,,,,,,,,,,,,,,,0,7
1,Son Heung-min,7.0,kr KOR,LW,31-036,74,0,0,0,0,2,1,0,0,42,1,0,0,0.1,0.1,0.0,2,0,31,37,83.8,5,33,3,2,1,,,,,,,,,,,,,,,,,,,,,0,7
2,Ivan Perišić,14.0,hr CRO,LW,34-192,16,0,0,0,0,0,0,0,0,17,0,0,0,0.0,0.0,0.1,2,0,11,16,68.8,3,13,2,3,3,,,,,,,,,,,,,,,,,,,,,0,7
3,Dejan Kulusevski,21.0,se SWE,RW,23-110,90,0,0,0,0,3,0,0,0,67,4,1,0,0.0,0.0,0.1,5,0,49,60,81.7,3,51,4,1,1,,,,,,,,,,,,,,,,,,,,,0,7
4,James Maddison,10.0,eng ENG,AM,26-263,90,0,2,0,0,2,1,1,0,84,1,1,0,0.1,0.1,0.9,8,3,58,75,77.3,7,68,1,2,0,,,,,,,,,,,,,,,,,,,,,0,7
5,Yves Bissouma,8.0,ml MLI,DM,26-348,90,0,0,0,0,3,0,0,0,130,3,4,1,0.0,0.0,0.0,3,0,107,116,92.2,10,108,4,6,5,,,,,,,,,,,,,,,,,,,,,0,7
6,Oliver Skipp,4.0,eng ENG,DM,22-331,74,0,0,0,0,0,0,1,0,47,1,0,2,0.0,0.0,0.0,0,0,37,39,94.9,3,33,0,0,0,,,,,,,,,,,,,,,,,,,,,0,7
7,Pape Matar Sarr,29.0,sn SEN,DM,20-333,16,0,0,0,0,1,1,0,0,21,0,0,1,0.1,0.1,0.0,0,0,19,19,100.0,0,15,0,0,0,,,,,,,,,,,,,,,,,,,,,0,7
8,Destiny Udogie,38.0,it ITA,LB,20-258,90,0,0,0,0,0,0,0,0,84,3,3,0,0.0,0.0,0.0,4,1,65,72,90.3,6,63,6,3,0,,,,,,,,,,,,,,,,,,,,,0,7
9,Micky van de Ven,37.0,nl NED,CB,22-116,90,0,0,0,0,2,0,0,0,83,2,0,0,0.0,0.0,0.0,0,0,67,71,94.4,3,62,1,3,2,,,,,,,,,,,,,,,,,,,,,0,7
10,Cristian Romero,17.0,ar ARG,CB,25-108,13,1,0,0,0,1,1,0,0,10,0,0,0,0.6,0.6,0.0,0,0,8,8,100.0,1,7,0,0,0,,,,,,,,,,,,,,,,,,,,,0,7
11,Davinson Sánchez,6.0,co COL,CB,27-062,77,0,0,0,0,1,0,1,0,83,0,1,3,0.1,0.1,0.0,1,0,68,75,90.7,2,68,0,0,0,,,,,,,,,,,,,,,,,,,,,0,7
12,Emerson,12.0,br BRA,RB,24-211,90,1,0,0,0,1,1,0,0,130,1,0,1,0.0,0.0,0.0,1,0,105,117,89.7,7,97,6,3,1,,,,,,,,,,,,,,,,,,,,,0,7
13,Guglielmo Vicario,13.0,it ITA,GK,26-310,90,0,0,0,0,0,0,1,0,36,0,0,0,0.0,0.0,0.0,0,0,20,31,64.5,0,25,0,0,0,6.0,2.0,4.0,83.3,1.7,2.0,11.0,18.2,29.0,4.0,37.9,33.2,2.0,0.0,14.5,11.0,2.0,18.2,7.0,21.1,0,7
0,Nicolas Jackson,15.0,sn SEN,FW,22-054,90,0,0,0,0,4,2,1,0,33,0,0,1,0.5,0.5,0.0,0,0,17,21,81.0,0,24,5,3,2,,,,,,,,,,,,,,,,,,,,,1,8
1,Carney Chukwuemeka,17.0,eng ENG,AM,19-297,80,0,0,0,0,0,0,1,0,48,1,0,0,0.0,0.0,0.0,2,0,38,42,90.5,4,32,1,3,0,,,,,,,,,,,,,,,,,,,,,1,8
2,Ian Maatsen,29.0,nl NED,"AM,RW",21-156,10,0,0,0,0,0,0,0,0,13,1,0,1,0.0,0.0,0.0,0,0,4,9,44.4,0,9,0,0,0,,,,,,,,,,,,,,,,,,,,,1,8
3,Raheem Sterling,7.0,eng ENG,AM,28-248,80,0,0,0,0,0,0,0,0,39,2,0,0,0.0,0.0,0.1,5,1,24,32,75.0,5,31,5,3,0,,,,,,,,,,,,,,,,,,,,,1,8
4,Mykhailo Mudryk,10.0,ua UKR,"AM,LW",22-220,10,0,0,0,0,0,0,0,0,9,0,0,0,0.0,0.0,0.0,0,0,5,8,62.5,0,7,1,2,2,,,,,,,,,,,,,,,,,,,,,1,8
5,Conor Gallagher,23.0,eng ENG,"CM,LM",23-188,90,0,0,0,0,0,0,0,0,77,2,3,1,0.0,0.0,0.0,0,0,61,68,89.7,3,57,0,1,1,,,,,,,,,,,,,,,,,,,,,1,8
6,Enzo Fernández,8.0,ar ARG,"CM,RM",22-208,90,0,0,0,0,1,0,1,0,112,1,0,5,0.1,0.1,0.2,4,0,86,102,84.3,17,84,1,3,2,,,,,,,,,,,,,,,,,,,,,1,8
7,Ben Chilwell,21.0,eng ENG,WB,26-235,89,0,1,0,0,1,1,0,0,76,1,0,0,0.2,0.2,0.4,2,1,50,61,82.0,4,56,2,2,1,,,,,,,,,,,,,,,,,,,,,1,8
8,Lesley Ugochukwu,16.0,fr FRA,CM,19-140,1,0,0,0,0,0,0,0,0,5,0,0,1,0.0,0.0,0.0,0,0,3,3,100.0,0,3,0,0,0,,,,,,,,,,,,,,,,,,,,,1,8
9,Reece James,24.0,eng ENG,WB,23-248,75,0,0,0,0,1,0,0,0,73,0,0,0,0.0,0.0,0.3,2,0,55,68,80.9,7,51,5,1,1,,,,,,,,,,,,,,,,,,,,,1,8
10,Malo Gusto,27.0,fr FRA,"WB,RB",20-086,15,0,0,0,0,0,0,0,0,27,1,0,0,0.0,0.0,0.0,0,0,16,21,76.2,1,16,1,0,0,,,,,,,,,,,,,,,,,,,,,1,8
11,Levi Colwill,26.0,eng ENG,"CB,LB",20-168,90,0,0,0,0,1,0,0,0,78,2,1,2,0.1,0.1,0.3,3,0,57,69,82.6,5,59,1,1,1,,,,,,,,,,,,,,,,,,,,,1,8
12,Thiago Silva,6.0,br BRA,CB,38-325,90,0,0,0,0,0,0,0,0,128,1,1,2,0.0,0.0,0.1,1,0,111,118,94.1,6,98,0,0,0,,,,,,,,,,,,,,,,,,,,,1,8
13,Axel Disasi,2.0,fr FRA,CB,25-155,90,1,0,0,0,2,1,0,0,108,1,2,1,0.5,0.5,0.0,0,0,89,98,90.8,5,78,0,0,0,,,,,,,,,,,,,,,,,,,,,1,8
14,Robert Sánchez,31.0,es ESP,GK,25-268,90,0,0,0,0,0,0,0,0,36,0,0,0,0.0,0.0,0.0,0,0,29,35,82.9,0,26,0,0,0,1.0,1.0,0.0,0.0,0.8,4.0,9.0,44.4,29.0,5.0,17.2,25.2,6.0,66.7,41.5,9.0,2.0,22.2,3.0,18.8,1,8
0,Diogo Jota,20.0,pt POR,FW,26-252,65,0,0,0,0,2,0,1,0,28,1,0,1,0.1,0.1,0.0,3,0,14,18,77.8,2,10,1,2,1,,,,,,,,,,,,,,,,,,,,,0,8
1,Darwin Núñez,9.0,uy URU,FW,24-050,25,0,0,0,0,2,0,0,0,13,0,0,0,0.0,0.0,0.0,1,0,5,6,83.3,1,9,1,3,2,,,,,,,,,,,,,,,,,,,,,0,8
2,Luis Díaz,7.0,co COL,LW,26-212,76,1,0,0,0,4,1,0,0,28,1,0,1,0.8,0.8,0.2,4,0,18,20,90.0,3,21,4,3,2,,,,,,,,,,,,,,,,,,,,,0,8
3,Ben Doak,50.0,sct SCO,RW,17-275,14,0,0,0,0,0,0,0,0,6,0,0,0,0.0,0.0,0.0,0,0,4,4,100.0,0,4,0,0,0,,,,,,,,,,,,,,,,,,,,,0,8
4,Mohamed Salah,11.0,eg EGY,RW,31-059,76,0,1,0,0,3,0,0,0,29,1,0,1,0.3,0.3,0.5,3,1,18,23,78.3,3,21,2,0,0,,,,,,,,,,,,,,,,,,,,,0,8
5,Harvey Elliott,19.0,eng ENG,RM,20-131,14,0,0,0,0,0,0,0,0,13,0,1,0,0.0,0.0,0.0,1,0,8,10,80.0,3,7,0,1,1,,,,,,,,,,,,,,,,,,,,,0,8
6,Cody Gakpo,18.0,nl NED,LM,24-098,65,0,0,0,0,0,0,0,0,28,3,0,4,0.0,0.0,0.1,2,0,10,15,66.7,2,14,3,2,1,,,,,,,,,,,,,,,,,,,,,0,8
7,Curtis Jones,17.0,eng ENG,LM,22-195,25,0,0,0,0,0,0,0,0,21,1,1,1,0.0,0.0,0.0,0,0,16,18,88.9,2,14,0,1,1,,,,,,,,,,,,,,,,,,,,,0,8
8,Alexis Mac Allister,10.0,ar ARG,CM,24-232,90,0,0,0,0,0,0,1,0,61,3,1,2,0.0,0.0,0.0,2,1,46,52,88.5,5,42,1,3,2,,,,,,,,,,,,,,,,,,,,,0,8
9,Dominik Szoboszlai,8.0,hu HUN,"RM,LW",22-292,90,0,0,0,0,1,0,0,0,56,1,1,5,0.0,0.0,0.3,2,0,33,42,78.6,2,27,1,1,0,,,,,,,,,,,,,,,,,,,,,0,8
10,Andrew Robertson,26.0,sct SCO,LB,29-155,90,0,0,0,0,0,0,0,0,74,2,2,2,0.0,0.0,0.0,2,0,41,60,68.3,6,35,1,0,0,,,,,,,,,,,,,,,,,,,,,0,8
11,Virgil van Dijk,4.0,nl NED,CB,32-036,90,0,0,0,0,1,0,0,0,49,1,3,1,0.0,0.0,0.0,2,0,26,33,78.8,1,17,0,0,0,,,,,,,,,,,,,,,,,,,,,0,8
12,Ibrahima Konaté,5.0,fr FRA,CB,24-080,90,0,0,0,0,0,0,0,0,52,3,1,1,0.0,0.0,0.0,0,0,32,38,84.2,0,24,0,0,0,,,,,,,,,,,,,,,,,,,,,0,8
13,Trent Alexander-Arnold,66.0,eng ENG,RB,24-310,90,0,0,0,0,0,0,1,0,57,2,0,0,0.0,0.0,0.0,1,0,26,47,55.3,4,21,0,1,0,,,,,,,,,,,,,,,,,,,,,0,8
14,Alisson,1.0,br BRA,GK,30-315,90,0,0,0,0,0,0,0,0,27,0,0,0,0.0,0.0,0.0,1,0,19,25,76.0,0,20,0,0,0,4.0,1.0,3.0,75.0,1.4,1.0,6.0,16.7,21.0,6.0,14.3,25.3,4.0,75.0,52.0,18.0,1.0,5.6,0.0,12.0,0,8
0,Marcus Rashford,10.0,eng ENG,FW,25-287,87,0,0,0,0,4,1,0,0,31,0,0,1,0.4,0.4,0.0,1,0,13,15,86.7,2,24,2,8,4,,,,,,,,,,,,,,,,,,,,,1,9
1,Scott McTominay,39.0,sct SCO,FW,26-249,3,0,0,0,0,0,0,0,0,5,1,0,1,0.0,0.0,0.0,0,0,2,2,100.0,0,1,0,1,0,,,,,,,,,,,,,,,,,,,,,1,9
2,Alejandro Garnacho,49.0,ar ARG,LM,19-044,67,0,0,0,0,4,0,0,0,43,1,0,2,0.1,0.1,0.0,2,0,24,29,82.8,3,30,2,2,1,,,,,,,,,,,,,,,,,,,,,1,9
3,Jadon Sancho,25.0,eng ENG,LM,23-142,23,0,0,0,0,0,0,0,0,20,0,1,1,0.0,0.0,0.1,2,0,11,16,68.8,2,13,5,2,0,,,,,,,,,,,,,,,,,,,,,1,9
4,Mason Mount,7.0,eng ENG,CM,24-216,67,0,0,0,0,0,0,0,0,29,0,1,0,0.0,0.0,0.0,1,0,17,23,73.9,1,17,1,0,0,,,,,,,,,,,,,,,,,,,,,1,9
5,Christian Eriksen,14.0,dk DEN,CM,31-181,23,0,0,0,0,0,0,0,0,16,0,0,0,0.0,0.0,0.0,0,0,8,14,57.1,1,11,1,0,0,,,,,,,,,,,,,,,,,,,,,1,9
6,Bruno Fernandes,8.0,pt POR,CM,28-340,90,0,0,0,0,1,0,0,0,63,6,1,1,0.0,0.0,0.7,7,1,36,52,69.2,11,34,0,1,0,,,,,,,,,,,,,,,,,,,,,1,9
7,Antony,21.0,br BRA,RM,23-171,76,0,0,0,0,3,0,0,0,38,0,0,3,0.2,0.2,0.3,4,0,24,32,75.0,2,24,7,2,2,,,,,,,,,,,,,,,,,,,,,1,9
8,Facundo Pellistri,28.0,uy URU,RM,21-237,14,0,0,0,0,1,0,0,0,7,1,0,0,0.4,0.4,0.0,0,0,2,3,66.7,0,3,0,1,0,,,,,,,,,,,,,,,,,,,,,1,9
9,Casemiro,18.0,br BRA,DM,31-172,90,0,0,0,0,0,0,0,0,81,2,1,4,0.0,0.0,0.1,3,0,51,63,81.0,10,44,0,0,0,,,,,,,,,,,,,,,,,,,,,1,9
10,Luke Shaw,23.0,eng ENG,LB,28-033,90,0,0,0,0,0,0,1,0,87,2,2,4,0.0,0.0,0.0,0,0,55,67,82.1,9,41,0,0,0,,,,,,,,,,,,,,,,,,,,,1,9
11,Lisandro Martínez,6.0,ar ARG,CB,25-208,45,0,0,0,0,0,0,1,0,41,1,0,0,0.0,0.0,0.0,2,0,36,39,92.3,5,31,2,1,1,,,,,,,,,,,,,,,,,,,,,1,9
12,Victor Lindelöf,2.0,se SWE,CB,29-028,45,0,0,0,0,0,0,0,0,18,1,0,0,0.0,0.0,0.0,0,0,11,15,73.3,0,10,0,0,0,,,,,,,,,,,,,,,,,,,,,1,9
13,Raphaël Varane,19.0,fr FRA,CB,30-111,90,1,0,0,0,2,1,0,0,49,1,0,1,1.0,1.0,0.0,2,0,34,38,89.5,1,25,1,0,0,,,,,,,,,,,,,,,,,,,,,1,9
14,Aaron Wan-Bissaka,29.0,eng ENG,RB,25-261,90,0,1,0,0,0,0,0,0,68,2,2,3,0.0,0.0,1.0,3,1,47,51,92.2,3,42,1,4,3,,,,,,,,,,,,,,,,,,,,,1,9
15,André Onana,24.0,cm CMR,GK,27-134,90,0,0,0,0,0,0,0,0,47,0,0,0,0.0,0.0,0.0,0,0,31,43,72.1,0,30,0,0,0,6.0,0.0,6.0,100.0,0.8,2.0,12.0,16.7,37.0,5.0,27.0,32.3,6.0,33.3,29.7,21.0,1.0,4.8,2.0,18.5,1,9
0,Matheus Cunha,12.0,br BRA,FW,24-079,76,0,0,0,0,5,1,0,0,31,2,2,1,0.6,0.6,0.1,5,0,15,17,88.2,2,19,4,3,3,,,,,,,,,,,,,,,,,,,,,0,9
1,Fábio Silva,29.0,pt POR,FW,21-026,14,0,0,0,0,3,2,0,0,12,1,1,0,0.3,0.3,0.1,1,0,5,5,100.0,0,3,0,0,0,,,,,,,,,,,,,,,,,,,,,0,9
2,Pablo Sarabia,21.0,es ESP,FW,31-095,62,0,0,0,0,1,0,0,0,26,0,0,2,0.1,0.1,0.7,4,0,12,17,70.6,2,17,1,0,0,,,,,,,,,,,,,,,,,,,,,0,9
3,Hwang Hee-chan,11.0,kr KOR,"LW,LM",27-200,28,0,0,0,0,4,0,0,0,22,0,0,0,0.3,0.3,0.0,4,0,13,15,86.7,2,17,2,2,2,,,,,,,,,,,,,,,,,,,,,0,9
4,Matheus Nunes,27.0,pt POR,"LM,AM,CM",24-352,90,0,0,0,0,0,0,0,0,65,3,5,0,0.0,0.0,0.0,3,0,35,45,77.8,3,45,4,12,6,,,,,,,,,,,,,,,,,,,,,0,9
5,Mario Lemina,5.0,ga GAB,"CM,DM",29-347,90,0,0,0,0,3,0,1,0,64,1,3,0,0.1,0.1,0.0,3,0,42,52,80.8,3,34,1,1,1,,,,,,,,,,,,,,,,,,,,,0,9
6,João Gomes,8.0,br BRA,"CM,DM",22-183,87,0,0,0,0,1,0,0,0,48,4,0,0,0.0,0.0,0.1,6,0,31,38,81.6,3,28,0,3,2,,,,,,,,,,,,,,,,,,,,,0,9
7,Sasa Kalajdzic,18.0,at AUT,FW,26-038,3,0,0,0,0,0,0,0,0,6,1,0,0,0.0,0.0,0.1,0,0,3,4,75.0,0,3,0,0,0,,,,,,,,,,,,,,,,,,,,,0,9
8,Pedro Neto,7.0,pt POR,"RM,RW",23-158,90,0,0,0,0,3,2,1,0,59,0,0,0,0.9,0.9,0.4,6,0,29,49,59.2,2,33,7,7,4,,,,,,,,,,,,,,,,,,,,,0,9
9,Rayan Aït Nouri,3.0,dz ALG,LB,22-069,76,0,0,0,0,0,0,1,0,48,2,1,3,0.0,0.0,0.0,1,0,32,39,82.1,4,23,3,3,2,,,,,,,,,,,,,,,,,,,,,0,9
10,Hugo Bueno,17.0,es ESP,LB,20-330,14,0,0,0,0,1,0,0,0,22,1,0,1,0.0,0.0,0.1,3,0,15,20,75.0,0,16,3,1,1,,,,,,,,,,,,,,,,,,,,,0,9
11,Max Kilman,23.0,eng ENG,CB,26-083,90,0,0,0,0,1,1,0,0,66,2,2,4,0.0,0.0,0.0,2,0,38,50,76.0,2,34,2,0,0,,,,,,,,,,,,,,,,,,,,,0,9
12,Craig Dawson,15.0,eng ENG,CB,33-100,90,0,0,0,0,1,0,0,0,67,2,1,3,0.1,0.1,0.1,0,0,44,51,86.3,2,37,0,0,0,,,,,,,,,,,,,,,,,,,,,0,9
13,Nélson Semedo,22.0,pt POR,RB,29-271,90,0,0,0,0,0,0,0,0,63,4,3,2,0.0,0.0,0.0,4,0,44,51,86.3,4,41,4,3,1,,,,,,,,,,,,,,,,,,,,,0,9
14,José Sá,1.0,pt POR,GK,30-209,90,0,0,0,0,0,0,0,0,35,0,0,0,0.0,0.0,0.0,0,0,28,34,82.4,0,21,0,0,0,2.0,1.0,1.0,50.0,0.8,3.0,9.0,33.3,25.0,6.0,24.0,29.9,9.0,33.3,31.1,12.0,3.0,25.0,1.0,10.0,0,9
0,Taiwo Awoniyi,9.0,ng NGA,FW,26-006,83,1,0,0,0,1,1,0,0,21,0,0,1,0.3,0.3,0.1,3,0,10,12,83.3,3,13,0,3,2,,,,,,,,,,,,,,,,,,,,,1,10
1,Chris Wood,11.0,nz NZL,FW,31-254,7,1,0,0,0,1,1,0,0,7,0,0,0,0.1,0.1,0.0,0,0,3,5,60.0,0,5,0,0,0,,,,,,,,,,,,,,,,,,,,,1,10
2,Morgan Gibbs-White,10.0,eng ENG,"LW,AM",23-203,90,0,0,0,0,2,1,0,0,62,2,0,0,0.1,0.1,0.3,10,0,34,51,66.7,10,41,4,7,3,,,,,,,,,,,,,,,,,,,,,1,10
3,Brennan Johnson,20.0,wls WAL,RW,22-087,89,0,0,0,0,2,0,0,0,44,1,0,0,0.1,0.1,0.0,3,1,24,37,64.9,0,25,5,2,0,,,,,,,,,,,,,,,,,,,,,1,10
4,Moussa Niakhate,19.0,sn SEN,RW,27-163,1,0,0,0,0,0,0,0,0,1,1,0,0,0.0,0.0,0.0,0,0,0,0,,0,0,0,0,0,,,,,,,,,,,,,,,,,,,,,1,10
5,Neco Williams,7.0,wls WAL,"LM,LB",22-127,90,0,0,0,0,1,0,0,0,58,4,4,2,0.0,0.0,0.0,1,0,25,37,67.6,1,24,0,6,0,,,,,,,,,,,,,,,,,,,,,1,10
6,Orel Mangala,5.0,be BEL,CM,25-153,68,0,0,0,0,0,0,0,0,34,4,2,1,0.0,0.0,0.0,1,0,19,24,79.2,2,15,0,0,0,,,,,,,,,,,,,,,,,,,,,1,10
7,Ryan Yates,22.0,eng ENG,"DM,CM",25-270,22,0,0,0,0,0,0,0,0,19,1,2,0,0.0,0.0,0.0,0,0,10,13,76.9,2,10,0,0,0,,,,,,,,,,,,,,,,,,,,,1,10
8,Danilo,28.0,br BRA,"CM,DM",22-111,89,0,0,0,0,2,0,0,0,57,0,2,1,0.1,0.1,0.1,2,0,44,49,89.8,3,30,0,2,0,,,,,,,,,,,,,,,,,,,,,1,10
9,Cheikhou Kouyaté,8.0,sn SEN,DM,33-240,1,0,0,0,0,0,0,0,0,5,0,0,0,0.0,0.0,0.0,0,0,3,5,60.0,0,2,0,1,1,,,,,,,,,,,,,,,,,,,,,1,10
10,Serge Aurier,24.0,ci CIV,"RM,RB",30-237,90,0,2,0,0,1,0,1,0,88,1,0,2,0.0,0.0,0.4,4,2,59,76,77.6,10,46,4,2,0,,,,,,,,,,,,,,,,,,,,,1,10
11,Scott McKenna,26.0,sct SCO,CB,26-279,90,0,0,0,0,1,0,0,0,71,2,1,1,0.2,0.2,0.0,0,0,37,57,64.9,4,28,1,0,0,,,,,,,,,,,,,,,,,,,,,1,10
12,Joe Worrall,4.0,eng ENG,CB,26-220,90,0,0,0,0,2,0,0,0,59,2,0,1,0.1,0.1,0.2,3,1,44,48,91.7,4,20,0,0,0,,,,,,,,,,,,,,,,,,,,,1,10
13,Willy Boly,30.0,ci CIV,CB,32-196,68,0,0,0,0,2,1,1,0,49,2,3,1,0.4,0.4,0.0,0,0,31,38,81.6,1,20,0,0,0,,,,,,,,,,,,,,,,,,,,,1,10
14,Anthony Elanga,21.0,se SWE,LW,21-113,22,0,0,0,0,1,0,0,0,14,0,0,0,0.0,0.0,0.0,1,0,5,9,55.6,0,6,2,2,1,,,,,,,,,,,,,,,,,,,,,1,10
15,Matt Turner,1.0,us USA,GK,29-055,90,0,0,0,0,0,0,0,0,35,0,0,0,0.0,0.0,0.0,0,0,23,33,69.7,0,18,0,0,0,3.0,1.0,2.0,66.7,1.5,8.0,16.0,50.0,25.0,4.0,44.0,35.9,6.0,83.3,52.7,17.0,0.0,0.0,2.0,18.7,1,10
0,William Osula,32.0,dk DEN,FW,20-014,73,0,0,0,0,1,0,0,0,18,0,0,1,0.0,0.0,0.0,1,0,5,9,55.6,0,9,0,2,0,,,,,,,,,,,,,,,,,,,,,0,10
1,Andre Brooks,35.0,eng ENG,AM,19-363,17,0,0,0,0,0,0,0,0,9,0,1,0,0.0,0.0,0.0,0,0,4,5,80.0,0,2,0,0,0,,,,,,,,,,,,,,,,,,,,,0,10
2,Bénie Adama Traore,11.0,ci CIV,"AM,FW",20-261,81,0,0,0,0,1,1,0,0,24,0,0,1,0.3,0.3,0.0,0,0,13,16,81.3,3,14,2,7,2,,,,,,,,,,,,,,,,,,,,,0,10
3,Antwoine Hackford,39.0,eng ENG,FW,19-151,9,0,0,0,0,0,0,0,0,4,0,0,0,0.0,0.0,0.0,0,0,2,2,100.0,0,3,0,1,0,,,,,,,,,,,,,,,,,,,,,0,10
4,Gustavo Hamer,8.0,nl NED,AM,26-055,90,1,0,0,0,1,1,1,0,58,1,2,1,0.0,0.0,0.0,2,0,33,47,70.2,3,29,2,2,1,,,,,,,,,,,,,,,,,,,,,0,10
5,Vinicius Souza,21.0,br BRA,CM,24-062,57,0,0,0,0,2,1,0,0,50,5,2,1,0.1,0.1,0.0,2,0,29,37,78.4,2,18,1,0,0,,,,,,,,,,,,,,,,,,,,,0,10
6,Chris Basham,6.0,eng ENG,CM,35-029,33,0,0,0,0,0,0,0,0,25,2,0,2,0.0,0.0,0.0,0,0,12,20,60.0,2,12,0,1,1,,,,,,,,,,,,,,,,,,,,,0,10
7,Oliver Norwood,16.0,nir NIR,CM,32-128,90,0,0,0,0,0,0,1,0,87,3,1,0,0.0,0.0,0.0,1,0,59,78,75.6,6,42,0,0,0,,,,,,,,,,,,,,,,,,,,,0,10
8,Max Lowe,3.0,eng ENG,WB,26-099,45,0,0,0,0,0,0,0,0,11,0,0,1,0.0,0.0,0.0,0,0,2,6,33.3,1,5,0,0,0,,,,,,,,,,,,,,,,,,,,,0,10
9,Yasser Larouci,27.0,fr FRA,WB,22-229,45,0,0,0,0,0,0,0,0,28,2,2,1,0.0,0.0,0.0,1,0,11,16,68.8,1,14,3,3,1,,,,,,,,,,,,,,,,,,,,,0,10
10,Ben Osborn,23.0,eng ENG,WB,29-013,90,0,0,0,0,0,0,1,0,71,2,0,0,0.0,0.0,0.0,0,0,45,59,76.3,2,33,1,3,0,,,,,,,,,,,,,,,,,,,,,0,10
11,Jack Robinson,19.0,eng ENG,CB,29-351,90,0,0,0,0,1,0,0,0,64,2,4,1,0.0,0.0,0.0,1,0,41,54,75.9,2,33,1,1,0,,,,,,,,,,,,,,,,,,,,,0,10
12,John Egan,12.0,ie IRL,CB,30-302,90,0,0,0,0,0,0,0,0,57,1,4,1,0.0,0.0,0.0,0,0,35,45,77.8,1,30,0,0,0,,,,,,,,,,,,,,,,,,,,,0,10
13,Anel Ahmedhodžić,15.0,ba BIH,CB,24-145,90,0,0,0,0,1,0,0,0,71,3,1,2,0.1,0.1,0.0,2,1,42,58,72.4,1,30,1,2,1,,,,,,,,,,,,,,,,,,,,,0,10
14,Wes Foderingham,18.0,eng ENG,GK,32-216,90,0,0,0,0,0,0,0,0,36,1,0,0,0.0,0.0,0.0,0,0,23,35,65.7,0,22,0,0,0,4.0,2.0,2.0,50.0,2.1,5.0,16.0,31.3,26.0,5.0,38.5,30.6,9.0,66.7,49.0,16.0,1.0,6.3,4.0,17.1,0,10
0,Raúl Jiménez,7.0,mx MEX,FW,32-106,85,0,0,0,0,2,0,0,0,37,1,0,0,0.1,0.1,0.0,1,0,15,26,57.7,0,24,2,1,0,,,,,,,,,,,,,,,,,,,,,1,11
1,Adama Traoré,11.0,es ESP,RB,27-206,5,0,0,0,0,0,0,0,0,5,0,0,0,0.0,0.0,0.0,0,0,3,4,75.0,0,2,0,0,0,,,,,,,,,,,,,,,,,,,,,1,11
2,Bobby Reid,14.0,jm JAM,LW,30-198,66,0,0,0,0,2,0,0,0,19,0,0,1,0.1,0.1,0.0,1,0,11,12,91.7,1,11,0,0,0,,,,,,,,,,,,,,,,,,,,,1,11
3,João Palhinha,26.0,pt POR,CM,28-041,24,0,0,0,0,0,0,1,0,24,1,1,0,0.0,0.0,0.0,1,0,19,20,95.0,3,17,0,0,0,,,,,,,,,,,,,,,,,,,,,1,11
4,Harry Wilson,8.0,wls WAL,"RW,RM",26-150,90,0,0,0,0,2,2,0,0,47,0,0,2,0.0,0.0,0.0,4,0,29,38,76.3,6,30,1,1,0,,,,,,,,,,,,,,,,,,,,,1,11
5,Andreas Pereira,18.0,br BRA,LM,27-230,67,0,0,0,0,1,0,0,0,29,0,0,0,0.0,0.0,0.0,1,0,7,22,31.8,1,14,1,2,2,,,,,,,,,,,,,,,,,,,,,1,11
6,Willian,20.0,br BRA,LM,35-010,23,0,0,0,0,1,0,0,0,14,0,0,0,0.1,0.1,0.0,0,0,8,10,80.0,0,8,0,1,0,,,,,,,,,,,,,,,,,,,,,1,11
7,Saša Lukić,28.0,rs SRB,CM,27-006,90,0,0,0,0,0,0,0,0,64,1,0,0,0.0,0.0,0.0,1,0,55,59,93.2,4,49,2,3,3,,,,,,,,,,,,,,,,,,,,,1,11
8,Harrison Reed,6.0,eng ENG,RM,28-204,66,0,0,0,0,0,0,1,0,31,2,0,1,0.0,0.0,0.2,3,0,24,27,88.9,3,19,0,0,0,,,,,,,,,,,,,,,,,,,,,1,11
9,Calvin Bassey,3.0,ng NGA,CB,23-231,24,0,0,0,0,0,0,0,0,22,0,0,1,0.0,0.0,0.0,0,0,18,20,90.0,1,15,0,0,0,,,,,,,,,,,,,,,,,,,,,1,11
10,Antonee Robinson,33.0,us USA,LB,26-011,90,0,0,0,0,0,0,0,0,49,1,0,0,0.0,0.0,0.0,2,0,37,45,82.2,4,26,3,1,0,,,,,,,,,,,,,,,,,,,,,1,11
11,Tim Ream,13.0,us USA,CB,35-318,63,0,0,0,0,0,0,2,1,58,0,1,1,0.0,0.0,0.0,0,0,47,51,92.2,1,37,2,0,0,,,,,,,,,,,,,,,,,,,,,1,11
12,Issa Diop,31.0,fr FRA,CB,26-222,90,0,0,0,0,2,0,0,0,84,1,0,1,0.1,0.1,0.0,1,0,69,78,88.5,4,53,0,0,0,,,,,,,,,,,,,,,,,,,,,1,11
13,Kenny Tete,2.0,nl NED,RB,27-314,85,0,0,0,0,0,0,0,0,55,3,1,0,0.0,0.0,0.0,1,0,36,44,81.8,3,26,4,4,3,,,,,,,,,,,,,,,,,,,,,1,11
14,Rodrigo Muniz,19.0,br BRA,FW,22-107,5,0,0,0,0,0,0,0,0,2,0,0,0,0.0,0.0,0.0,0,0,1,2,50.0,0,1,0,0,0,,,,,,,,,,,,,,,,,,,,,1,11
15,Bernd Leno,17.0,de GER,GK,31-168,90,0,0,0,0,0,0,0,0,58,0,0,0,0.0,0.0,0.0,0,0,40,55,72.7,0,43,0,0,0,8.0,3.0,5.0,75.0,3.4,6.0,19.0,31.6,51.0,4.0,31.4,33.7,4.0,75.0,55.0,11.0,2.0,18.2,1.0,13.0,1,11
0,Yoane Wissa,11.0,cd COD,FW,26-350,78,1,0,0,0,7,3,0,0,21,0,0,0,1.4,1.4,0.0,1,1,10,11,90.9,0,14,1,2,1,,,,,,,,,,,,,,,,,,,,,0,11
1,Josh Dasilva,10.0,eng ENG,RM,24-300,10,0,0,0,0,0,0,0,0,2,0,0,0,0.0,0.0,0.0,0,0,1,1,100.0,0,2,0,0,0,,,,,,,,,,,,,,,,,,,,,0,11
2,Kristoffer Ajer,20.0,no NOR,RB,25-124,2,0,1,0,0,1,0,0,0,8,0,0,0,0.1,0.1,1.0,2,1,6,7,85.7,1,7,1,0,0,,,,,,,,,,,,,,,,,,,,,0,11
3,Kevin Schade,9.0,de GER,LW,21-265,70,0,0,0,0,0,0,0,0,23,1,0,0,0.0,0.0,0.0,2,1,8,14,57.1,1,14,1,1,0,,,,,,,,,,,,,,,,,,,,,0,11
4,Keane Lewis-Potter,23.0,eng ENG,"LM,LW",22-178,20,0,0,0,0,1,1,0,0,3,0,0,0,0.3,0.3,0.0,0,0,2,2,100.0,0,2,2,0,0,,,,,,,,,,,,,,,,,,,,,0,11
5,Bryan Mbeumo,19.0,cm CMR,"RW,FW",24-012,90,2,0,1,1,2,2,0,0,35,1,0,1,1.9,1.1,0.1,2,0,20,28,71.4,2,23,2,0,0,,,,,,,,,,,,,,,,,,,,,0,11
6,Mathias Jensen,8.0,dk DEN,"LM,CM",27-230,90,0,0,0,0,2,1,0,0,71,3,2,0,0.1,0.1,0.3,7,0,46,59,78.0,6,36,1,3,2,,,,,,,,,,,,,,,,,,,,,0,11
7,Christian Nørgaard,6.0,dk DEN,CM,29-162,78,0,0,0,0,1,0,0,0,48,4,1,3,0.0,0.0,0.0,2,0,27,37,73.0,3,29,0,0,0,,,,,,,,,,,,,,,,,,,,,0,11
8,Mikkel Damsgaard,24.0,dk DEN,FW,23-047,12,0,0,0,0,0,0,0,0,6,0,0,0,0.0,0.0,0.0,0,0,0,2,0.0,0,4,0,1,0,,,,,,,,,,,,,,,,,,,,,0,11
9,Vitaly Janelt,27.0,de GER,"RM,CM",25-101,90,0,0,0,0,0,0,0,0,29,1,1,0,0.0,0.0,0.1,3,0,21,26,80.8,6,21,0,0,0,,,,,,,,,,,,,,,,,,,,,0,11
10,Rico Henry,3.0,eng ENG,"LB,RM",26-042,90,0,0,0,0,0,0,1,0,42,1,2,3,0.0,0.0,0.0,2,1,26,32,81.3,3,24,1,1,1,,,,,,,,,,,,,,,,,,,,,0,11
11,Ethan Pinnock,5.0,jm JAM,CB,30-082,90,0,0,0,0,1,0,0,0,70,0,2,4,0.0,0.0,0.8,2,0,49,57,86.0,3,40,0,2,1,,,,,,,,,,,,,,,,,,,,,0,11
12,Nathan Collins,22.0,ie IRL,CB,22-111,90,0,0,0,0,1,0,0,0,73,0,0,1,0.1,0.1,0.0,0,0,55,61,90.2,3,51,1,2,2,,,,,,,,,,,,,,,,,,,,,0,11
13,Aaron Hickey,2.0,sct SCO,RB,21-070,77,0,0,0,0,0,0,1,0,33,0,1,0,0.0,0.0,0.0,3,0,27,30,90.0,2,27,0,2,1,,,,,,,,,,,,,,,,,,,,,0,11
14,Mads Roerslev,30.0,dk DEN,"LB,RB",24-056,13,0,0,0,0,0,0,0,0,8,2,0,0,0.0,0.0,0.0,0,0,2,6,33.3,0,3,0,0,0,,,,,,,,,,,,,,,,,,,,,0,11
15,Mark Flekken,1.0,nl NED,GK,30-067,90,0,0,0,0,0,0,0,0,55,0,0,0,0.0,0.0,0.0,0,0,44,54,81.5,0,42,0,1,0,2.0,0.0,2.0,100.0,0.2,5.0,13.0,38.5,48.0,4.0,22.9,30.0,5.0,40.0,39.8,14.0,0.0,0.0,0.0,9.5,0,11
0,Diogo Jota,20.0,pt POR,"FW,RM",26-258,75,1,0,0,0,5,2,0,0,56,1,1,0,0.7,0.7,0.2,4,1,26,37,70.3,0,33,3,4,2,,,,,,,,,,,,,,,,,,,,,1,12
1,Harvey Elliott,19.0,eng ENG,RM,20-137,15,0,0,0,0,0,0,0,0,12,0,0,0,0.0,0.0,0.0,0,0,7,10,70.0,0,12,2,1,0,,,,,,,,,,,,,,,,,,,,,1,12
2,Luis Díaz,7.0,co COL,"LW,LM",26-218,85,1,0,0,0,3,1,0,0,47,0,0,1,0.4,0.4,0.2,8,0,32,40,80.0,2,27,2,4,3,,,,,,,,,,,,,,,,,,,,,1,12
3,Darwin Núñez,9.0,uy URU,FW,24-056,5,0,0,0,0,0,0,0,0,5,1,0,1,0.0,0.0,0.0,0,0,1,2,50.0,0,4,0,0,0,,,,,,,,,,,,,,,,,,,,,1,12
4,Mohamed Salah,11.0,eg EGY,"RW,FW",31-065,85,1,0,0,1,4,2,0,0,44,1,0,1,1.2,0.3,0.0,3,1,28,33,84.8,4,30,2,3,0,,,,,,,,,,,,,,,,,,,,,1,12
5,Kostas Tsimikas,21.0,gr GRE,"LM,FW",27-099,5,0,0,0,0,0,0,0,0,7,0,0,0,0.0,0.0,0.0,0,0,3,6,50.0,1,5,1,0,0,,,,,,,,,,,,,,,,,,,,,1,12
6,Cody Gakpo,18.0,nl NED,LM,24-104,62,0,0,0,0,3,0,0,0,33,1,0,2,0.2,0.2,0.1,3,0,20,25,80.0,5,21,1,2,2,,,,,,,,,,,,,,,,,,,,,1,12
7,Wataru Endo,3.0,jp JPN,CM,30-191,28,0,0,0,0,0,0,0,0,25,1,1,2,0.0,0.0,0.0,1,0,15,17,88.2,2,10,0,0,0,,,,,,,,,,,,,,,,,,,,,1,12
8,Alexis Mac Allister,10.0,ar ARG,CM,24-238,57,0,0,0,0,0,0,0,1,60,2,0,1,0.0,0.0,0.0,2,0,40,50,80.0,6,37,1,3,2,,,,,,,,,,,,,,,,,,,,,1,12
9,Dominik Szoboszlai,8.0,hu HUN,"RM,CM",22-298,90,0,0,0,0,3,1,0,0,85,1,1,2,0.1,0.1,0.0,7,1,67,72,93.1,4,46,5,6,3,,,,,,,,,,,,,,,,,,,,,1,12
10,Andrew Robertson,26.0,sct SCO,LB,29-161,90,0,0,0,0,0,0,0,0,90,3,1,0,0.0,0.0,0.3,3,0,71,83,85.5,8,50,4,1,0,,,,,,,,,,,,,,,,,,,,,1,12
11,Virgil van Dijk,4.0,nl NED,CB,32-042,90,0,0,0,0,3,1,0,0,75,0,5,1,0.2,0.2,0.1,1,0,60,62,96.8,1,33,0,0,0,,,,,,,,,,,,,,,,,,,,,1,12
12,Ibrahima Konaté,5.0,fr FRA,CB,24-086,90,0,0,0,0,1,0,0,0,78,3,0,1,0.0,0.0,0.0,1,0,64,69,92.8,0,49,1,2,2,,,,,,,,,,,,,,,,,,,,,1,12
13,Trent Alexander-Arnold,66.0,eng ENG,RB,24-316,74,0,0,0,0,3,2,0,0,79,1,1,1,0.1,0.1,0.1,7,1,53,70,75.7,6,34,6,4,3,,,,,,,,,,,,,,,,,,,,,1,12
14,Joe Gomez,2.0,eng ENG,RB,26-088,16,0,0,0,0,0,0,0,0,15,0,1,0,0.0,0.0,0.0,0,0,11,13,84.6,1,2,0,0,0,,,,,,,,,,,,,,,,,,,,,1,12
15,Alisson,1.0,br BRA,GK,30-321,90,0,0,0,0,0,0,1,0,55,0,0,0,0.0,0.0,0.0,0,0,42,51,82.4,0,36,0,0,0,5.0,1.0,4.0,80.0,1.3,4.0,12.0,33.3,46.0,6.0,15.2,25.2,5.0,100.0,64.2,6.0,1.0,16.7,2.0,22.0,1,12
0,Dominic Solanke,9.0,eng ENG,"FW,AM",25-339,90,0,1,0,0,3,0,0,0,29,0,0,0,0.1,0.1,0.1,1,0,10,17,58.8,0,13,2,3,2,,,,,,,,,,,,,,,,,,,,,0,12
1,Jaidon Anthony,32.0,eng ENG,LW,23-261,62,0,0,0,0,0,0,1,0,22,1,0,0,0.0,0.0,0.0,0,0,7,15,46.7,2,13,1,4,0,,,,,,,,,,,,,,,,,,,,,0,12
2,Justin Kluivert,19.0,nl NED,LW,24-106,28,0,0,0,0,1,1,0,0,14,0,1,0,0.2,0.2,0.1,3,0,7,8,87.5,2,8,2,1,1,,,,,,,,,,,,,,,,,,,,,0,12
3,Antoine Semenyo,24.0,gh GHA,RW,23-224,75,1,0,0,0,3,2,1,0,22,0,0,1,0.2,0.2,0.2,2,0,9,14,64.3,2,12,2,4,3,,,,,,,,,,,,,,,,,,,,,0,12
4,David Brooks,7.0,wls WAL,RW,26-042,15,0,0,0,0,0,0,0,0,11,0,0,0,0.0,0.0,0.3,4,0,9,10,90.0,0,4,0,0,0,,,,,,,,,,,,,,,,,,,,,0,12
5,Philip Billing,29.0,dk DEN,"AM,DM",27-069,90,0,0,0,0,2,0,0,0,43,3,1,3,0.4,0.4,0.0,2,1,22,32,68.8,6,19,1,1,1,,,,,,,,,,,,,,,,,,,,,0,12
6,Joe Rothwell,8.0,eng ENG,DM,28-220,75,0,0,0,0,0,0,0,0,38,2,2,0,0.0,0.0,0.0,1,0,24,32,75.0,1,22,2,0,0,,,,,,,,,,,,,,,,,,,,,0,12
7,Lloyd Kelly,5.0,eng ENG,"CB,DM",24-317,15,0,0,0,0,0,0,0,0,14,0,0,0,0.0,0.0,0.0,0,0,10,13,76.9,1,9,1,0,0,,,,,,,,,,,,,,,,,,,,,0,12
8,Ryan Christie,10.0,sct SCO,DM,28-178,62,0,0,0,0,0,0,0,0,23,1,2,2,0.0,0.0,0.0,1,0,10,15,66.7,1,8,1,0,0,,,,,,,,,,,,,,,,,,,,,0,12
9,Kieffer Moore,21.0,wls WAL,FW,31-011,28,0,0,0,0,1,0,0,0,9,0,0,0,0.2,0.2,0.0,0,0,4,8,50.0,1,2,0,0,0,,,,,,,,,,,,,,,,,,,,,0,12
10,Milos Kerkez,3.0,hu HUN,LB,19-285,90,0,0,0,0,0,0,0,0,62,5,4,2,0.0,0.0,0.0,0,0,32,44,72.7,3,21,1,2,1,,,,,,,,,,,,,,,,,,,,,0,12
11,Marcos Senesi,25.0,ar ARG,CB,26-101,83,0,0,0,0,0,0,0,0,57,4,2,3,0.0,0.0,0.0,3,0,28,40,70.0,8,25,2,0,0,,,,,,,,,,,,,,,,,,,,,0,12
12,Hamed Junior Traorè,22.0,ci CIV,DM,23-184,7,0,0,0,0,2,2,0,0,12,0,0,1,0.2,0.2,0.0,3,0,7,10,70.0,1,7,2,3,3,,,,,,,,,,,,,,,,,,,,,0,12
13,Illia Zabarnyi,27.0,ua UKR,CB,20-352,90,0,0,0,0,0,0,0,0,52,0,2,4,0.0,0.0,0.0,0,0,30,37,81.1,3,28,0,1,1,,,,,,,,,,,,,,,,,,,,,0,12
14,Max Aarons,37.0,eng ENG,RB,23-227,90,0,0,0,0,1,0,0,0,59,2,0,3,0.0,0.0,0.0,1,0,33,43,76.7,4,27,0,5,0,,,,,,,,,,,,,,,,,,,,,0,12
15,Neto,1.0,br BRA,GK,34-031,90,0,0,0,0,0,0,1,0,33,0,0,0,0.0,0.0,0.0,0,0,17,25,68.0,0,10,0,1,1,10.0,3.0,6.0,70.0,3.8,4.0,10.0,40.0,15.0,4.0,33.3,28.0,10.0,50.0,45.5,14.0,1.0,7.1,1.0,9.3,0,12
0,Fábio Silva,29.0,pt POR,FW,21-031,54,0,0,0,0,1,1,0,0,25,2,0,0,0.4,0.4,0.1,4,0,13,18,72.2,0,20,2,2,1,,,,,,,,,,,,,,,,,,,,,1,13
1,Hwang Hee-chan,11.0,kr KOR,LM,27-205,36,1,0,0,0,1,1,1,0,16,0,0,1,0.1,0.1,0.4,1,0,12,13,92.3,0,11,1,2,1,,,,,,,,,,,,,,,,,,,,,1,13
2,Matheus Cunha,12.0,br BRA,FW,24-084,90,0,0,0,0,1,1,0,0,40,1,0,0,0.4,0.4,0.6,5,1,20,25,80.0,4,27,5,6,5,,,,,,,,,,,,,,,,,,,,,1,13
3,Matheus Nunes,27.0,pt POR,"LM,CM",24-357,89,0,0,0,0,1,0,2,1,66,0,1,0,0.1,0.1,0.1,4,0,52,61,85.2,5,48,3,5,5,,,,,,,,,,,,,,,,,,,,,1,13
4,Mario Lemina,5.0,ga GAB,CM,29-352,90,0,0,0,0,2,0,0,0,59,3,1,2,0.7,0.7,0.0,1,0,38,46,82.6,1,34,0,3,2,,,,,,,,,,,,,,,,,,,,,1,13
5,João Gomes,8.0,br BRA,CM,22-188,55,0,0,0,0,1,0,0,0,24,0,1,0,0.0,0.0,0.0,1,0,16,18,88.9,3,17,1,1,1,,,,,,,,,,,,,,,,,,,,,1,13
6,Pablo Sarabia,21.0,es ESP,FW,31-100,35,0,1,0,0,1,1,0,0,23,1,0,0,0.0,0.0,0.7,2,1,13,21,61.9,5,15,1,1,1,,,,,,,,,,,,,,,,,,,,,1,13
7,Pedro Neto,7.0,pt POR,RM,23-163,90,0,0,0,0,2,0,0,0,48,1,1,0,0.1,0.1,0.0,3,0,27,36,75.0,6,39,9,5,3,,,,,,,,,,,,,,,,,,,,,1,13
8,Rayan Aït Nouri,3.0,dz ALG,LB,22-074,85,0,0,0,0,1,0,0,0,54,5,0,0,0.3,0.3,0.0,3,0,40,46,87.0,5,31,1,4,2,,,,,,,,,,,,,,,,,,,,,1,13
9,Hugo Bueno,17.0,es ESP,LB,20-335,5,0,0,0,0,2,0,0,0,9,0,0,0,0.1,0.1,0.0,1,0,6,6,100.0,0,6,0,0,0,,,,,,,,,,,,,,,,,,,,,1,13
10,Max Kilman,23.0,eng ENG,CB,26-088,90,0,0,0,0,0,0,1,0,70,1,1,1,0.0,0.0,0.0,1,0,57,65,87.7,3,52,0,1,1,,,,,,,,,,,,,,,,,,,,,1,13
11,Craig Dawson,15.0,eng ENG,CB,33-105,70,0,0,0,0,2,1,1,0,44,2,0,2,0.1,0.1,0.0,0,0,33,37,89.2,1,33,0,1,1,,,,,,,,,,,,,,,,,,,,,1,13
12,Toti Gomes,24.0,pt POR,CB,24-215,20,0,0,0,0,0,0,0,0,22,0,1,1,0.0,0.0,0.0,0,0,17,21,81.0,0,17,0,0,0,,,,,,,,,,,,,,,,,,,,,1,13
13,Nélson Semedo,22.0,pt POR,RB,29-276,90,0,0,0,0,1,0,0,0,59,4,0,1,0.0,0.0,0.0,2,0,43,52,82.7,5,36,1,1,1,,,,,,,,,,,,,,,,,,,,,1,13
14,José Sá,1.0,pt POR,GK,30-214,90,0,0,0,0,0,0,0,0,45,0,0,0,0.0,0.0,0.0,0,0,32,44,72.7,0,42,0,0,0,8.0,4.0,4.0,50.0,3.3,0.0,11.0,0.0,40.0,11.0,22.5,31.4,4.0,50.0,41.5,6.0,2.0,33.3,1.0,12.3,1,13
0,Danny Welbeck,18.0,eng ENG,FW,32-266,56,0,0,0,0,2,1,0,0,33,0,0,2,0.2,0.2,0.1,6,2,19,22,86.4,2,22,3,0,0,,,,,,,,,,,,,,,,,,,,,0,13
1,João Pedro,9.0,br BRA,"AM,FW",21-327,34,0,0,0,0,1,0,1,0,22,2,0,1,0.2,0.2,0.0,2,0,9,10,90.0,0,11,1,3,1,,,,,,,,,,,,,,,,,,,,,0,13
2,Kaoru Mitoma,22.0,jp JPN,LW,26-091,80,1,1,0,0,1,1,0,0,37,2,1,0,0.5,0.5,0.4,6,3,25,28,89.3,3,22,5,6,2,,,,,,,,,,,,,,,,,,,,,0,13
3,Adam Lallana,14.0,eng ENG,LW,35-101,10,0,0,0,0,0,0,0,0,20,0,0,0,0.0,0.0,0.0,1,0,18,19,94.7,2,11,0,0,0,,,,,,,,,,,,,,,,,,,,,0,13
4,Solly March,7.0,eng ENG,RW,29-030,90,2,0,0,0,5,4,0,0,47,4,4,1,0.9,0.9,0.1,3,0,18,25,72.0,1,23,2,4,2,,,,,,,,,,,,,,,,,,,,,0,13
5,Julio César Enciso,10.0,py PAR,AM,19-208,66,0,2,0,0,4,1,1,0,33,0,0,0,0.2,0.2,0.7,5,2,17,24,70.8,0,28,5,8,6,,,,,,,,,,,,,,,,,,,,,0,13
6,Evan Ferguson,28.0,ie IRL,FW,18-304,24,0,0,0,0,1,0,0,0,11,0,0,2,0.1,0.1,0.0,1,0,2,4,50.0,0,4,0,2,1,,,,,,,,,,,,,,,,,,,,,0,13
7,Billy Gilmour,11.0,sct SCO,DM,22-069,90,0,0,0,0,0,0,0,0,81,4,0,1,0.0,0.0,0.0,1,1,72,76,94.7,4,42,1,0,0,,,,,,,,,,,,,,,,,,,,,0,13
8,Pascal Groß,13.0,de GER,DM,32-065,80,0,0,0,0,0,0,1,0,70,0,1,1,0.0,0.0,0.2,3,0,58,66,87.9,7,37,1,1,1,,,,,,,,,,,,,,,,,,,,,0,13
9,Mahmoud Dahoud,8.0,de GER,DM,27-230,10,0,0,0,0,0,0,0,0,23,1,0,0,0.0,0.0,0.0,1,0,19,22,86.4,2,11,0,0,0,,,,,,,,,,,,,,,,,,,,,0,13
10,Pervis Estupiñán,30.0,ec ECU,LB,25-210,90,1,1,0,0,2,1,1,0,68,2,1,1,0.2,0.2,0.5,2,0,46,58,79.3,6,36,2,2,0,,,,,,,,,,,,,,,,,,,,,0,13
11,Lewis Dunk,5.0,eng ENG,CB,31-271,90,0,0,0,0,0,0,0,0,86,3,1,0,0.0,0.0,0.0,0,0,70,79,88.6,5,41,2,0,0,,,,,,,,,,,,,,,,,,,,,0,13
12,Adam Webster,4.0,eng ENG,CB,28-227,90,0,0,0,0,0,0,1,0,66,3,1,1,0.0,0.0,0.0,0,0,49,54,90.7,4,36,1,0,0,,,,,,,,,,,,,,,,,,,,,0,13
13,James Milner,6.0,eng ENG,RB,37-227,56,0,0,0,0,0,0,1,0,35,2,1,0,0.0,0.0,0.1,1,0,22,30,73.3,2,18,0,0,0,,,,,,,,,,,,,,,,,,,,,0,13
14,Joël Veltman,34.0,nl NED,RB,31-216,34,0,0,0,0,0,0,0,0,30,2,0,3,0.0,0.0,0.0,0,0,21,23,91.3,0,15,0,0,0,,,,,,,,,,,,,,,,,,,,,0,13
15,Jason Steele,23.0,eng ENG,GK,33-001,90,0,0,0,0,0,0,0,0,48,0,0,0,0.0,0.0,0.0,0,0,36,45,80.0,0,33,0,0,0,5.0,1.0,4.0,80.0,1.8,1.0,6.0,16.7,42.0,3.0,14.3,25.3,2.0,0.0,6.0,13.0,1.0,7.7,2.0,13.9,0,13
0,Richarlison,9.0,br BRA,FW,26-101,69,0,0,0,0,0,0,0,0,24,0,0,1,0.0,0.0,0.0,1,0,9,14,64.3,0,20,1,3,1,,,,,,,,,,,,,,,,,,,,,1,14
1,Ivan Perišić,14.0,hr CRO,LW,34-198,21,0,0,0,0,0,0,0,0,15,0,0,0,0.0,0.0,0.5,2,0,7,11,63.6,2,9,3,1,0,,,,,,,,,,,,,,,,,,,,,1,14
2,Son Heung-min,7.0,kr KOR,"LW,FW",31-042,90,0,0,0,0,1,0,0,0,49,1,1,0,0.1,0.1,0.4,7,0,30,42,71.4,6,34,3,5,3,,,,,,,,,,,,,,,,,,,,,1,14
3,Dejan Kulusevski,21.0,se SWE,RW,23-116,87,0,0,0,0,2,2,0,0,33,0,0,1,0.1,0.1,0.0,1,0,12,20,60.0,1,24,6,2,0,,,,,,,,,,,,,,,,,,,,,1,14
4,Manor Solomon,27.0,il ISR,RW,24-026,3,0,0,0,0,0,0,0,0,8,0,0,0,0.0,0.0,0.0,0,0,6,7,85.7,1,5,0,1,1,,,,,,,,,,,,,,,,,,,,,1,14
5,James Maddison,10.0,eng ENG,AM,26-269,90,0,0,0,0,2,1,0,0,59,2,0,0,0.1,0.1,0.1,6,0,39,52,75.0,10,31,2,2,2,,,,,,,,,,,,,,,,,,,,,1,14
6,Yves Bissouma,8.0,ml MLI,DM,26-354,90,0,0,0,0,2,0,0,0,68,5,1,2,0.1,0.1,0.0,1,0,45,51,88.2,3,42,3,3,1,,,,,,,,,,,,,,,,,,,,,1,14
7,Pape Matar Sarr,29.0,sn SEN,DM,20-339,75,1,0,0,0,5,2,0,0,45,2,0,1,0.6,0.6,0.1,6,1,31,36,86.1,8,27,1,0,0,,,,,,,,,,,,,,,,,,,,,1,14
8,Pierre Højbjerg,5.0,dk DEN,DM,28-014,15,0,0,0,0,0,0,0,0,27,0,0,2,0.0,0.0,0.0,0,0,23,25,92.0,0,17,0,1,1,,,,,,,,,,,,,,,,,,,,,1,14
9,Destiny Udogie,38.0,it ITA,LB,20-264,69,0,0,0,0,1,1,1,0,50,1,0,1,0.1,0.1,0.1,1,0,29,35,82.9,4,27,2,6,2,,,,,,,,,,,,,,,,,,,,,1,14
10,Ben Davies,33.0,wls WAL,LB,30-117,21,0,0,0,0,2,0,0,0,19,1,0,1,0.4,0.4,0.0,1,0,9,11,81.8,1,10,0,2,1,,,,,,,,,,,,,,,,,,,,,1,14
11,Micky van de Ven,37.0,nl NED,CB,22-122,90,0,0,0,0,0,0,0,0,66,1,1,1,0.0,0.0,0.0,1,0,56,60,93.3,1,52,2,2,1,,,,,,,,,,,,,,,,,,,,,1,14
12,Cristian Romero,17.0,ar ARG,CB,25-114,90,0,0,0,0,1,0,0,0,90,1,1,6,0.1,0.1,0.0,0,0,67,76,88.2,5,58,1,0,0,,,,,,,,,,,,,,,,,,,,,1,14
13,Pedro Porro,23.0,es ESP,RB,23-340,87,0,0,0,0,1,0,0,0,62,1,1,2,0.1,0.1,0.1,3,1,43,52,82.7,2,23,3,1,1,,,,,,,,,,,,,,,,,,,,,1,14
14,Emerson,12.0,br BRA,RB,24-217,3,0,0,0,0,0,0,0,0,8,0,0,0,0.0,0.0,0.0,0,0,8,8,100.0,1,6,1,0,0,,,,,,,,,,,,,,,,,,,,,1,14
15,Guglielmo Vicario,13.0,it ITA,GK,26-316,90,0,0,0,0,0,0,0,0,52,0,0,0,0.0,0.0,0.0,0,0,46,49,93.9,0,33,0,0,0,6.0,0.0,6.0,100.0,1.5,2.0,5.0,40.0,41.0,12.0,9.8,21.1,8.0,12.5,19.3,13.0,0.0,0.0,0.0,17.0,1,14
0,Marcus Rashford,10.0,eng ENG,FW,25-292,84,0,0,0,0,3,1,0,0,27,0,0,1,0.4,0.4,0.1,6,0,13,16,81.3,2,18,2,2,1,,,,,,,,,,,,,,,,,,,,,0,14
1,Anthony Martial,9.0,fr FRA,FW,27-257,6,0,0,0,0,0,0,0,0,8,1,0,0,0.0,0.0,0.0,1,0,6,6,100.0,1,6,0,1,0,,,,,,,,,,,,,,,,,,,,,0,14
2,Alejandro Garnacho,49.0,ar ARG,LW,19-049,65,0,0,0,0,3,1,0,0,23,0,1,0,0.2,0.2,0.0,6,0,9,16,56.3,1,20,6,2,1,,,,,,,,,,,,,,,,,,,,,0,14
3,Jadon Sancho,25.0,eng ENG,LW,23-147,25,0,0,0,0,0,0,0,0,18,1,0,0,0.0,0.0,0.0,0,0,13,14,92.9,1,11,1,5,3,,,,,,,,,,,,,,,,,,,,,0,14
4,Antony,21.0,br BRA,RW,23-176,65,0,0,0,0,3,0,1,0,37,6,2,0,0.2,0.2,0.1,2,0,14,19,73.7,5,24,3,3,0,,,,,,,,,,,,,,,,,,,,,0,14
5,Christian Eriksen,14.0,dk DEN,DM,31-186,25,0,0,0,0,0,0,0,0,23,2,0,2,0.0,0.0,0.0,0,0,16,18,88.9,3,16,1,0,0,,,,,,,,,,,,,,,,,,,,,0,14
6,Bruno Fernandes,8.0,pt POR,"AM,RW",28-345,90,0,0,0,0,6,1,1,0,74,1,1,2,0.8,0.8,0.6,7,0,39,59,66.1,8,37,0,1,1,,,,,,,,,,,,,,,,,,,,,0,14
7,Mason Mount,7.0,eng ENG,"DM,AM",24-221,84,0,0,0,0,0,0,0,0,27,1,0,3,0.0,0.0,0.0,3,0,16,20,80.0,3,13,1,1,0,,,,,,,,,,,,,,,,,,,,,0,14
8,Facundo Pellistri,28.0,uy URU,RW,21-242,6,0,0,0,0,0,0,0,0,10,0,0,1,0.0,0.0,0.0,1,0,5,5,100.0,1,7,2,1,0,,,,,,,,,,,,,,,,,,,,,0,14
9,Casemiro,18.0,br BRA,DM,31-177,90,0,0,0,0,5,2,0,0,53,3,1,1,0.4,0.4,0.0,2,0,29,36,80.6,5,27,1,1,0,,,,,,,,,,,,,,,,,,,,,0,14
10,Luke Shaw,23.0,eng ENG,LB,28-038,90,0,0,0,0,0,0,0,0,63,1,0,3,0.0,0.0,0.7,6,0,43,53,81.1,2,32,1,1,1,,,,,,,,,,,,,,,,,,,,,0,14
11,Lisandro Martínez,6.0,ar ARG,CB,25-213,90,0,0,0,0,0,0,0,0,53,3,0,1,0.0,0.0,0.0,1,0,34,38,89.5,10,29,1,0,0,,,,,,,,,,,,,,,,,,,,,0,14
12,Raphaël Varane,19.0,fr FRA,CB,30-116,90,0,0,0,0,2,1,0,0,56,1,1,1,0.0,0.0,0.0,3,0,38,44,86.4,3,25,1,1,1,,,,,,,,,,,,,,,,,,,,,0,14
13,Aaron Wan-Bissaka,29.0,eng ENG,RB,25-266,65,0,0,0,0,0,0,1,0,50,0,2,1,0.0,0.0,0.1,1,0,38,44,86.4,1,29,1,2,1,,,,,,,,,,,,,,,,,,,,,0,14
14,Diogo Dalot,20.0,pt POR,RB,24-154,25,0,0,0,0,0,0,0,0,26,2,0,2,0.0,0.0,0.0,1,0,19,21,90.5,1,14,1,2,1,,,,,,,,,,,,,,,,,,,,,0,14
15,André Onana,24.0,cm CMR,GK,27-139,90,0,0,0,0,0,0,0,0,36,0,0,0,0.0,0.0,0.0,0,0,28,34,82.4,1,28,0,0,0,6.0,2.0,5.0,66.7,1.8,2.0,8.0,25.0,31.0,6.0,22.6,33.1,3.0,33.3,32.3,12.0,1.0,8.3,2.0,25.3,0,14
0,Erling Haaland,9.0,no NOR,FW,23-029,90,0,0,0,0,4,2,0,0,22,0,1,1,0.4,0.4,0.1,2,0,6,11,54.5,1,15,3,1,0,,,,,,,,,,,,,,,,,,,,,1,15
1,Jack Grealish,10.0,eng ENG,LW,27-343,90,0,0,0,0,3,0,0,0,62,2,1,2,0.1,0.1,0.0,2,0,39,49,79.6,1,36,6,2,1,,,,,,,,,,,,,,,,,,,,,1,15
2,Phil Foden,47.0,eng ENG,RW,23-083,90,0,1,0,0,3,1,0,0,61,0,0,1,0.3,0.3,0.5,9,1,50,56,89.3,11,32,6,3,3,,,,,,,,,,,,,,,,,,,,,1,15
3,Julián Álvarez,19.0,ar ARG,AM,23-200,90,1,0,0,0,1,1,1,0,40,1,0,1,0.1,0.1,0.1,4,0,24,31,77.4,4,25,3,3,2,,,,,,,,,,,,,,,,,,,,,1,15
4,Mateo Kovačić,8.0,hr CRO,DM,29-105,90,0,0,0,0,2,0,0,0,102,1,0,0,0.1,0.1,0.0,2,1,91,97,93.8,6,64,3,2,2,,,,,,,,,,,,,,,,,,,,,1,15
5,Rodri,16.0,es ESP,DM,27-058,90,0,0,0,0,0,0,0,0,144,3,0,1,0.0,0.0,0.0,3,0,122,135,90.4,6,66,1,3,3,,,,,,,,,,,,,,,,,,,,,1,15
6,Joško Gvardiol,24.0,hr CRO,LB,21-208,90,0,0,0,0,0,0,0,0,73,1,0,1,0.0,0.0,0.0,0,0,57,65,87.7,1,40,1,3,1,,,,,,,,,,,,,,,,,,,,,1,15
7,Rúben Dias,3.0,pt POR,CB,26-097,90,0,0,0,0,0,0,0,0,90,1,0,0,0.0,0.0,0.0,1,0,82,87,94.3,5,60,0,0,0,,,,,,,,,,,,,,,,,,,,,1,15
8,Manuel Akanji,25.0,ch SUI,CB,28-031,90,0,0,0,0,1,0,0,0,68,1,2,2,0.0,0.0,0.1,1,0,57,60,95.0,4,30,0,0,0,,,,,,,,,,,,,,,,,,,,,1,15
9,Kyle Walker,2.0,eng ENG,RB,33-083,90,0,0,0,0,0,0,0,0,76,1,0,0,0.0,0.0,0.1,2,0,65,73,89.0,3,35,2,2,2,,,,,,,,,,,,,,,,,,,,,1,15
10,Ederson,31.0,br BRA,GK,30-002,90,0,0,0,0,0,0,0,0,50,0,0,0,0.0,0.0,0.1,1,0,39,50,78.0,0,31,0,0,0,1.0,0.0,1.0,100.0,0.1,7.0,15.0,46.7,46.0,3.0,26.1,31.3,4.0,75.0,55.3,1.0,1.0,100.0,3.0,20.1,1,15
0,Alexander Isak,14.0,se SWE,FW,23-332,65,0,0,0,0,0,0,0,0,13,0,0,0,0.0,0.0,0.0,2,0,8,10,80.0,1,9,1,2,1,,,,,,,,,,,,,,,,,,,,,0,15
1,Callum Wilson,9.0,eng ENG,FW,31-173,25,0,0,0,0,0,0,0,0,7,0,0,0,0.0,0.0,0.0,2,0,3,5,60.0,0,5,1,2,1,,,,,,,,,,,,,,,,,,,,,0,15
2,Anthony Gordon,10.0,eng ENG,LW,22-176,55,0,0,0,0,2,0,1,0,23,0,0,0,0.1,0.1,0.0,0,0,14,16,87.5,0,22,3,1,0,,,,,,,,,,,,,,,,,,,,,0,15
3,Harvey Barnes,15.0,eng ENG,LW,25-253,35,0,0,0,0,1,1,1,0,15,0,0,0,0.0,0.0,0.0,1,0,13,14,92.9,1,10,1,0,0,,,,,,,,,,,,,,,,,,,,,0,15
4,Miguel Almirón,24.0,py PAR,RW,29-190,85,0,0,0,0,2,0,0,0,39,0,0,2,0.1,0.1,0.1,2,0,23,29,79.3,3,32,7,1,0,,,,,,,,,,,,,,,,,,,,,0,15
5,Valentino Livramento,21.0,eng ENG,RW,20-280,5,0,0,0,0,0,0,0,0,1,0,0,0,0.0,0.0,0.0,0,0,0,0,,0,1,0,0,0,,,,,,,,,,,,,,,,,,,,,0,15
6,Joelinton,7.0,br BRA,LM,27-005,56,0,0,0,0,1,0,1,0,23,0,2,1,0.0,0.0,0.1,2,0,17,20,85.0,1,16,0,0,0,,,,,,,,,,,,,,,,,,,,,0,15
7,Sean Longstaff,36.0,eng ENG,"RM,LM",25-293,34,0,0,0,0,0,0,0,0,21,3,0,0,0.0,0.0,0.0,0,0,10,15,66.7,1,14,0,1,0,,,,,,,,,,,,,,,,,,,,,0,15
8,Bruno Guimarães,39.0,br BRA,CM,25-276,90,0,0,0,0,1,0,1,0,71,0,1,0,0.1,0.1,0.0,1,0,62,66,93.9,6,61,0,0,0,,,,,,,,,,,,,,,,,,,,,0,15
9,Sandro Tonali,8.0,it ITA,RM,23-103,65,0,0,0,0,0,0,1,0,40,1,0,0,0.0,0.0,0.0,0,0,32,37,86.5,3,28,0,0,0,,,,,,,,,,,,,,,,,,,,,0,15
10,Elliot Anderson,32.0,sct SCO,LM,20-286,25,0,0,0,0,0,0,0,0,16,1,1,1,0.0,0.0,0.0,1,0,9,12,75.0,1,10,3,2,1,,,,,,,,,,,,,,,,,,,,,0,15
11,Dan Burn,33.0,eng ENG,LB,31-102,90,0,0,0,0,0,0,0,0,54,2,1,1,0.0,0.0,0.0,0,0,43,51,84.3,0,33,2,0,0,,,,,,,,,,,,,,,,,,,,,0,15
12,Sven Botman,4.0,nl NED,CB,23-219,90,0,0,0,0,0,0,0,0,64,1,0,0,0.0,0.0,0.0,1,0,53,60,88.3,2,43,0,0,0,,,,,,,,,,,,,,,,,,,,,0,15
13,Fabian Schär,5.0,ch SUI,CB,31-242,90,0,0,0,0,0,0,0,0,80,2,0,2,0.0,0.0,0.0,0,0,59,67,88.1,2,59,0,0,0,,,,,,,,,,,,,,,,,,,,,0,15
14,Kieran Trippier,2.0,eng ENG,RB,32-334,90,0,0,0,0,0,0,0,0,84,0,2,4,0.0,0.0,0.0,2,0,61,75,81.3,6,51,0,2,2,,,,,,,,,,,,,,,,,,,,,0,15
15,Nick Pope,22.0,eng ENG,GK,31-122,90,0,0,0,0,0,0,0,0,31,0,0,0,0.0,0.0,0.0,0,0,25,28,89.3,0,17,0,0,0,4.0,1.0,3.0,75.0,1.3,2.0,4.0,50.0,21.0,7.0,4.8,22.5,7.0,42.9,36.1,3.0,0.0,0.0,2.0,22.0,0,15
0,Ollie Watkins,11.0,eng ENG,FW,27-233,73,0,0,0,0,1,0,0,0,17,1,0,0,0.3,0.3,0.1,4,1,9,9,100.0,0,15,2,1,0,,,,,,,,,,,,,,,,,,,,,1,16
1,Jhon Durán,24.0,co COL,FW,19-250,17,1,0,0,0,1,1,0,0,12,1,0,0,0.5,0.5,0.0,2,1,7,9,77.8,0,5,1,1,1,,,,,,,,,,,,,,,,,,,,,1,16
2,John McGinn,7.0,sct SCO,"LW,AM",28-306,90,1,0,0,0,1,1,0,0,43,1,0,0,0.6,0.6,0.0,3,0,24,30,80.0,9,33,4,7,4,,,,,,,,,,,,,,,,,,,,,1,16
3,Leon Bailey,31.0,jm JAM,RW,26-011,62,1,1,0,0,2,1,0,0,35,0,0,0,0.3,0.3,0.6,4,2,25,31,80.6,2,25,5,2,2,,,,,,,,,,,,,,,,,,,,,1,16
4,Youri Tielemans,8.0,be BEL,CM,26-105,28,0,0,0,0,0,0,0,0,32,0,0,2,0.0,0.0,0.0,0,0,29,30,96.7,3,23,0,0,0,,,,,,,,,,,,,,,,,,,,,1,16
5,Moussa Diaby,19.0,fr FRA,AM,24-044,63,0,0,0,0,3,2,0,0,33,0,0,1,0.3,0.3,0.4,3,1,17,20,85.0,3,24,3,2,0,,,,,,,,,,,,,,,,,,,,,1,16
6,Diego Carlos,3.0,br BRA,CB,30-158,27,0,0,0,0,0,0,0,0,31,2,0,1,0.0,0.0,0.0,0,0,23,26,88.5,0,24,0,1,0,,,,,,,,,,,,,,,,,,,,,1,16
7,Douglas Luiz,6.0,br BRA,DM,25-103,63,1,0,1,1,0,0,1,0,50,0,1,1,0.8,0.0,0.1,3,0,41,43,95.3,4,27,2,1,1,,,,,,,,,,,,,,,,,,,,,1,16
8,Philippe Coutinho,23.0,br BRA,AM,31-069,21,0,0,0,0,2,1,0,0,19,0,0,0,0.1,0.1,0.0,1,0,13,15,86.7,4,20,2,4,3,,,,,,,,,,,,,,,,,,,,,1,16
9,Cameron Archer,35.0,eng ENG,AM,22-030,6,0,0,0,0,0,0,1,0,7,0,0,0,0.0,0.0,0.0,0,0,5,6,83.3,0,5,1,0,0,,,,,,,,,,,,,,,,,,,,,1,16
10,Boubacar Kamara,44.0,fr FRA,"DM,CM",23-270,90,0,0,0,0,1,0,0,0,60,1,1,1,0.0,0.0,0.0,0,0,47,55,85.5,4,47,1,1,0,,,,,,,,,,,,,,,,,,,,,1,16
11,Lucas Digne,12.0,fr FRA,"LB,WB",30-031,90,0,0,0,0,1,0,1,0,89,2,1,0,0.0,0.0,0.2,2,0,62,79,78.5,2,56,2,3,1,,,,,,,,,,,,,,,,,,,,,1,16
12,Pau Torres,14.0,es ESP,CB,26-216,90,0,0,0,0,0,0,0,0,82,0,0,0,0.0,0.0,0.0,0,0,71,79,89.9,4,67,0,0,0,,,,,,,,,,,,,,,,,,,,,1,16
13,Ezri Konsa,4.0,eng ENG,CB,25-301,90,0,0,0,0,0,0,0,0,77,1,0,0,0.0,0.0,0.0,0,0,67,70,95.7,0,56,0,0,0,,,,,,,,,,,,,,,,,,,,,1,16
14,Matty Cash,2.0,pl POL,"RB,WB",26-013,90,0,0,0,0,0,0,0,0,63,0,0,5,0.0,0.0,0.1,1,0,44,51,86.3,4,41,1,5,1,,,,,,,,,,,,,,,,,,,,,1,16
15,Emiliano Martínez,1.0,ar ARG,GK,30-352,90,0,0,0,0,0,0,0,0,48,0,0,0,0.0,0.0,0.0,0,0,43,46,93.5,0,34,0,0,0,2.0,0.0,2.0,100.0,0.2,5.0,6.0,83.3,40.0,5.0,7.5,22.7,6.0,50.0,38.8,14.0,3.0,21.4,1.0,10.3,1,16
0,Dominic Calvert-Lewin,9.0,eng ENG,FW,26-157,37,0,0,0,0,0,0,0,0,5,0,0,0,0.0,0.0,0.0,0,0,3,4,75.0,1,3,0,0,0,,,,,,,,,,,,,,,,,,,,,0,16
1,Arnaut Danjuma,10.0,nl NED,"LM,FW",26-201,53,0,0,0,0,4,1,0,0,29,0,0,0,0.2,0.2,0.0,4,0,16,18,88.9,0,18,2,3,2,,,,,,,,,,,,,,,,,,,,,0,16
2,Alex Iwobi,17.0,ng NGA,"LM,RM",27-109,50,0,0,0,0,0,0,0,0,14,1,0,0,0.0,0.0,0.1,1,0,5,12,41.7,0,8,3,0,0,,,,,,,,,,,,,,,,,,,,,0,16
3,Neal Maupay,13.0,fr FRA,FW,27-006,40,0,0,0,0,1,1,0,0,21,0,0,1,0.1,0.1,0.0,1,0,14,17,82.4,0,11,0,0,0,,,,,,,,,,,,,,,,,,,,,0,16
4,Amadou Onana,8.0,be BEL,"CM,DM",22-004,90,0,0,0,0,0,0,0,0,53,1,0,3,0.0,0.0,0.0,0,0,35,42,83.3,5,32,0,0,0,,,,,,,,,,,,,,,,,,,,,0,16
5,Abdoulaye Doucouré,16.0,ml MLI,"CM,FW",30-231,89,0,0,0,0,1,0,0,0,30,1,1,0,0.1,0.1,0.0,1,0,21,26,80.8,2,18,2,2,2,,,,,,,,,,,,,,,,,,,,,0,16
6,Tyler Onyango,62.0,eng ENG,CM,20-169,1,0,0,0,0,0,0,0,0,0,0,0,0,0.0,0.0,0.0,0,0,0,0,,0,0,0,0,0,,,,,,,,,,,,,,,,,,,,,0,16
7,James Garner,37.0,eng ENG,"CM,RM",22-160,90,0,0,0,0,1,0,0,0,39,2,0,1,0.0,0.0,0.2,1,0,26,32,81.3,3,20,3,1,1,,,,,,,,,,,,,,,,,,,,,0,16
8,Idrissa Gana Gueye,27.0,sn SEN,"DM,CM",33-328,45,0,0,0,0,0,0,1,0,17,1,0,0,0.0,0.0,0.0,0,0,12,13,92.3,1,10,0,0,0,,,,,,,,,,,,,,,,,,,,,0,16
9,Lewis Dobbin,61.0,eng ENG,"RM,LM",20-229,45,0,0,0,0,0,0,0,0,25,1,0,1,0.0,0.0,0.0,0,0,9,14,64.3,0,15,1,5,3,,,,,,,,,,,,,,,,,,,,,0,16
10,Ashley Young,18.0,eng ENG,LB,38-042,90,0,0,0,0,0,0,0,0,57,2,0,0,0.0,0.0,0.1,3,0,39,53,73.6,8,31,3,1,0,,,,,,,,,,,,,,,,,,,,,0,16
11,James Tarkowski,6.0,eng ENG,CB,30-274,90,0,0,0,0,1,0,0,0,46,0,3,2,0.2,0.2,0.0,0,0,34,40,85.0,1,35,0,1,1,,,,,,,,,,,,,,,,,,,,,0,16
12,Michael Keane,5.0,eng ENG,CB,30-221,90,0,0,0,0,0,0,1,0,54,1,1,0,0.0,0.0,0.0,1,0,38,49,77.6,1,35,1,0,0,,,,,,,,,,,,,,,,,,,,,0,16
13,Nathan Patterson,2.0,sct SCO,RB,21-308,90,0,0,0,0,1,0,1,0,60,4,1,0,0.0,0.0,0.1,2,0,40,52,76.9,2,32,0,0,0,,,,,,,,,,,,,,,,,,,,,0,16
14,Jordan Pickford,1.0,eng ENG,GK,29-166,90,0,0,0,0,0,0,1,0,29,0,0,0,0.0,0.0,0.0,0,0,19,27,70.4,0,18,0,0,0,7.0,4.0,3.0,57.1,3.1,4.0,10.0,40.0,20.0,4.0,30.0,34.3,6.0,66.7,45.5,8.0,0.0,0.0,0.0,,0,16
0,Michail Antonio,9.0,jm JAM,FW,33-145,75,1,0,0,0,2,1,0,0,18,0,0,0,0.2,0.2,0.0,1,0,5,11,45.5,1,15,1,0,0,,,,,,,,,,,,,,,,,,,,,1,17
1,Pablo Fornals,8.0,es ESP,"RW,FW",27-179,15,0,0,0,0,1,1,0,0,9,0,1,0,0.1,0.1,0.0,2,0,6,7,85.7,0,7,1,1,1,,,,,,,,,,,,,,,,,,,,,1,17
2,Saïd Benrahma,22.0,dz ALG,LW,28-010,68,0,0,0,0,3,0,0,0,24,1,0,0,0.1,0.1,0.0,0,0,12,16,75.0,0,19,2,4,2,,,,,,,,,,,,,,,,,,,,,1,17
3,Angelo Ogbonna,21.0,it ITA,CB,35-089,22,0,0,0,0,0,0,0,0,2,0,0,0,0.0,0.0,0.0,0,0,0,0,,0,0,0,0,0,,,,,,,,,,,,,,,,,,,,,1,17
4,Jarrod Bowen,20.0,eng ENG,"RW,FW",26-243,90,0,0,0,0,2,2,0,0,24,1,0,1,0.4,0.4,0.0,4,1,9,12,75.0,0,13,2,0,0,,,,,,,,,,,,,,,,,,,,,1,17
5,Lucas Paquetá,10.0,br BRA,"AM,LW",25-358,90,1,0,1,1,1,0,1,0,53,2,2,1,0.9,0.1,0.1,5,2,26,38,68.4,4,31,1,2,1,,,,,,,,,,,,,,,,,,,,,1,17
6,James Ward-Prowse,7.0,eng ENG,DM,28-292,80,0,2,0,0,1,0,0,0,36,2,1,1,0.0,0.0,0.2,2,2,22,26,84.6,3,12,0,0,0,,,,,,,,,,,,,,,,,,,,,1,17
7,Edson Álvarez,19.0,mx MEX,DM,25-300,10,0,0,0,0,0,0,0,0,8,0,1,1,0.0,0.0,0.0,0,0,2,4,50.0,0,3,0,0,0,,,,,,,,,,,,,,,,,,,,,1,17
8,Tomáš Souček,28.0,cz CZE,DM,28-174,90,0,0,0,0,0,0,0,0,39,1,5,4,0.0,0.0,0.2,4,0,15,23,65.2,1,13,0,0,0,,,,,,,,,,,,,,,,,,,,,1,17
9,Emerson Palmieri,33.0,it ITA,LB,29-017,90,0,0,0,0,0,0,1,0,44,4,3,2,0.0,0.0,0.0,2,1,22,27,81.5,3,17,3,1,1,,,,,,,,,,,,,,,,,,,,,1,17
10,Nayef Aguerd,27.0,ma MAR,CB,27-143,66,1,0,0,0,1,1,2,1,36,1,3,2,0.1,0.1,0.0,0,0,16,24,66.7,0,19,0,0,0,,,,,,,,,,,,,,,,,,,,,1,17
11,Kurt Zouma,4.0,fr FRA,CB,28-297,90,0,0,0,0,0,0,0,0,26,1,1,1,0.0,0.0,0.0,0,0,12,17,70.6,0,16,0,0,0,,,,,,,,,,,,,,,,,,,,,1,17
12,Vladimír Coufal,5.0,cz CZE,RB,30-363,90,0,0,0,0,0,0,0,0,36,1,1,2,0.0,0.0,0.0,1,0,14,24,58.3,1,13,1,0,0,,,,,,,,,,,,,,,,,,,,,1,17
13,Alphonse Areola,23.0,fr FRA,GK,30-174,90,0,0,0,0,0,0,0,0,36,0,0,0,0.0,0.0,0.0,0,0,17,32,53.1,0,13,0,0,0,4.0,1.0,2.0,75.0,1.5,8.0,20.0,40.0,21.0,7.0,61.9,45.0,10.0,70.0,49.0,23.0,3.0,13.0,0.0,8.3,1,17
0,Nicolas Jackson,15.0,sn SEN,FW,22-061,90,0,0,0,0,2,0,1,0,42,3,0,2,0.8,0.8,0.0,2,0,21,31,67.7,1,22,2,3,1,,,,,,,,,,,,,,,,,,,,,0,17
1,Carney Chukwuemeka,17.0,eng ENG,AM,19-304,45,1,0,0,0,1,1,1,0,25,0,0,0,0.1,0.1,0.1,2,2,16,20,80.0,0,17,1,2,1,,,,,,,,,,,,,,,,,,,,,0,17
2,Mykhailo Mudryk,10.0,ua UKR,"WB,AM",22-227,45,0,0,0,0,1,0,0,0,27,1,0,0,0.1,0.1,0.1,2,0,16,25,64.0,1,21,4,2,0,,,,,,,,,,,,,,,,,,,,,0,17
3,Raheem Sterling,7.0,eng ENG,"AM,FW",28-255,90,0,0,0,0,1,0,0,0,65,1,0,0,0.1,0.1,0.1,7,0,37,53,69.8,4,51,10,12,6,,,,,,,,,,,,,,,,,,,,,0,17
4,Conor Gallagher,23.0,eng ENG,"CM,AM",23-195,74,0,0,0,0,2,1,0,0,69,3,2,0,0.1,0.1,0.0,2,0,53,58,91.4,4,45,0,1,1,,,,,,,,,,,,,,,,,,,,,0,17
5,Noni Madueke,11.0,eng ENG,"WB,FW",21-163,16,0,0,0,0,1,1,0,0,15,0,0,0,0.1,0.1,0.0,1,0,9,12,75.0,0,12,2,1,0,,,,,,,,,,,,,,,,,,,,,0,17
6,Enzo Fernández,8.0,ar ARG,CM,22-215,90,0,0,0,1,1,0,0,0,124,1,0,2,0.8,0.0,0.3,7,0,101,116,87.1,19,91,7,2,1,,,,,,,,,,,,,,,,,,,,,0,17
7,Ben Chilwell,21.0,eng ENG,WB,26-242,60,0,0,0,0,2,0,0,0,46,1,0,0,0.2,0.2,0.7,2,0,31,39,79.5,2,25,2,3,1,,,,,,,,,,,,,,,,,,,,,0,17
8,Moisés Caicedo,25.0,ec ECU,CM,21-291,30,0,0,0,0,1,0,0,0,46,2,0,0,0.0,0.0,0.0,1,0,33,39,84.6,5,29,1,2,1,,,,,,,,,,,,,,,,,,,,,0,17
9,Malo Gusto,27.0,fr FRA,WB,20-093,82,0,0,0,0,1,0,0,0,70,2,1,2,0.0,0.0,0.0,1,0,57,62,91.9,3,44,5,1,1,,,,,,,,,,,,,,,,,,,,,0,17
10,Mason Burstow,37.0,eng ENG,FW,20-016,8,0,0,0,0,0,0,0,0,5,0,0,0,0.0,0.0,0.0,0,0,3,4,75.0,0,1,0,0,0,,,,,,,,,,,,,,,,,,,,,0,17
11,Levi Colwill,26.0,eng ENG,CB,20-175,90,0,0,0,0,2,0,0,0,84,1,0,0,0.1,0.1,0.0,2,0,63,75,84.0,2,49,1,2,2,,,,,,,,,,,,,,,,,,,,,0,17
12,Thiago Silva,6.0,br BRA,CB,38-332,90,0,0,0,0,1,0,0,0,110,0,0,2,0.0,0.0,0.0,1,0,98,102,96.1,7,79,0,0,0,,,,,,,,,,,,,,,,,,,,,0,17
13,Axel Disasi,2.0,fr FRA,CB,25-162,90,0,0,0,0,0,0,1,0,115,1,0,0,0.0,0.0,0.0,0,0,98,111,88.3,9,86,2,0,0,,,,,,,,,,,,,,,,,,,,,0,17
14,Robert Sánchez,1.0,es ESP,GK,25-275,90,0,0,0,0,0,0,0,0,29,0,0,0,0.0,0.0,0.0,0,0,25,26,96.2,0,15,0,0,0,6.0,3.0,3.0,66.7,2.7,1.0,2.0,50.0,22.0,5.0,9.1,22.3,4.0,0.0,19.5,8.0,0.0,0.0,0.0,17.0,0,17
0,Odsonne Édouard,22.0,fr FRA,FW,25-217,90,0,0,0,0,3,1,0,0,31,0,0,0,0.4,0.4,0.0,3,0,14,20,70.0,2,19,3,4,1,,,,,,,,,,,,,,,,,,,,,1,18
1,Jeffrey Schlupp,15.0,gh GHA,LW,30-241,73,0,0,0,0,0,0,0,0,24,1,0,0,0.0,0.0,0.1,2,0,14,16,87.5,4,8,0,3,1,,,,,,,,,,,,,,,,,,,,,1,18
2,Naouirou Ahamada,29.0,fr FRA,LW,21-145,17,0,0,0,0,0,0,0,0,19,2,0,0,0.0,0.0,0.0,0,0,15,18,83.3,4,13,2,0,0,,,,,,,,,,,,,,,,,,,,,1,18
3,Jordan Ayew,9.0,gh GHA,RW,31-344,90,0,0,0,0,3,0,1,0,37,2,0,0,0.1,0.1,0.0,3,0,17,23,73.9,2,22,4,6,1,,,,,,,,,,,,,,,,,,,,,1,18
4,Eberechi Eze,10.0,eng ENG,AM,25-053,90,0,0,0,0,4,1,0,0,53,1,0,0,0.3,0.3,0.1,3,0,37,43,86.0,4,33,3,5,3,,,,,,,,,,,,,,,,,,,,,1,18
5,Jefferson Lerma,8.0,co COL,DM,28-300,90,0,0,0,0,0,0,0,0,53,1,2,0,0.0,0.0,0.2,2,0,39,45,86.7,2,26,0,0,0,,,,,,,,,,,,,,,,,,,,,1,18
6,Cheick Doucouré,28.0,ml MLI,DM,23-225,90,0,0,0,0,2,0,1,0,59,1,0,2,0.1,0.1,0.0,4,0,42,49,85.7,8,32,0,1,1,,,,,,,,,,,,,,,,,,,,,1,18
7,Tyrick Mitchell,3.0,eng ENG,LB,23-354,90,0,0,0,0,1,0,0,0,65,3,0,1,0.1,0.1,0.3,3,0,40,53,75.5,2,30,1,1,0,,,,,,,,,,,,,,,,,,,,,1,18
8,Marc Guéhi,6.0,eng ENG,CB,23-039,90,0,0,0,0,0,0,0,0,80,1,1,2,0.0,0.0,0.0,1,0,66,71,93.0,5,57,1,0,0,,,,,,,,,,,,,,,,,,,,,1,18
9,Joachim Andersen,16.0,dk DEN,CB,27-082,90,0,0,0,0,0,0,0,0,80,1,1,1,0.0,0.0,0.0,2,0,63,73,86.3,10,43,1,1,1,,,,,,,,,,,,,,,,,,,,,1,18
10,Joel Ward,2.0,eng ENG,RB,33-296,82,0,0,0,0,0,0,0,0,35,1,1,1,0.0,0.0,0.0,0,0,23,27,85.2,3,13,1,1,1,,,,,,,,,,,,,,,,,,,,,1,18
11,Jesuran Rak Sakyi,49.0,eng ENG,RB,20-320,8,0,0,0,0,1,0,0,0,8,0,0,0,0.0,0.0,0.1,2,0,3,6,50.0,0,4,1,2,1,,,,,,,,,,,,,,,,,,,,,1,18
12,Sam Johnstone,1.0,eng ENG,GK,30-149,90,0,0,0,0,0,0,0,0,30,0,0,0,0.0,0.0,0.0,0,0,19,27,70.4,0,17,0,0,0,3.0,1.0,2.0,100.0,1.1,4.0,11.0,36.4,21.0,5.0,38.1,33.4,6.0,50.0,43.7,17.0,3.0,17.6,2.0,12.8,1,18
0,Eddie Nketiah,14.0,eng ENG,FW,24-083,78,0,0,0,0,3,0,0,0,18,0,0,0,0.8,0.8,0.1,6,1,9,12,75.0,1,16,3,4,2,,,,,,,,,,,,,,,,,,,,,0,18
1,Jorginho,20.0,it ITA,CM,31-244,12,0,0,0,0,0,0,0,0,13,1,0,0,0.0,0.0,0.0,0,0,11,12,91.7,0,9,0,0,0,,,,,,,,,,,,,,,,,,,,,0,18
2,Gabriel Martinelli,11.0,br BRA,LW,22-064,69,0,0,0,0,2,0,0,0,42,1,2,0,0.1,0.1,0.0,2,1,23,35,65.7,2,27,4,1,0,,,,,,,,,,,,,,,,,,,,,0,18
3,Gabriel Dos Santos,6.0,br BRA,CB,25-245,21,0,0,0,0,0,0,0,0,9,1,0,2,0.0,0.0,0.0,0,0,3,5,60.0,0,3,0,0,0,,,,,,,,,,,,,,,,,,,,,0,18
4,Bukayo Saka,7.0,eng ENG,"RW,LB",21-350,88,0,0,0,0,3,0,0,0,70,2,1,2,0.2,0.2,0.2,7,0,37,56,66.1,5,42,8,2,1,,,,,,,,,,,,,,,,,,,,,0,18
5,Jakub Kiwior,15.0,pl POL,"CB,LB",23-187,2,0,0,0,0,0,0,0,0,4,0,0,0,0.0,0.0,0.0,0,0,4,4,100.0,0,4,0,0,0,,,,,,,,,,,,,,,,,,,,,0,18
6,Kai Havertz,29.0,de GER,"LM,FW,CM",24-071,90,0,0,0,0,1,0,1,0,38,1,1,1,0.0,0.0,0.1,2,0,25,28,89.3,4,17,0,2,0,,,,,,,,,,,,,,,,,,,,,0,18
7,Declan Rice,41.0,eng ENG,CM,24-219,90,0,0,0,0,0,0,0,0,67,0,1,3,0.0,0.0,0.4,1,0,55,61,90.2,8,41,2,2,0,,,,,,,,,,,,,,,,,,,,,0,18
8,Martin Ødegaard,8.0,no NOR,"RM,CM",24-247,88,1,0,1,1,2,1,0,0,47,4,0,0,0.8,0.0,0.0,3,0,33,37,89.2,3,28,1,1,0,,,,,,,,,,,,,,,,,,,,,0,18
9,Oleksandr Zinchenko,35.0,ua UKR,LB,26-249,2,0,0,0,0,0,0,0,0,8,0,0,0,0.0,0.0,0.0,0,0,6,6,100.0,0,4,0,0,0,,,,,,,,,,,,,,,,,,,,,0,18
10,Takehiro Tomiyasu,18.0,jp JPN,LB,24-289,66,0,0,0,0,0,0,2,1,52,0,0,0,0.0,0.0,0.0,1,0,38,50,76.0,5,32,1,3,2,,,,,,,,,,,,,,,,,,,,,0,18
11,William Saliba,2.0,fr FRA,CB,22-150,90,0,0,0,0,0,0,0,0,83,1,2,2,0.0,0.0,0.0,0,0,61,65,93.8,0,51,1,0,0,,,,,,,,,,,,,,,,,,,,,0,18
12,Ben White,4.0,eng ENG,"CB,RB",25-317,90,0,0,0,0,0,0,0,0,76,0,0,2,0.0,0.0,0.0,1,0,61,69,88.4,6,54,0,0,0,,,,,,,,,,,,,,,,,,,,,0,18
13,Thomas Partey,5.0,gh GHA,"RB,CM",30-069,90,0,0,0,0,2,1,0,0,71,3,1,1,0.1,0.1,0.0,3,0,52,60,86.7,6,46,1,2,1,,,,,,,,,,,,,,,,,,,,,0,18
14,Aaron Ramsdale,1.0,eng ENG,GK,25-099,90,0,0,0,0,0,0,0,0,29,0,0,0,0.0,0.0,0.0,0,0,18,27,66.7,0,21,0,0,0,2.0,0.0,2.0,100.0,0.2,4.0,13.0,30.8,24.0,5.0,41.7,35.4,3.0,100.0,73.0,15.0,1.0,6.7,3.0,21.4,0,18
0,Nicolas Jackson,15.0,sn SEN,FW,22-066,82,1,0,0,0,5,3,0,0,41,1,1,1,0.7,0.7,0.3,7,0,20,23,87.0,2,26,5,2,2,,,,,,,,,,,,,,,,,,,,,1,19
1,Lesley Ugochukwu,16.0,fr FRA,CM,19-152,8,0,0,0,0,0,0,0,0,7,0,0,0,0.0,0.0,0.0,0,0,7,7,100.0,0,3,1,0,0,,,,,,,,,,,,,,,,,,,,,1,19
2,Enzo Fernández,8.0,ar ARG,"CM,AM",22-220,90,0,0,0,0,4,0,1,0,78,0,0,1,0.4,0.4,0.1,8,1,61,69,88.4,12,41,6,2,0,,,,,,,,,,,,,,,,,,,,,1,19
3,Raheem Sterling,7.0,eng ENG,"AM,RM,FW",28-260,89,2,0,0,0,5,3,0,0,51,0,0,0,0.9,0.9,0.3,6,1,32,37,86.5,3,40,5,5,2,,,,,,,,,,,,,,,,,,,,,1,19
4,Mason Burstow,37.0,eng ENG,FW,20-021,1,0,0,0,0,0,0,0,0,1,0,0,0,0.0,0.0,0.0,0,0,0,0,,0,1,0,0,0,,,,,,,,,,,,,,,,,,,,,1,19
5,Moisés Caicedo,25.0,ec ECU,"DM,CM",21-296,90,0,0,0,0,0,0,0,0,70,2,1,3,0.0,0.0,0.0,1,1,60,62,96.8,5,40,0,0,0,,,,,,,,,,,,,,,,,,,,,1,19
6,Conor Gallagher,23.0,eng ENG,"CM,RM",23-200,90,0,0,0,0,1,1,0,0,76,3,3,1,0.1,0.1,0.2,3,0,60,63,95.2,5,44,2,2,1,,,,,,,,,,,,,,,,,,,,,1,19
7,Ben Chilwell,21.0,eng ENG,"WB,LM",26-247,85,0,0,0,0,1,0,0,0,38,1,1,0,0.1,0.1,0.3,5,0,21,30,70.0,0,22,1,1,0,,,,,,,,,,,,,,,,,,,,,1,19
8,Ian Maatsen,29.0,nl NED,LM,21-168,5,0,0,0,0,0,0,1,0,2,0,0,0,0.0,0.0,0.0,0,0,1,2,50.0,0,2,0,0,0,,,,,,,,,,,,,,,,,,,,,1,19
9,Malo Gusto,27.0,fr FRA,"RB,WB",20-098,90,0,2,0,0,1,0,0,0,84,1,1,1,0.0,0.0,0.4,2,2,70,77,90.9,5,56,4,2,2,,,,,,,,,,,,,,,,,,,,,1,19
10,Levi Colwill,26.0,eng ENG,"LB,CB",20-180,90,0,0,0,0,1,0,0,0,85,1,0,2,0.1,0.1,0.0,2,0,67,75,89.3,4,50,0,0,0,,,,,,,,,,,,,,,,,,,,,1,19
11,Thiago Silva,6.0,br BRA,CB,38-337,90,0,0,0,0,0,0,0,0,109,0,1,2,0.0,0.0,0.0,1,1,97,102,95.1,3,74,0,0,0,,,,,,,,,,,,,,,,,,,,,1,19
12,Axel Disasi,2.0,fr FRA,CB,25-167,90,0,0,0,0,1,1,0,0,106,1,1,1,0.1,0.1,0.0,0,0,87,96,90.6,3,69,0,0,0,,,,,,,,,,,,,,,,,,,,,1,19
13,Robert Sánchez,1.0,es ESP,GK,25-280,90,0,0,0,0,0,0,0,0,41,0,0,0,0.0,0.0,0.0,0,0,38,41,92.7,0,20,0,0,0,1.0,0.0,1.0,100.0,0.1,5.0,8.0,62.5,31.0,2.0,9.7,24.1,10.0,50.0,35.0,17.0,0.0,0.0,0.0,14.0,1,19
0,Carlton Morris,9.0,eng ENG,FW,27-252,90,0,0,0,0,3,0,0,0,27,0,0,0,0.2,0.2,0.0,3,0,12,17,70.6,5,14,1,2,1,,,,,,,,,,,,,,,,,,,,,0,19
1,Elijah Adebayo,11.0,eng ENG,FW,25-230,69,0,0,0,0,0,0,0,0,20,0,0,1,0.0,0.0,0.1,1,0,13,15,86.7,1,12,0,2,1,,,,,,,,,,,,,,,,,,,,,0,19
2,Jacob Brown,19.0,sct SCO,"RW,FW",25-137,21,0,0,0,0,2,0,1,0,7,0,0,0,0.1,0.1,0.0,1,0,2,4,50.0,0,5,1,1,0,,,,,,,,,,,,,,,,,,,,,0,19
3,Ross Barkley,6.0,eng ENG,CM,29-263,76,0,0,0,0,2,0,0,0,35,0,1,0,0.1,0.1,0.0,1,0,25,29,86.2,3,21,0,0,0,,,,,,,,,,,,,,,,,,,,,0,19
4,Pelly Ruddock Mpanzu,17.0,cd COD,CM,30-039,14,0,0,0,0,1,0,0,0,3,0,0,0,0.0,0.0,0.0,2,0,2,2,100.0,1,3,0,1,1,,,,,,,,,,,,,,,,,,,,,0,19
5,Marvelous Nakamba,13.0,zw ZIM,CM,29-218,90,0,0,0,0,0,0,1,0,42,3,1,0,0.0,0.0,0.0,3,0,33,37,89.2,3,26,0,0,0,,,,,,,,,,,,,,,,,,,,,0,19
6,Tahith Chong,14.0,nl NED,CM,23-264,76,0,0,0,0,1,0,0,0,27,4,1,0,0.0,0.0,0.0,2,0,18,20,90.0,1,19,2,2,1,,,,,,,,,,,,,,,,,,,,,0,19
7,Chiedozie Ogbene,7.0,ie IRL,LW,26-116,14,0,0,0,0,0,0,0,0,3,0,0,0,0.0,0.0,0.0,0,0,0,2,0.0,0,4,1,0,0,,,,,,,,,,,,,,,,,,,,,0,19
8,Ryan John Giles,26.0,eng ENG,"LB,LM",23-211,90,0,0,0,0,1,1,0,0,44,1,0,0,0.1,0.1,0.0,2,0,30,40,75.0,3,24,0,0,0,,,,,,,,,,,,,,,,,,,,,0,19
9,Amari'i Bell,29.0,jm JAM,CB,29-112,90,0,0,0,0,0,0,0,0,63,7,0,1,0.0,0.0,0.0,0,0,37,49,75.5,4,43,0,0,0,,,,,,,,,,,,,,,,,,,,,0,19
10,Tom Lockyer,4.0,wls WAL,CB,28-265,90,0,0,0,0,0,0,1,0,39,1,0,3,0.0,0.0,0.0,1,0,18,27,66.7,3,21,0,0,0,,,,,,,,,,,,,,,,,,,,,0,19
11,Reece Burke,16.0,eng ENG,CB,26-357,76,0,0,0,0,0,0,0,0,32,1,0,1,0.0,0.0,0.0,1,0,20,25,80.0,3,18,0,0,0,,,,,,,,,,,,,,,,,,,,,0,19
12,Mads Juel Andersen,5.0,dk DEN,CB,25-241,14,0,0,0,0,0,0,0,0,9,0,1,1,0.0,0.0,0.0,0,0,5,7,71.4,1,4,0,0,0,,,,,,,,,,,,,,,,,,,,,0,19
13,Issa Kaboré,12.0,bf BFA,RB,22-105,69,0,0,0,0,1,0,0,0,29,0,0,0,0.0,0.0,0.0,2,0,16,20,80.0,2,19,3,4,3,,,,,,,,,,,,,,,,,,,,,0,19
14,Alfie Doughty,45.0,eng ENG,"RM,RB",23-247,21,0,0,0,0,0,0,0,0,11,1,1,0,0.0,0.0,0.0,1,0,7,10,70.0,0,6,0,0,0,,,,,,,,,,,,,,,,,,,,,0,19
15,Thomas Kaminski,24.0,be BEL,GK,30-306,90,0,0,0,0,0,0,0,0,36,0,0,0,0.0,0.0,0.0,0,0,18,34,52.9,0,20,0,0,0,8.0,3.0,5.0,62.5,2.7,5.0,20.0,25.0,26.0,4.0,65.4,43.7,8.0,37.5,33.6,11.0,0.0,0.0,1.0,28.0,0,19
0,Dominic Solanke,9.0,eng ENG,FW,25-346,90,0,0,0,0,1,0,0,0,22,0,1,0,0.1,0.1,0.0,2,0,9,11,81.8,1,9,0,3,0,,,,,,,,,,,,,,,,,,,,,1,20
1,Justin Kluivert,19.0,nl NED,LW,24-113,59,0,0,0,0,1,0,0,0,28,1,0,0,0.0,0.0,0.0,2,0,14,21,66.7,3,20,2,2,2,,,,,,,,,,,,,,,,,,,,,1,20
2,Jaidon Anthony,32.0,eng ENG,"LW,CM",23-268,31,0,0,0,0,2,1,0,0,23,0,0,1,0.1,0.1,0.0,3,0,15,17,88.2,5,10,1,1,1,,,,,,,,,,,,,,,,,,,,,1,20
3,Antoine Semenyo,24.0,gh GHA,RW,23-231,72,0,0,0,0,2,0,0,0,27,3,0,0,0.2,0.2,0.0,0,0,14,17,82.4,1,15,2,4,0,,,,,,,,,,,,,,,,,,,,,1,20
4,David Brooks,7.0,wls WAL,"RW,RM",26-049,18,0,0,0,0,0,0,0,0,12,1,0,0,0.0,0.0,0.0,0,0,9,12,75.0,3,5,1,0,0,,,,,,,,,,,,,,,,,,,,,1,20
5,Philip Billing,29.0,dk DEN,"AM,DM",27-076,85,0,0,0,0,3,1,0,0,42,2,1,4,0.3,0.3,0.2,4,0,20,28,71.4,4,13,1,3,0,,,,,,,,,,,,,,,,,,,,,1,20
6,Kieffer Moore,21.0,wls WAL,FW,31-018,5,0,0,0,0,0,0,0,0,4,0,0,0,0.0,0.0,0.0,1,0,3,4,75.0,1,0,0,0,0,,,,,,,,,,,,,,,,,,,,,1,20
7,Joe Rothwell,8.0,eng ENG,DM,28-227,45,0,0,0,0,0,0,0,0,26,0,0,0,0.0,0.0,0.0,1,0,19,21,90.5,3,11,1,5,3,,,,,,,,,,,,,,,,,,,,,1,20
8,Lewis Cook,4.0,eng ENG,"DM,CM",26-204,45,0,0,0,0,1,0,0,0,35,2,3,1,0.0,0.0,0.0,0,0,22,28,78.6,0,13,0,0,0,,,,,,,,,,,,,,,,,,,,,1,20
9,Ryan Christie,10.0,sct SCO,DM,28-185,59,0,0,0,0,1,1,0,0,34,1,2,1,0.0,0.0,0.1,1,0,20,27,74.1,3,17,2,1,0,,,,,,,,,,,,,,,,,,,,,1,20
10,Hamed Junior Traorè,22.0,ci CIV,"AM,LM",23-191,31,0,0,0,0,0,0,0,0,19,0,0,1,0.0,0.0,0.0,1,0,7,13,53.8,2,12,0,3,0,,,,,,,,,,,,,,,,,,,,,1,20
11,Milos Kerkez,3.0,hu HUN,LB,19-292,90,0,0,0,0,0,0,0,0,54,2,0,2,0.0,0.0,0.0,2,0,32,46,69.6,2,28,2,2,2,,,,,,,,,,,,,,,,,,,,,1,20
12,Lloyd Kelly,5.0,eng ENG,CB,24-324,90,0,0,0,0,0,0,1,0,50,2,0,0,0.0,0.0,0.0,0,0,40,48,83.3,4,29,2,1,1,,,,,,,,,,,,,,,,,,,,,1,20
13,Illia Zabarnyi,27.0,ua UKR,CB,20-359,90,0,0,0,0,0,0,0,0,68,2,1,2,0.0,0.0,0.0,1,0,48,53,90.6,5,39,1,4,3,,,,,,,,,,,,,,,,,,,,,1,20
14,Max Aarons,37.0,eng ENG,RB,23-234,90,0,0,0,0,0,0,0,0,61,1,0,2,0.0,0.0,0.1,2,0,42,56,75.0,4,25,0,2,2,,,,,,,,,,,,,,,,,,,,,1,20
15,Neto,1.0,br BRA,GK,34-038,90,0,0,0,0,0,0,0,0,42,0,0,0,0.0,0.0,0.0,0,0,24,41,58.5,0,25,0,0,0,6.0,2.0,4.0,66.7,2.8,7.0,18.0,38.9,31.0,4.0,41.9,34.2,9.0,55.6,46.4,5.0,0.0,0.0,0.0,11.5,1,20
0,Richarlison,9.0,br BRA,FW,26-108,59,0,0,0,0,2,1,1,0,26,0,0,0,0.3,0.3,0.0,2,0,10,13,76.9,2,17,1,3,1,,,,,,,,,,,,,,,,,,,,,0,20
1,Pierre Højbjerg,5.0,dk DEN,DM,28-021,31,0,0,0,0,0,0,0,0,47,1,0,1,0.0,0.0,0.0,0,0,40,43,93.0,2,36,0,2,1,,,,,,,,,,,,,,,,,,,,,0,20
2,Son Heung-min,7.0,kr KOR,"LW,FW",31-049,90,0,0,0,0,2,0,0,0,49,0,1,0,0.0,0.0,0.5,8,1,33,41,80.5,8,38,4,3,2,,,,,,,,,,,,,,,,,,,,,0,20
3,Dejan Kulusevski,21.0,se SWE,RW,23-123,90,1,0,0,0,2,1,0,0,35,2,2,1,0.4,0.4,0.1,6,0,21,27,77.8,3,31,5,4,2,,,,,,,,,,,,,,,,,,,,,0,20
4,James Maddison,10.0,eng ENG,AM,26-276,72,1,0,0,0,4,2,0,0,46,0,1,1,1.1,1.1,0.1,5,0,31,37,83.8,10,42,5,2,2,,,,,,,,,,,,,,,,,,,,,0,20
5,Oliver Skipp,4.0,eng ENG,DM,22-344,18,0,0,0,0,0,0,0,0,21,1,0,0,0.0,0.0,0.0,0,0,19,21,90.5,3,18,0,0,0,,,,,,,,,,,,,,,,,,,,,0,20
6,Yves Bissouma,8.0,ml MLI,DM,26-361,73,0,0,0,0,1,1,1,0,57,4,3,2,0.0,0.0,0.1,3,1,33,38,86.8,6,37,2,4,3,,,,,,,,,,,,,,,,,,,,,0,20
7,Giovani Lo Celso,18.0,ar ARG,AM,27-139,17,0,0,0,0,0,0,0,0,32,0,0,0,0.0,0.0,0.0,1,0,28,32,87.5,3,27,2,0,0,,,,,,,,,,,,,,,,,,,,,0,20
8,Pape Matar Sarr,29.0,sn SEN,DM,20-346,58,0,1,0,0,1,1,0,0,36,2,0,1,0.1,0.1,0.6,2,1,24,27,88.9,7,30,2,1,0,,,,,,,,,,,,,,,,,,,,,0,20
9,Ivan Perišić,14.0,hr CRO,LW,34-205,32,0,0,0,0,1,0,1,0,28,2,1,1,0.0,0.0,0.0,1,0,18,22,81.8,4,25,3,2,1,,,,,,,,,,,,,,,,,,,,,0,20
10,Destiny Udogie,38.0,it ITA,LB,20-271,81,0,1,0,0,0,0,0,0,53,0,0,0,0.0,0.0,0.3,1,1,40,45,88.9,5,31,2,2,1,,,,,,,,,,,,,,,,,,,,,0,20
11,Ben Davies,33.0,wls WAL,LB,30-124,9,0,0,0,0,1,0,0,0,15,0,0,0,0.1,0.1,0.0,1,0,13,13,100.0,1,10,0,0,0,,,,,,,,,,,,,,,,,,,,,0,20
12,Micky van de Ven,37.0,nl NED,CB,22-129,90,0,0,0,0,0,0,0,0,83,2,1,1,0.0,0.0,0.0,0,0,69,73,94.5,1,60,0,1,1,,,,,,,,,,,,,,,,,,,,,0,20
13,Cristian Romero,17.0,ar ARG,CB,25-121,90,0,0,0,0,0,0,0,0,51,5,3,0,0.0,0.0,0.0,0,0,37,38,97.4,0,30,0,0,0,,,,,,,,,,,,,,,,,,,,,0,20
14,Pedro Porro,23.0,es ESP,RB,23-347,90,0,0,0,0,3,0,0,0,81,3,0,2,0.1,0.1,0.0,2,0,54,61,88.5,0,46,2,0,0,,,,,,,,,,,,,,,,,,,,,0,20
15,Guglielmo Vicario,13.0,it ITA,GK,26-323,90,0,0,0,0,0,0,0,0,38,0,0,0,0.0,0.0,0.0,0,0,28,37,75.7,0,27,0,0,0,3.0,0.0,3.0,100.0,0.3,4.0,13.0,30.8,33.0,4.0,33.3,31.0,4.0,50.0,37.3,16.0,0.0,0.0,0.0,13.0,0,20
0,Arnaut Danjuma,10.0,nl NED,"FW,LM",26-207,89,0,0,0,0,5,3,0,0,23,0,0,0,0.5,0.5,0.0,2,0,12,17,70.6,1,20,5,1,0,,,,,,,,,,,,,,,,,,,,,1,21
1,Thomas Cannon,47.0,ie IRL,FW,20-241,1,0,0,0,0,0,0,0,0,0,0,0,0,0.0,0.0,0.0,0,0,0,0,,0,0,0,0,0,,,,,,,,,,,,,,,,,,,,,1,21
2,Lewis Dobbin,61.0,eng ENG,LM,20-235,65,0,0,0,0,1,1,0,0,27,1,0,2,0.1,0.1,0.0,1,0,10,15,66.7,0,21,3,5,2,,,,,,,,,,,,,,,,,,,,,1,21
3,Youssef Chermiti,28.0,pt POR,FW,19-094,25,0,0,0,0,1,0,1,0,10,0,0,0,0.1,0.1,0.0,0,0,4,5,80.0,1,8,0,1,0,,,,,,,,,,,,,,,,,,,,,1,21
4,Amadou Onana,8.0,be BEL,CM,22-010,90,0,0,0,0,1,0,0,0,44,4,1,0,0.1,0.1,0.2,2,0,31,37,83.8,6,26,0,1,1,,,,,,,,,,,,,,,,,,,,,1,21
5,Abdoulaye Doucouré,16.0,ml MLI,CM,30-237,90,0,0,0,0,1,1,0,0,48,6,1,3,0.2,0.2,0.0,3,0,26,31,83.9,4,30,2,3,1,,,,,,,,,,,,,,,,,,,,,1,21
6,James Garner,37.0,eng ENG,RM,22-166,90,0,0,0,0,2,1,1,0,44,3,1,1,0.1,0.1,0.3,4,0,26,34,76.5,3,31,2,0,0,,,,,,,,,,,,,,,,,,,,,1,21
7,Idrissa Gana Gueye,27.0,sn SEN,DM,33-334,89,0,0,0,0,0,0,0,0,58,2,1,2,0.0,0.0,0.0,3,0,48,52,92.3,6,45,3,2,2,,,,,,,,,,,,,,,,,,,,,1,21
8,Michael Keane,5.0,eng ENG,DM,30-227,1,0,0,0,0,0,0,0,0,2,0,0,0,0.0,0.0,0.0,0,0,1,2,50.0,0,1,0,0,0,,,,,,,,,,,,,,,,,,,,,1,21
9,Ashley Young,18.0,eng ENG,LB,38-048,90,0,0,0,0,0,0,0,0,72,1,1,0,0.0,0.0,0.2,4,0,50,67,74.6,3,28,0,0,0,,,,,,,,,,,,,,,,,,,,,1,21
10,Jarrad Branthwaite,32.0,eng ENG,CB,21-060,90,0,0,0,0,3,1,1,0,69,1,2,1,0.2,0.2,0.0,0,0,48,58,82.8,3,38,0,0,0,,,,,,,,,,,,,,,,,,,,,1,21
11,James Tarkowski,6.0,eng ENG,CB,30-280,90,0,0,0,0,1,0,0,0,65,2,3,2,0.2,0.2,0.0,0,0,43,51,84.3,5,40,1,0,0,,,,,,,,,,,,,,,,,,,,,1,21
12,Nathan Patterson,2.0,sct SCO,RB,21-314,90,0,0,0,0,0,0,0,0,63,6,0,0,0.0,0.0,0.1,1,0,37,52,71.2,3,31,2,1,0,,,,,,,,,,,,,,,,,,,,,1,21
13,Jordan Pickford,1.0,eng ENG,GK,29-172,90,0,0,0,0,0,0,0,0,41,0,0,0,0.0,0.0,0.0,1,0,26,39,66.7,0,25,0,0,0,2.0,1.0,1.0,50.0,1.1,8.0,19.0,42.1,32.0,3.0,50.0,35.9,7.0,42.9,33.1,11.0,0.0,0.0,4.0,29.3,1,21
0,Fábio Silva,29.0,pt POR,FW,21-038,73,0,0,0,0,1,0,0,0,19,1,0,0,0.3,0.3,0.0,2,0,11,13,84.6,4,14,1,2,1,,,,,,,,,,,,,,,,,,,,,0,21
1,Pablo Sarabia,21.0,es ESP,FW,31-107,17,0,0,0,0,2,1,0,0,9,0,0,0,0.2,0.2,0.0,1,0,5,7,71.4,1,6,1,0,0,,,,,,,,,,,,,,,,,,,,,0,21
2,Matheus Cunha,12.0,br BRA,FW,24-091,84,0,0,0,0,2,0,0,0,29,1,0,1,0.2,0.2,0.0,0,0,17,19,89.5,1,19,0,2,0,,,,,,,,,,,,,,,,,,,,,0,21
3,Sasa Kalajdzic,18.0,at AUT,FW,26-050,6,1,0,0,0,1,1,0,0,8,1,0,0,0.3,0.3,0.0,1,0,4,6,66.7,0,4,0,0,0,,,,,,,,,,,,,,,,,,,,,0,21
4,Hwang Hee-chan,11.0,kr KOR,LM,27-212,45,0,0,0,0,0,0,0,0,20,1,0,0,0.0,0.0,0.0,0,0,12,17,70.6,2,12,0,0,0,,,,,,,,,,,,,,,,,,,,,0,21
5,Rayan Aït Nouri,3.0,dz ALG,LM,22-081,45,0,0,0,0,0,0,0,0,25,0,0,1,0.0,0.0,0.0,1,0,11,18,61.1,2,15,1,3,0,,,,,,,,,,,,,,,,,,,,,0,21
6,Mario Lemina,5.0,ga GAB,CM,29-359,90,0,0,0,0,3,0,1,0,49,3,1,0,0.1,0.1,0.0,1,1,34,37,91.9,2,31,0,4,2,,,,,,,,,,,,,,,,,,,,,0,21
7,João Gomes,8.0,br BRA,CM,22-195,90,0,0,0,0,1,0,1,0,58,5,0,1,0.0,0.0,0.0,3,0,40,48,83.3,4,31,0,0,0,,,,,,,,,,,,,,,,,,,,,0,21
8,Pedro Neto,7.0,pt POR,RM,23-170,90,0,1,0,0,1,0,0,0,58,0,0,0,0.0,0.0,0.4,5,1,41,47,87.2,3,39,3,4,1,,,,,,,,,,,,,,,,,,,,,0,21
9,Hugo Bueno,17.0,es ESP,LB,20-342,84,0,0,0,0,0,0,0,0,59,1,0,1,0.0,0.0,0.0,3,0,41,50,82.0,2,35,3,2,0,,,,,,,,,,,,,,,,,,,,,0,21
10,Toti Gomes,24.0,pt POR,LB,24-222,6,0,0,0,0,0,0,0,0,6,0,0,0,0.0,0.0,0.0,0,0,4,5,80.0,0,4,0,0,0,,,,,,,,,,,,,,,,,,,,,0,21
11,Max Kilman,23.0,eng ENG,CB,26-095,90,0,0,0,0,0,0,0,0,86,0,2,0,0.0,0.0,0.3,1,0,59,75,78.7,4,66,1,0,0,,,,,,,,,,,,,,,,,,,,,0,21
12,Craig Dawson,15.0,eng ENG,CB,33-112,90,0,0,0,0,0,0,1,0,63,2,1,1,0.0,0.0,0.0,0,0,48,54,88.9,1,46,0,0,0,,,,,,,,,,,,,,,,,,,,,0,21
13,Nélson Semedo,22.0,pt POR,RB,29-283,90,0,0,0,0,0,0,1,0,90,3,1,0,0.0,0.0,0.0,0,0,66,77,85.7,8,58,1,4,1,,,,,,,,,,,,,,,,,,,,,0,21
14,José Sá,1.0,pt POR,GK,30-221,90,0,0,0,0,0,0,0,0,57,0,0,0,0.0,0.0,0.0,1,0,43,50,86.0,0,38,0,0,0,7.0,0.0,7.0,100.0,1.5,4.0,11.0,36.4,40.0,10.0,25.0,31.8,10.0,10.0,19.1,25.0,5.0,20.0,2.0,11.9,0,21
0,Yoane Wissa,11.0,cd COD,FW,26-357,90,0,0,0,0,2,0,0,0,27,0,0,1,0.3,0.3,0.0,0,0,9,15,60.0,0,13,1,1,0,,,,,,,,,,,,,,,,,,,,,1,22
1,Kevin Schade,9.0,de GER,LW,21-272,79,1,0,0,0,2,1,0,0,38,0,0,0,0.1,0.1,0.2,2,0,22,30,73.3,6,20,1,4,1,,,,,,,,,,,,,,,,,,,,,1,22
2,Keane Lewis-Potter,23.0,eng ENG,LW,22-185,11,0,0,0,0,0,0,0,0,7,0,0,0,0.0,0.0,0.0,0,0,1,4,25.0,0,5,1,1,0,,,,,,,,,,,,,,,,,,,,,1,22
3,Bryan Mbeumo,19.0,cm CMR,RW,24-019,90,0,0,0,0,1,0,0,0,54,1,0,0,0.0,0.0,0.2,5,0,29,45,64.4,1,30,3,2,0,,,,,,,,,,,,,,,,,,,,,1,22
4,Vitaly Janelt,27.0,de GER,LM,25-108,90,0,0,0,0,1,0,0,0,43,1,1,4,0.0,0.0,0.0,0,0,22,33,66.7,5,23,1,1,0,,,,,,,,,,,,,,,,,,,,,1,22
5,Christian Nørgaard,6.0,dk DEN,CM,29-169,90,0,1,0,0,1,0,0,0,76,3,0,1,0.0,0.0,0.1,6,1,58,65,89.2,12,47,0,0,0,,,,,,,,,,,,,,,,,,,,,1,22
6,Mathias Jensen,8.0,dk DEN,RM,27-237,70,0,0,0,0,0,0,0,0,53,1,0,3,0.0,0.0,0.1,2,0,35,43,81.4,3,24,0,0,0,,,,,,,,,,,,,,,,,,,,,1,22
7,Frank Onyeka,15.0,ng NGA,RM,25-237,20,0,0,0,0,2,0,0,0,14,0,0,1,0.2,0.2,0.0,2,0,8,10,80.0,2,13,0,1,0,,,,,,,,,,,,,,,,,,,,,1,22
8,Rico Henry,3.0,eng ENG,LB,26-049,90,0,0,0,0,1,0,0,0,68,1,0,3,0.1,0.1,0.1,3,0,46,58,79.3,1,37,3,3,2,,,,,,,,,,,,,,,,,,,,,1,22
9,Ethan Pinnock,5.0,jm JAM,CB,30-089,90,0,0,0,0,1,0,0,0,89,1,2,2,0.2,0.2,0.0,0,0,70,81,86.4,3,55,0,0,0,,,,,,,,,,,,,,,,,,,,,1,22
10,Nathan Collins,22.0,ie IRL,CB,22-118,90,0,0,0,0,1,0,0,0,77,0,2,0,0.0,0.0,0.0,1,1,66,74,89.2,3,43,0,1,1,,,,,,,,,,,,,,,,,,,,,1,22
11,Aaron Hickey,2.0,sct SCO,RB,21-077,90,0,0,0,0,0,0,0,0,73,1,1,2,0.0,0.0,0.0,1,0,53,60,88.3,5,45,1,4,0,,,,,,,,,,,,,,,,,,,,,1,22
12,Mark Flekken,1.0,nl NED,GK,30-074,90,0,0,0,0,0,0,0,0,51,0,0,0,0.0,0.0,0.0,0,0,46,48,95.8,0,31,0,0,0,5.0,1.0,4.0,80.0,0.6,8.0,10.0,80.0,41.0,5.0,24.4,30.1,7.0,0.0,18.1,14.0,1.0,7.1,0.0,4.0,1,22
0,Odsonne Édouard,22.0,fr FRA,FW,25-222,70,0,0,0,0,2,1,0,0,20,0,0,0,0.1,0.1,0.0,1,0,8,12,66.7,0,14,3,1,1,,,,,,,,,,,,,,,,,,,,,0,22
1,Jean-Philippe Mateta,14.0,fr FRA,FW,26-059,20,0,0,0,0,0,0,0,0,5,0,0,0,0.0,0.0,0.0,0,0,2,3,66.7,1,4,0,0,0,,,,,,,,,,,,,,,,,,,,,0,22
2,Jeffrey Schlupp,15.0,gh GHA,LW,30-246,70,0,0,0,0,1,0,0,0,35,1,0,1,0.0,0.0,0.2,2,0,21,25,84.0,3,23,1,1,1,,,,,,,,,,,,,,,,,,,,,0,22
3,Naouirou Ahamada,29.0,fr FRA,AM,21-150,20,0,0,0,0,0,0,0,0,7,0,0,0,0.0,0.0,0.0,1,0,5,7,71.4,0,6,0,1,1,,,,,,,,,,,,,,,,,,,,,0,22
4,Jordan Ayew,9.0,gh GHA,RW,31-349,90,0,1,0,0,5,1,0,0,54,2,0,0,0.2,0.2,0.1,6,1,29,35,82.9,2,40,5,7,4,,,,,,,,,,,,,,,,,,,,,0,22
5,Eberechi Eze,10.0,eng ENG,"AM,LW",25-058,90,0,0,0,0,4,1,0,0,47,4,1,0,0.4,0.4,0.1,4,0,25,30,83.3,2,33,4,6,5,,,,,,,,,,,,,,,,,,,,,0,22
6,Jefferson Lerma,8.0,co COL,DM,28-305,90,0,0,0,0,2,1,0,0,54,3,3,1,0.1,0.1,0.0,2,0,29,38,76.3,2,29,0,2,1,,,,,,,,,,,,,,,,,,,,,0,22
7,Cheick Doucouré,28.0,ml MLI,DM,23-230,90,0,0,0,0,0,0,0,0,63,2,1,4,0.0,0.0,0.0,1,0,48,50,96.0,4,38,1,1,1,,,,,,,,,,,,,,,,,,,,,0,22
8,Tyrick Mitchell,3.0,eng ENG,LB,23-359,90,0,0,0,0,0,0,0,0,33,1,0,1,0.0,0.0,0.0,0,0,19,29,65.5,1,16,0,1,1,,,,,,,,,,,,,,,,,,,,,0,22
9,Marc Guéhi,6.0,eng ENG,CB,23-044,90,0,0,0,0,0,0,0,0,49,1,0,1,0.0,0.0,0.0,0,0,37,42,88.1,1,36,3,0,0,,,,,,,,,,,,,,,,,,,,,0,22
10,Joachim Andersen,16.0,dk DEN,CB,27-087,90,1,0,0,0,1,1,0,0,72,3,1,2,0.1,0.1,0.1,7,1,40,53,75.5,9,39,0,1,1,,,,,,,,,,,,,,,,,,,,,0,22
11,Joel Ward,2.0,eng ENG,RB,33-301,90,0,0,0,0,0,0,0,0,45,3,0,2,0.0,0.0,0.0,1,0,27,34,79.4,1,19,1,1,1,,,,,,,,,,,,,,,,,,,,,0,22
12,Sam Johnstone,1.0,eng ENG,GK,30-154,90,0,0,0,0,0,0,0,0,24,0,0,0,0.0,0.0,0.0,0,0,11,24,45.8,0,14,0,0,0,1.0,1.0,0.0,0.0,0.6,4.0,16.0,25.0,17.0,2.0,64.7,40.1,6.0,83.3,58.0,19.0,1.0,5.3,1.0,13.0,0,22
0,Anthony Martial,9.0,fr FRA,FW,27-264,59,0,0,0,0,1,0,0,0,19,0,0,1,0.0,0.0,0.0,1,0,13,15,86.7,1,14,1,0,0,,,,,,,,,,,,,,,,,,,,,1,23
1,Jadon Sancho,25.0,eng ENG,FW,23-154,31,0,0,0,0,0,0,0,0,13,0,0,0,0.0,0.0,0.0,2,1,10,13,76.9,1,14,4,0,0,,,,,,,,,,,,,,,,,,,,,1,23
2,Marcus Rashford,10.0,eng ENG,LW,25-299,90,0,1,0,0,2,1,1,0,44,0,0,0,0.1,0.1,0.3,6,4,28,34,82.4,3,39,2,4,2,,,,,,,,,,,,,,,,,,,,,1,23
3,Antony,21.0,br BRA,RW,23-183,84,0,0,0,0,4,2,0,0,55,0,0,0,0.2,0.2,0.4,7,0,37,44,84.1,6,46,3,5,1,,,,,,,,,,,,,,,,,,,,,1,23
4,Scott McTominay,39.0,sct SCO,DM,26-261,6,0,0,0,0,0,0,0,0,6,0,0,0,0.0,0.0,0.0,1,0,3,5,60.0,1,5,1,0,0,,,,,,,,,,,,,,,,,,,,,1,23
5,Bruno Fernandes,8.0,pt POR,"AM,RW",28-352,90,1,1,1,1,5,2,1,0,102,3,0,0,1.2,0.4,1.0,4,1,59,87,67.8,9,64,2,4,1,,,,,,,,,,,,,,,,,,,,,1,23
6,Christian Eriksen,14.0,dk DEN,"DM,AM",31-193,90,1,0,0,0,1,1,0,0,70,1,1,1,0.3,0.3,0.1,5,0,50,66,75.8,7,52,3,0,0,,,,,,,,,,,,,,,,,,,,,1,23
7,Casemiro,18.0,br BRA,DM,31-184,90,1,0,0,0,4,2,0,0,108,5,1,0,1.0,1.0,0.0,2,0,77,91,84.6,16,70,2,2,1,,,,,,,,,,,,,,,,,,,,,1,23
8,Diogo Dalot,20.0,pt POR,LB,24-161,90,0,0,0,0,0,0,0,0,88,1,2,0,0.0,0.0,0.0,1,0,67,75,89.3,7,57,4,0,0,,,,,,,,,,,,,,,,,,,,,1,23
9,Lisandro Martínez,6.0,ar ARG,CB,25-220,90,0,0,0,0,0,0,0,0,93,1,1,0,0.0,0.0,0.0,1,0,77,86,89.5,6,70,3,1,1,,,,,,,,,,,,,,,,,,,,,1,23
10,Raphaël Varane,19.0,fr FRA,CB,30-123,45,0,0,0,0,0,0,0,0,55,0,0,1,0.0,0.0,0.0,1,0,52,53,98.1,8,51,3,0,0,,,,,,,,,,,,,,,,,,,,,1,23
11,Victor Lindelöf,2.0,se SWE,CB,29-040,45,0,0,0,0,0,0,0,0,24,0,0,1,0.0,0.0,0.1,2,0,19,20,95.0,2,15,1,0,0,,,,,,,,,,,,,,,,,,,,,1,23
12,Aaron Wan-Bissaka,29.0,eng ENG,RB,25-273,90,0,0,0,0,0,0,1,0,79,4,2,3,0.0,0.0,0.0,3,0,58,69,84.1,9,55,7,2,1,,,,,,,,,,,,,,,,,,,,,1,23
13,André Onana,24.0,cm CMR,GK,27-146,90,0,0,0,0,0,0,1,0,24,0,0,0,0.0,0.0,0.0,0,0,17,23,73.9,0,16,0,0,0,4.0,2.0,2.0,50.0,2.0,1.0,6.0,16.7,20.0,3.0,25.0,28.9,3.0,33.3,36.3,10.0,0.0,0.0,0.0,,1,23
0,Taiwo Awoniyi,9.0,ng NGA,FW,26-014,80,1,0,0,0,3,1,0,0,33,0,0,0,0.7,0.7,0.0,1,1,14,22,63.6,1,19,1,2,2,,,,,,,,,,,,,,,,,,,,,0,23
1,Chris Wood,11.0,nz NZL,FW,31-262,10,0,0,0,0,0,0,0,0,9,0,1,0,0.0,0.0,0.1,1,0,4,8,50.0,0,4,1,0,0,,,,,,,,,,,,,,,,,,,,,0,23
2,Morgan Gibbs-White,10.0,eng ENG,AM,23-211,90,0,1,0,0,2,0,1,0,50,0,3,0,0.3,0.3,0.7,5,1,25,38,65.8,2,21,2,4,1,,,,,,,,,,,,,,,,,,,,,0,23
3,Brennan Johnson,20.0,wls WAL,AM,22-095,69,0,0,0,0,0,0,0,0,26,2,0,2,0.0,0.0,0.2,4,2,17,18,94.4,1,14,2,3,2,,,,,,,,,,,,,,,,,,,,,0,23
4,Cheikhou Kouyaté,8.0,sn SEN,AM,33-248,21,0,0,0,0,0,0,1,0,9,3,0,0,0.0,0.0,0.0,1,0,4,7,57.1,1,3,0,0,0,,,,,,,,,,,,,,,,,,,,,0,23
5,Danilo,28.0,br BRA,CM,22-119,80,0,0,0,0,1,1,0,0,38,1,3,0,0.0,0.0,0.0,1,0,18,27,66.7,1,20,0,0,0,,,,,,,,,,,,,,,,,,,,,0,23
6,Anthony Elanga,21.0,se SWE,CM,21-121,10,0,0,0,0,1,0,0,0,8,0,1,0,0.0,0.0,0.0,0,0,4,6,66.7,0,4,1,1,1,,,,,,,,,,,,,,,,,,,,,0,23
7,Ryan Yates,22.0,eng ENG,"CM,CB",25-278,90,0,0,0,0,0,0,0,0,36,4,1,2,0.0,0.0,0.0,0,0,19,24,79.2,2,10,0,0,0,,,,,,,,,,,,,,,,,,,,,0,23
8,Ola Aina,43.0,ng NGA,WB,26-322,90,0,0,0,0,0,0,1,0,43,3,2,1,0.0,0.0,0.0,1,0,22,35,62.9,1,16,1,3,2,,,,,,,,,,,,,,,,,,,,,0,23
9,Serge Aurier,24.0,ci CIV,WB,30-245,90,0,0,0,0,0,0,1,0,51,1,1,1,0.0,0.0,0.0,2,0,20,34,58.8,4,15,1,4,1,,,,,,,,,,,,,,,,,,,,,0,23
10,Scott McKenna,26.0,sct SCO,CB,26-287,56,0,0,0,0,0,0,0,0,39,0,1,2,0.0,0.0,0.0,0,0,21,27,77.8,0,14,0,0,0,,,,,,,,,,,,,,,,,,,,,0,23
11,Moussa Niakhate,19.0,sn SEN,CB,27-171,34,0,0,0,0,0,0,0,0,11,0,0,1,0.0,0.0,0.0,0,0,8,11,72.7,1,8,0,0,0,,,,,,,,,,,,,,,,,,,,,0,23
12,Joe Worrall,4.0,eng ENG,CB,26-228,66,0,0,0,0,0,0,0,1,23,1,0,0,0.0,0.0,0.0,0,0,16,18,88.9,0,16,0,0,0,,,,,,,,,,,,,,,,,,,,,0,23
13,Willy Boly,30.0,ci CIV,CB,32-204,90,1,0,0,0,2,2,0,0,55,4,1,1,0.2,0.2,0.0,0,0,28,38,73.7,0,21,0,3,1,,,,,,,,,,,,,,,,,,,,,0,23
14,Matt Turner,1.0,us USA,GK,29-063,90,0,0,0,0,0,0,0,0,44,0,0,0,0.0,0.0,0.0,0,0,26,40,65.0,0,21,0,0,0,9.0,3.0,6.0,77.8,3.9,11.0,23.0,47.8,30.0,9.0,60.0,39.1,9.0,55.6,43.8,17.0,1.0,5.9,0.0,12.8,0,23
0,Leandro Trossard,19.0,be BEL,FW,28-265,45,0,0,0,0,0,0,0,0,25,0,0,1,0.0,0.0,0.7,6,0,15,21,71.4,1,14,1,0,0,,,,,,,,,,,,,,,,,,,,,1,24
1,Eddie Nketiah,14.0,eng ENG,FW,24-088,45,1,0,0,0,4,1,0,0,19,0,0,0,0.4,0.4,0.0,0,0,10,12,83.3,1,10,0,1,0,,,,,,,,,,,,,,,,,,,,,1,24
2,Gabriel Martinelli,11.0,br BRA,LW,22-069,90,0,0,0,0,4,3,0,0,61,0,0,1,0.5,0.5,0.0,3,1,42,52,80.8,7,40,3,2,1,,,,,,,,,,,,,,,,,,,,,1,24
3,Bukayo Saka,7.0,eng ENG,RW,21-355,90,1,0,1,1,2,1,0,0,86,2,0,4,1.4,0.6,0.5,5,1,52,67,77.6,4,52,6,10,6,,,,,,,,,,,,,,,,,,,,,1,24
4,Kai Havertz,29.0,de GER,LM,24-076,55,0,0,0,0,1,0,0,0,27,2,0,0,0.3,0.3,0.3,2,0,20,23,87.0,5,9,1,0,0,,,,,,,,,,,,,,,,,,,,,1,24
5,Fabio Vieira,21.0,pt POR,LM,23-088,35,0,1,0,0,1,1,0,0,27,0,0,0,0.0,0.0,0.3,3,1,16,21,76.2,5,19,3,3,1,,,,,,,,,,,,,,,,,,,,,1,24
6,Declan Rice,41.0,eng ENG,CM,24-224,89,0,0,0,0,0,0,0,0,79,5,2,0,0.0,0.0,0.0,2,0,68,71,95.8,9,45,0,0,0,,,,,,,,,,,,,,,,,,,,,1,24
7,Gabriel Jesus,9.0,br BRA,CM,26-145,1,0,0,0,0,1,1,0,0,5,0,0,0,0.1,0.1,0.0,1,0,1,2,50.0,0,1,0,1,0,,,,,,,,,,,,,,,,,,,,,1,24
8,Martin Ødegaard,8.0,no NOR,RM,24-252,83,0,0,0,0,3,2,0,0,60,2,0,2,0.1,0.1,0.0,2,0,45,51,88.2,6,38,3,5,3,,,,,,,,,,,,,,,,,,,,,1,24
9,Jorginho,20.0,it ITA,RM,31-249,7,0,0,0,0,0,0,0,0,19,0,0,0,0.0,0.0,0.0,1,0,18,19,94.7,7,12,2,0,0,,,,,,,,,,,,,,,,,,,,,1,24
10,Jakub Kiwior,15.0,pl POL,"LB,CB",23-192,90,0,0,0,0,1,0,0,0,75,2,0,3,0.4,0.4,0.0,0,0,54,65,83.1,8,32,0,0,0,,,,,,,,,,,,,,,,,,,,,1,24
11,William Saliba,2.0,fr FRA,CB,22-155,90,0,0,0,0,1,0,0,0,104,0,2,1,0.0,0.0,0.0,1,0,91,96,94.8,12,55,1,1,0,,,,,,,,,,,,,,,,,,,,,1,24
12,Ben White,4.0,eng ENG,"CB,RB",25-322,90,0,0,0,0,0,0,0,0,108,0,0,1,0.0,0.0,0.1,5,0,87,99,87.9,9,61,3,1,0,,,,,,,,,,,,,,,,,,,,,1,24
13,Thomas Partey,5.0,gh GHA,RB,30-074,55,0,0,0,0,0,0,0,0,70,1,1,0,0.0,0.0,0.0,1,0,60,67,89.6,11,41,3,5,4,,,,,,,,,,,,,,,,,,,,,1,24
14,Oleksandr Zinchenko,35.0,ua UKR,LB,26-254,35,0,0,0,0,0,0,0,0,45,0,1,1,0.0,0.0,0.1,2,0,34,41,82.9,7,21,2,1,0,,,,,,,,,,,,,,,,,,,,,1,24
15,Aaron Ramsdale,1.0,eng ENG,GK,25-104,90,0,0,0,0,0,0,0,0,35,0,0,0,0.0,0.0,0.0,0,0,31,34,91.2,1,20,0,0,0,3.0,2.0,1.0,33.3,0.4,2.0,3.0,66.7,30.0,6.0,6.7,21.1,4.0,25.0,27.5,8.0,0.0,0.0,2.0,23.0,1,24
0,Raúl Jiménez,7.0,mx MEX,FW,32-113,90,0,0,0,0,2,0,1,0,40,3,0,3,0.1,0.1,0.0,1,0,12,23,52.2,2,10,0,0,0,,,,,,,,,,,,,,,,,,,,,0,24
1,Bobby Reid,14.0,jm JAM,LW,30-205,88,0,0,0,0,0,0,0,0,26,0,0,1,0.0,0.0,0.1,1,0,11,20,55.0,2,18,3,2,0,,,,,,,,,,,,,,,,,,,,,0,24
2,Tosin Adarabioyo,4.0,eng ENG,CB,25-336,2,0,0,0,0,0,0,0,0,5,0,0,1,0.0,0.0,0.0,0,0,0,0,,0,0,0,0,0,,,,,,,,,,,,,,,,,,,,,0,24
3,Harry Wilson,8.0,wls WAL,RW,26-157,70,0,0,0,0,1,0,0,0,23,0,0,2,0.0,0.0,0.0,2,0,13,16,81.3,1,11,0,1,0,,,,,,,,,,,,,,,,,,,,,0,24
4,Adama Traoré,11.0,es ESP,"RW,CM",27-213,20,0,0,0,0,1,1,0,0,7,0,0,0,0.2,0.2,0.0,0,0,1,2,50.0,0,5,1,1,0,,,,,,,,,,,,,,,,,,,,,0,24
5,Andreas Pereira,18.0,br BRA,LM,27-237,62,1,0,0,0,1,1,0,0,16,0,0,0,0.0,0.0,0.0,1,0,8,12,66.7,0,9,0,0,0,,,,,,,,,,,,,,,,,,,,,0,24
6,Tom Cairney,10.0,sct SCO,"LM,CM",32-218,28,0,0,0,0,0,0,0,0,13,0,0,0,0.0,0.0,0.0,0,0,10,13,76.9,0,8,1,1,1,,,,,,,,,,,,,,,,,,,,,0,24
7,João Palhinha,26.0,pt POR,"CM,CB",28-048,90,1,0,0,0,2,1,0,0,48,6,1,2,0.1,0.1,0.0,0,0,27,33,81.8,1,19,0,0,0,,,,,,,,,,,,,,,,,,,,,0,24
8,Saša Lukić,28.0,rs SRB,RM,27-013,69,0,0,0,0,1,0,1,0,22,2,1,0,0.0,0.0,0.0,2,0,12,14,85.7,2,4,0,1,0,,,,,,,,,,,,,,,,,,,,,0,24
9,Harrison Reed,6.0,eng ENG,"RM,CM",28-211,21,0,1,0,0,0,0,0,0,7,0,0,0,0.0,0.0,0.1,1,1,4,7,57.1,0,2,0,0,0,,,,,,,,,,,,,,,,,,,,,0,24
10,Antonee Robinson,33.0,us USA,LB,26-018,90,0,0,0,0,0,0,0,0,40,3,0,1,0.0,0.0,0.2,1,0,19,30,63.3,3,15,2,0,0,,,,,,,,,,,,,,,,,,,,,0,24
11,Calvin Bassey,3.0,ng NGA,CB,23-238,82,0,0,0,0,0,0,2,1,44,1,2,0,0.0,0.0,0.0,0,0,21,35,60.0,0,23,0,1,0,,,,,,,,,,,,,,,,,,,,,0,24
12,Issa Diop,31.0,fr FRA,CB,26-229,90,0,0,0,0,0,0,0,0,43,0,1,2,0.0,0.0,0.0,0,0,25,28,89.3,2,20,0,0,0,,,,,,,,,,,,,,,,,,,,,0,24
13,Kenny Tete,2.0,nl NED,RB,27-321,90,0,0,0,0,0,0,1,0,33,3,1,0,0.0,0.0,0.0,0,0,17,22,77.3,1,7,1,0,0,,,,,,,,,,,,,,,,,,,,,0,24
14,Bernd Leno,17.0,de GER,GK,31-175,90,0,0,0,0,0,0,0,0,48,0,0,0,0.0,0.0,0.0,0,0,31,44,70.5,0,29,0,0,0,10.0,2.0,8.0,90.0,2.0,10.0,19.0,52.6,37.0,7.0,37.8,33.8,6.0,83.3,55.3,27.0,0.0,0.0,1.0,12.5,0,24
0,Evan Ferguson,28.0,ie IRL,FW,18-311,90,0,0,0,0,6,4,0,0,32,0,0,0,0.6,0.6,0.0,2,0,19,21,90.5,1,21,0,1,0,,,,,,,,,,,,,,,,,,,,,1,25
1,Kaoru Mitoma,22.0,jp JPN,LW,26-098,90,0,0,0,0,2,0,1,0,51,0,0,1,0.1,0.1,0.2,2,0,33,43,76.7,2,40,12,5,3,,,,,,,,,,,,,,,,,,,,,1,25
2,Solly March,7.0,eng ENG,RW,29-037,71,0,0,0,0,2,0,0,0,53,1,1,1,0.1,0.1,0.1,5,0,38,46,82.6,6,30,1,2,1,,,,,,,,,,,,,,,,,,,,,1,25
3,Simon Adingra,24.0,ci CIV,RW,21-237,19,0,0,0,0,0,0,0,0,17,3,0,1,0.0,0.0,0.1,1,0,8,12,66.7,0,10,2,3,1,,,,,,,,,,,,,,,,,,,,,1,25
4,Danny Welbeck,18.0,eng ENG,AM,32-273,59,0,0,0,0,1,0,0,0,26,1,0,1,0.0,0.0,0.1,4,0,18,21,85.7,2,20,1,1,0,,,,,,,,,,,,,,,,,,,,,1,25
5,João Pedro,9.0,br BRA,AM,21-334,31,0,0,0,0,2,0,0,0,37,1,0,1,0.1,0.1,0.1,1,0,21,29,72.4,4,26,4,0,0,,,,,,,,,,,,,,,,,,,,,1,25
6,Billy Gilmour,11.0,sct SCO,DM,22-076,59,0,0,0,0,2,0,0,0,72,0,0,2,0.2,0.2,0.1,6,0,62,66,93.9,14,42,3,0,0,,,,,,,,,,,,,,,,,,,,,1,25
7,Adam Lallana,14.0,eng ENG,DM,35-108,31,0,0,0,0,0,0,0,0,28,1,0,0,0.0,0.0,0.0,3,0,21,24,87.5,2,18,0,0,0,,,,,,,,,,,,,,,,,,,,,1,25
8,Pascal Groß,13.0,de GER,DM,32-072,90,1,0,0,0,5,4,0,0,131,1,0,2,0.2,0.2,0.2,12,1,102,122,83.6,26,92,4,1,1,,,,,,,,,,,,,,,,,,,,,1,25
9,Pervis Estupiñán,30.0,ec ECU,LB,25-217,90,0,0,0,0,0,0,0,0,86,0,2,0,0.0,0.0,0.1,4,0,66,81,81.5,9,64,5,3,1,,,,,,,,,,,,,,,,,,,,,1,25
10,Lewis Dunk,5.0,eng ENG,CB,31-278,90,0,0,0,0,4,1,0,0,142,2,0,0,0.1,0.1,0.0,3,0,118,130,90.8,16,118,6,0,0,,,,,,,,,,,,,,,,,,,,,1,25
11,Adam Webster,4.0,eng ENG,CB,28-234,90,0,0,0,0,0,0,0,0,118,1,1,0,0.0,0.0,0.0,2,0,100,113,88.5,15,99,4,0,0,,,,,,,,,,,,,,,,,,,,,1,25
12,James Milner,6.0,eng ENG,RB,37-234,71,0,0,0,0,0,0,0,0,75,1,2,1,0.0,0.0,0.0,0,0,52,63,82.5,10,54,0,1,0,,,,,,,,,,,,,,,,,,,,,1,25
13,Joël Veltman,34.0,nl NED,RB,31-223,19,0,1,0,0,1,1,0,0,11,0,0,0,0.1,0.1,0.0,1,1,8,10,80.0,2,8,0,0,0,,,,,,,,,,,,,,,,,,,,,1,25
14,Bart Verbruggen,1.0,nl NED,GK,21-008,90,0,0,0,0,0,0,0,0,32,0,0,0,0.0,0.0,0.0,1,0,31,31,100.0,0,21,0,0,0,7.0,3.0,4.0,57.1,2.9,1.0,1.0,100.0,26.0,6.0,3.8,19.2,5.0,0.0,15.6,8.0,1.0,12.5,1.0,10.0,1,25
0,Michail Antonio,9.0,jm JAM,FW,33-151,78,1,0,0,0,3,2,0,0,22,1,0,1,0.7,0.7,0.3,3,2,7,10,70.0,0,11,3,4,3,,,,,,,,,,,,,,,,,,,,,0,25
1,Thilo Kehrer,24.0,de GER,CB,26-339,12,0,0,0,0,0,0,1,0,3,0,0,2,0.0,0.0,0.0,0,0,1,1,100.0,0,0,0,0,0,,,,,,,,,,,,,,,,,,,,,0,25
2,Lucas Paquetá,10.0,br BRA,"CM,LM,RM",25-364,84,0,0,0,0,2,1,0,0,39,2,3,1,0.3,0.3,0.6,2,0,11,21,52.4,3,11,0,1,0,,,,,,,,,,,,,,,,,,,,,0,25
3,Danny Ings,18.0,eng ENG,FW,31-034,6,0,0,0,0,0,0,0,0,4,0,0,1,0.0,0.0,0.0,0,0,2,3,66.7,0,3,0,0,0,,,,,,,,,,,,,,,,,,,,,0,25
4,James Ward-Prowse,7.0,eng ENG,CM,28-298,90,1,0,0,0,3,2,1,0,43,0,4,2,0.8,0.8,0.0,4,1,21,31,67.7,3,5,0,0,0,,,,,,,,,,,,,,,,,,,,,0,25
5,Tomáš Souček,28.0,cz CZE,CM,28-180,38,0,0,0,0,0,0,0,0,8,1,2,0,0.0,0.0,0.0,1,0,2,2,100.0,1,2,0,0,0,,,,,,,,,,,,,,,,,,,,,0,25
6,Saïd Benrahma,22.0,dz ALG,LM,28-016,52,0,1,0,0,0,0,0,0,40,1,0,1,0.0,0.0,0.7,7,1,25,29,86.2,7,21,5,7,3,,,,,,,,,,,,,,,,,,,,,0,25
7,Jarrod Bowen,20.0,eng ENG,"RM,FW",26-249,90,1,1,0,0,3,2,0,0,29,2,2,0,1.2,1.2,0.1,1,1,11,16,68.8,4,16,4,4,1,,,,,,,,,,,,,,,,,,,,,0,25
8,Edson Álvarez,19.0,mx MEX,"DM,CM",25-306,83,0,0,0,0,0,0,1,0,27,1,2,2,0.0,0.0,0.0,0,0,8,15,53.3,1,7,0,1,1,,,,,,,,,,,,,,,,,,,,,0,25
9,Pablo Fornals,8.0,es ESP,CM,27-185,7,0,0,0,0,0,0,0,0,8,0,1,0,0.0,0.0,0.0,0,0,6,7,85.7,1,6,0,1,0,,,,,,,,,,,,,,,,,,,,,0,25
10,Emerson Palmieri,33.0,it ITA,LB,29-023,90,0,0,0,0,1,0,0,0,35,2,2,0,0.0,0.0,0.5,1,0,14,21,66.7,0,17,1,2,1,,,,,,,,,,,,,,,,,,,,,0,25
11,Angelo Ogbonna,21.0,it ITA,CB,35-095,90,0,0,0,0,0,0,0,0,29,1,1,5,0.0,0.0,0.0,0,0,14,17,82.4,1,10,0,0,0,,,,,,,,,,,,,,,,,,,,,0,25
12,Kurt Zouma,4.0,fr FRA,CB,28-303,90,0,0,0,0,0,0,0,0,30,2,2,3,0.0,0.0,0.0,1,0,5,11,45.5,1,4,0,0,0,,,,,,,,,,,,,,,,,,,,,0,25
13,Vladimír Coufal,5.0,cz CZE,RB,31-004,90,0,0,0,0,0,0,0,0,30,2,0,1,0.0,0.0,0.0,1,0,12,18,66.7,3,7,0,0,0,,,,,,,,,,,,,,,,,,,,,0,25
14,Alphonse Areola,23.0,fr FRA,GK,30-180,90,0,0,0,0,0,0,0,0,39,0,0,0,0.0,0.0,0.0,0,0,14,33,42.4,0,14,0,0,0,10.0,1.0,9.0,90.0,1.9,7.0,24.0,29.2,20.0,6.0,70.0,46.9,12.0,83.3,52.3,32.0,1.0,3.1,0.0,4.0,0,25
0,Bénie Adama Traore,11.0,ci CIV,FW,20-270,90,0,0,0,0,0,0,0,0,23,0,0,0,0.0,0.0,0.0,2,1,8,14,57.1,0,16,2,5,1,,,,,,,,,,,,,,,,,,,,,1,26
1,William Osula,32.0,dk DEN,FW,20-023,70,0,0,0,0,0,0,1,0,20,0,0,0,0.0,0.0,0.0,0,0,3,11,27.3,0,8,1,2,0,,,,,,,,,,,,,,,,,,,,,1,26
2,Oliver McBurnie,9.0,sct SCO,FW,27-084,20,0,0,0,0,1,0,0,0,11,0,0,0,0.0,0.0,0.3,1,0,2,8,25.0,0,5,0,0,0,,,,,,,,,,,,,,,,,,,,,1,26
3,Gustavo Hamer,8.0,nl NED,CM,26-064,90,0,0,0,0,1,0,0,0,24,1,0,0,0.2,0.2,0.1,1,0,15,19,78.9,2,8,3,0,0,,,,,,,,,,,,,,,,,,,,,1,26
4,Oliver Norwood,16.0,nir NIR,CM,32-137,79,0,0,0,0,0,0,0,0,27,2,0,2,0.0,0.0,0.0,1,0,12,16,75.0,0,6,0,0,0,,,,,,,,,,,,,,,,,,,,,1,26
5,Chris Basham,6.0,eng ENG,CM,35-038,11,0,0,0,0,0,0,0,0,3,1,0,0,0.0,0.0,0.0,0,0,1,1,100.0,0,0,0,0,0,,,,,,,,,,,,,,,,,,,,,1,26
6,Vinicius Souza,21.0,br BRA,CM,24-071,90,0,0,0,0,0,0,1,0,30,2,1,2,0.0,0.0,0.0,0,0,14,17,82.4,0,8,0,2,2,,,,,,,,,,,,,,,,,,,,,1,26
7,Ben Osborn,23.0,eng ENG,WB,29-022,16,0,0,0,0,0,0,0,0,5,0,0,0,0.0,0.0,0.0,0,0,2,4,50.0,1,1,0,0,0,,,,,,,,,,,,,,,,,,,,,1,26
8,Yasser Larouci,27.0,fr FRA,WB,22-238,74,0,0,0,0,1,0,0,0,23,0,0,3,0.1,0.1,0.0,2,0,9,13,69.2,0,7,1,2,1,,,,,,,,,,,,,,,,,,,,,1,26
9,George Baldock,2.0,gr GRE,WB,30-171,70,0,0,0,0,0,0,1,0,27,2,0,1,0.0,0.0,0.0,0,0,9,14,64.3,1,5,0,1,0,,,,,,,,,,,,,,,,,,,,,1,26
10,Jayden Bogle,20.0,eng ENG,WB,23-031,20,1,0,0,0,1,1,0,0,11,1,0,0,0.1,0.1,0.0,0,0,6,7,85.7,0,3,0,1,1,,,,,,,,,,,,,,,,,,,,,1,26
11,Jack Robinson,19.0,eng ENG,CB,29-360,90,0,0,0,0,0,0,0,0,27,1,1,1,0.0,0.0,0.0,0,0,17,21,81.0,0,10,0,0,0,,,,,,,,,,,,,,,,,,,,,1,26
12,John Egan,12.0,ie IRL,CB,30-311,90,0,0,0,0,0,0,1,0,25,0,2,1,0.0,0.0,0.0,0,0,13,16,81.3,0,6,0,0,0,,,,,,,,,,,,,,,,,,,,,1,26
13,Anel Ahmedhodžić,15.0,ba BIH,CB,24-154,90,0,0,0,0,2,0,0,0,29,1,1,4,0.3,0.3,0.0,0,0,13,17,76.5,1,6,0,0,0,,,,,,,,,,,,,,,,,,,,,1,26
14,Wes Foderingham,18.0,eng ENG,GK,32-225,90,0,0,0,0,0,0,0,0,40,0,0,0,0.0,0.0,0.0,0,0,24,35,68.6,0,16,0,1,1,9.0,2.0,7.0,77.8,2.5,12.0,22.0,54.5,21.0,4.0,57.1,38.2,14.0,71.4,50.4,24.0,0.0,0.0,0.0,,1,26
0,Erling Haaland,9.0,no NOR,FW,23-037,90,1,0,0,1,7,3,0,0,23,0,0,0,2.1,1.3,0.1,2,1,6,11,54.5,0,15,0,1,1,,,,,,,,,,,,,,,,,,,,,0,26
1,Jack Grealish,10.0,eng ENG,LW,27-351,90,0,1,0,0,2,0,0,0,63,1,0,1,0.3,0.3,0.5,7,1,48,53,90.6,2,47,10,3,1,,,,,,,,,,,,,,,,,,,,,0,26
2,Bernardo Silva,20.0,pt POR,"RW,DM",29-017,90,0,0,0,0,0,0,0,0,61,1,0,1,0.0,0.0,0.7,11,0,47,55,85.5,9,50,11,2,1,,,,,,,,,,,,,,,,,,,,,0,26
3,Julián Álvarez,19.0,ar ARG,AM,23-208,90,0,0,0,0,8,3,0,0,67,0,1,3,0.7,0.7,0.2,3,0,34,52,65.4,4,44,1,0,0,,,,,,,,,,,,,,,,,,,,,0,26
4,Mateo Kovačić,8.0,hr CRO,DM,29-113,85,0,0,0,0,2,1,0,0,85,1,0,2,0.1,0.1,0.4,8,1,68,76,89.5,12,67,5,2,1,,,,,,,,,,,,,,,,,,,,,0,26
5,Phil Foden,47.0,eng ENG,RW,23-091,5,0,1,0,0,1,0,0,0,12,1,0,0,0.0,0.0,0.3,3,0,9,9,100.0,2,11,0,2,1,,,,,,,,,,,,,,,,,,,,,0,26
6,Rodri,16.0,es ESP,DM,27-066,90,1,0,0,0,5,2,0,0,133,3,1,1,0.3,0.3,0.0,7,0,114,119,95.8,12,100,2,3,2,,,,,,,,,,,,,,,,,,,,,0,26
7,Joško Gvardiol,24.0,hr CRO,LB,21-216,90,0,0,0,0,0,0,0,0,108,1,0,0,0.0,0.0,0.0,3,0,93,102,91.2,9,79,6,1,0,,,,,,,,,,,,,,,,,,,,,0,26
8,Nathan Aké,6.0,nl NED,CB,28-190,90,0,0,0,0,1,0,0,0,89,1,2,0,0.1,0.1,0.0,2,0,79,81,97.5,4,66,1,0,0,,,,,,,,,,,,,,,,,,,,,0,26
9,Rúben Dias,3.0,pt POR,CB,26-105,90,0,0,0,0,1,0,0,0,124,2,0,1,0.0,0.0,0.0,5,0,110,116,94.8,9,105,1,0,0,,,,,,,,,,,,,,,,,,,,,0,26
10,Kyle Walker,2.0,eng ENG,RB,33-091,90,0,0,0,0,2,0,0,0,95,1,0,1,0.0,0.0,0.3,7,1,72,86,83.7,12,68,5,3,2,,,,,,,,,,,,,,,,,,,,,0,26
11,Ederson,31.0,br BRA,GK,30-010,90,0,0,0,0,0,0,0,0,33,0,0,0,0.0,0.0,0.0,0,0,27,33,81.8,0,24,0,0,0,1.0,1.0,0.0,0.0,0.4,2.0,7.0,28.6,27.0,3.0,18.5,28.5,6.0,33.3,39.3,2.0,0.0,0.0,1.0,23.0,0,26
0,Lyle Foster,17.0,za RSA,FW,22-358,80,1,0,0,0,1,1,0,0,19,1,0,0,0.1,0.1,0.0,0,0,10,14,71.4,0,12,3,0,0,,,,,,,,,,,,,,,,,,,,,1,27
1,Jay Rodriguez,9.0,eng ENG,FW,34-029,10,0,0,0,0,2,0,0,0,4,0,0,0,0.5,0.5,0.0,0,0,1,2,50.0,0,2,0,0,0,,,,,,,,,,,,,,,,,,,,,1,27
2,Zeki Amdouni,25.0,ch SUI,"FW,AM",22-266,80,0,0,0,0,2,0,0,0,25,1,0,1,0.1,0.1,0.0,1,0,15,16,93.8,3,13,1,3,1,,,,,,,,,,,,,,,,,,,,,1,27
3,Jacob Bruun Larsen,34.0,dk DEN,WB,24-342,10,0,0,0,0,0,0,0,0,8,0,0,0,0.0,0.0,0.0,0,0,7,8,87.5,0,6,0,0,0,,,,,,,,,,,,,,,,,,,,,1,27
4,Luca Koleosho,30.0,it ITA,LM,18-346,67,0,0,0,0,2,0,0,0,40,1,0,0,0.0,0.0,0.0,3,0,24,34,70.6,4,31,6,6,3,,,,,,,,,,,,,,,,,,,,,1,27
5,Nathan Redmond,15.0,eng ENG,"AM,WB",29-174,23,0,0,0,0,0,0,0,0,15,1,0,0,0.0,0.0,0.0,0,0,8,12,66.7,0,8,2,0,0,,,,,,,,,,,,,,,,,,,,,1,27
6,Sander Berge,16.0,no NOR,CM,25-194,67,0,0,0,0,0,0,1,0,34,1,0,0,0.0,0.0,0.0,1,0,25,27,92.6,0,22,0,1,0,,,,,,,,,,,,,,,,,,,,,1,27
7,Aaron Ramsey,21.0,eng ENG,FW,20-218,23,0,0,0,0,0,0,0,0,6,0,0,0,0.0,0.0,0.0,0,0,4,5,80.0,1,5,0,0,0,,,,,,,,,,,,,,,,,,,,,1,27
8,Josh Cullen,24.0,ie IRL,CM,27-142,90,0,0,0,0,0,0,1,0,84,2,1,1,0.0,0.0,0.3,2,0,63,78,80.8,4,62,0,1,0,,,,,,,,,,,,,,,,,,,,,1,27
9,Benson Manuel,10.0,be BEL,RM,26-152,45,0,0,0,0,0,0,0,0,16,1,0,0,0.0,0.0,0.0,0,0,9,13,69.2,0,13,0,2,2,,,,,,,,,,,,,,,,,,,,,1,27
10,Jóhann Berg Guðmundsson,7.0,is ISL,"WB,RM",32-304,45,0,1,0,0,0,0,0,0,37,0,1,0,0.0,0.0,0.2,4,1,28,34,82.4,5,25,0,1,1,,,,,,,,,,,,,,,,,,,,,1,27
11,Hannes Delcroix,44.0,be BEL,"CB,LB",24-180,90,0,0,0,0,2,1,0,0,101,0,3,0,0.1,0.1,0.1,3,0,86,92,93.5,6,77,0,0,0,,,,,,,,,,,,,,,,,,,,,1,27
12,Dara O'Shea,2.0,ie IRL,CB,24-176,90,0,0,0,0,0,0,0,0,121,1,4,2,0.0,0.0,0.0,1,0,102,109,93.6,6,93,1,0,0,,,,,,,,,,,,,,,,,,,,,1,27
13,Ameen Al-Dakhil,28.0,be BEL,"CB,RB",21-174,90,0,0,0,0,0,0,0,0,86,0,1,0,0.0,0.0,0.0,0,0,72,83,86.7,8,71,2,1,1,,,,,,,,,,,,,,,,,,,,,1,27
14,Connor Roberts,14.0,wls WAL,"RB,CM,LB",27-338,90,0,0,0,0,0,0,0,0,87,1,1,2,0.0,0.0,0.0,1,1,74,82,90.2,9,71,0,0,0,,,,,,,,,,,,,,,,,,,,,1,27
15,James Trafford,1.0,eng ENG,GK,20-321,90,0,0,0,0,0,0,0,0,29,0,0,0,0.0,0.0,0.0,0,0,25,27,92.6,1,17,0,0,0,6.0,3.0,3.0,50.0,3.8,2.0,4.0,50.0,23.0,7.0,17.4,24.4,4.0,0.0,12.3,9.0,0.0,0.0,4.0,35.8,1,27
0,Ollie Watkins,11.0,eng ENG,FW,27-240,85,0,1,0,0,5,2,0,0,30,0,0,0,0.9,0.9,0.9,4,1,15,20,75.0,0,15,2,1,0,,,,,,,,,,,,,,,,,,,,,0,27
1,Jhon Durán,24.0,co COL,FW,19-257,5,0,0,0,0,0,0,0,0,3,0,0,0,0.0,0.0,0.0,0,0,1,2,50.0,0,1,1,0,0,,,,,,,,,,,,,,,,,,,,,0,27
2,John McGinn,7.0,sct SCO,AM,28-313,90,0,0,0,0,0,0,0,0,43,1,0,1,0.0,0.0,0.3,4,1,30,38,78.9,8,21,1,3,2,,,,,,,,,,,,,,,,,,,,,0,27
3,Moussa Diaby,19.0,fr FRA,AM,24-051,72,1,1,0,0,2,1,0,0,32,0,0,0,0.2,0.2,0.7,2,1,22,25,88.0,1,15,2,1,1,,,,,,,,,,,,,,,,,,,,,0,27
4,Nicolò Zaniolo,22.0,it ITA,AM,24-056,18,0,0,0,0,2,0,0,0,13,0,0,1,0.2,0.2,0.0,2,0,8,9,88.9,1,10,1,1,0,,,,,,,,,,,,,,,,,,,,,0,27
5,Douglas Luiz,6.0,br BRA,CM,25-110,85,0,0,0,0,0,0,0,0,57,1,0,1,0.0,0.0,0.2,3,0,39,51,76.5,3,25,4,0,0,,,,,,,,,,,,,,,,,,,,,0,27
6,Youri Tielemans,8.0,be BEL,CM,26-112,5,0,0,0,0,0,0,0,0,1,0,0,0,0.0,0.0,0.0,0,0,1,1,100.0,0,1,0,0,0,,,,,,,,,,,,,,,,,,,,,0,27
7,Boubacar Kamara,44.0,fr FRA,CM,23-277,90,0,0,0,0,0,0,0,0,66,3,1,1,0.0,0.0,0.3,2,0,54,59,91.5,5,36,1,2,2,,,,,,,,,,,,,,,,,,,,,0,27
8,Lucas Digne,12.0,fr FRA,WB,30-038,80,0,1,0,0,0,0,0,0,35,0,2,0,0.0,0.0,0.1,2,1,23,30,76.7,3,14,1,1,0,,,,,,,,,,,,,,,,,,,,,0,27
9,Bertrand Traoré,9.0,bf BFA,WB,27-355,10,0,0,0,0,0,0,0,0,3,0,0,0,0.0,0.0,0.0,0,0,1,2,50.0,0,2,0,0,0,,,,,,,,,,,,,,,,,,,,,0,27
10,Matty Cash,2.0,pl POL,WB,26-020,90,2,0,0,0,6,3,0,0,52,3,0,0,1.3,1.3,0.0,4,1,28,35,80.0,2,33,3,2,2,,,,,,,,,,,,,,,,,,,,,0,27
11,Pau Torres,14.0,es ESP,CB,26-223,90,0,0,0,0,0,0,0,0,52,1,0,1,0.0,0.0,0.0,1,0,44,47,93.6,1,30,0,1,1,,,,,,,,,,,,,,,,,,,,,0,27
12,Diego Carlos,3.0,br BRA,CB,30-165,90,0,0,0,0,1,0,0,0,80,2,2,0,0.1,0.1,0.0,0,0,53,69,76.8,2,45,0,2,1,,,,,,,,,,,,,,,,,,,,,0,27
13,Ezri Konsa,4.0,eng ENG,CB,25-308,90,0,0,0,0,0,0,0,0,64,4,1,1,0.0,0.0,0.0,0,0,46,52,88.5,2,25,1,1,1,,,,,,,,,,,,,,,,,,,,,0,27
14,Robin Olsen,25.0,se SWE,GK,33-231,90,0,0,0,0,0,0,0,0,39,0,0,0,0.0,0.0,0.0,0,0,30,39,76.9,0,24,0,0,0,2.0,1.0,1.0,50.0,0.5,5.0,12.0,41.7,37.0,3.0,29.7,28.0,2.0,50.0,35.0,11.0,0.0,0.0,1.0,23.0,0,27
0,Alexander Isak,14.0,se SWE,FW,23-340,71,0,0,0,0,1,1,0,0,7,0,0,0,0.2,0.2,0.1,2,0,4,5,80.0,1,6,0,0,0,,,,,,,,,,,,,,,,,,,,,1,28
1,Callum Wilson,9.0,eng ENG,FW,31-181,19,0,0,0,0,2,0,0,0,6,0,0,0,0.1,0.1,0.0,0,0,0,2,0.0,0,2,0,0,0,,,,,,,,,,,,,,,,,,,,,1,28
2,Anthony Gordon,10.0,eng ENG,LW,22-184,71,1,0,0,0,4,3,0,0,40,1,0,1,0.6,0.6,0.2,5,0,25,28,89.3,3,29,8,7,3,,,,,,,,,,,,,,,,,,,,,1,28
3,Harvey Barnes,15.0,eng ENG,LW,25-261,19,0,0,0,0,1,0,0,0,11,0,0,0,0.1,0.1,0.0,1,0,6,9,66.7,1,8,2,0,0,,,,,,,,,,,,,,,,,,,,,1,28
4,Miguel Almirón,24.0,py PAR,RW,29-198,90,0,0,0,0,6,1,0,0,45,1,1,1,0.5,0.5,0.0,3,0,31,36,86.1,3,30,6,0,0,,,,,,,,,,,,,,,,,,,,,1,28
5,Joelinton,7.0,br BRA,LM,27-013,81,0,0,0,0,1,1,0,0,44,2,1,2,0.1,0.1,0.2,5,0,30,34,88.2,3,24,3,1,1,,,,,,,,,,,,,,,,,,,,,1,28
6,Elliot Anderson,32.0,sct SCO,LM,20-294,9,0,0,0,0,0,0,0,0,9,1,0,0,0.0,0.0,0.0,1,0,7,7,100.0,1,6,0,0,0,,,,,,,,,,,,,,,,,,,,,1,28
7,Bruno Guimarães,39.0,br BRA,CM,25-284,90,0,0,0,0,1,0,0,0,90,5,0,1,0.0,0.0,0.1,4,0,64,76,84.2,11,66,3,3,2,,,,,,,,,,,,,,,,,,,,,1,28
8,Sandro Tonali,8.0,it ITA,RM,23-111,71,0,0,0,0,1,0,0,0,45,2,0,0,0.0,0.0,0.0,1,0,28,39,71.8,0,28,1,4,2,,,,,,,,,,,,,,,,,,,,,1,28
9,Sean Longstaff,36.0,eng ENG,RM,25-301,19,0,0,0,0,2,2,0,0,10,0,0,0,0.2,0.2,0.0,2,0,6,6,100.0,1,4,0,0,0,,,,,,,,,,,,,,,,,,,,,1,28
10,Dan Burn,33.0,eng ENG,"LB,CB",31-110,90,0,0,0,0,0,0,0,0,66,3,0,1,0.0,0.0,0.1,2,0,51,57,89.5,3,38,1,0,0,,,,,,,,,,,,,,,,,,,,,1,28
11,Sven Botman,4.0,nl NED,CB,23-227,86,0,0,0,0,2,0,0,0,97,2,2,2,0.1,0.1,0.0,1,0,78,85,91.8,3,65,0,0,0,,,,,,,,,,,,,,,,,,,,,1,28
12,Matt Targett,13.0,eng ENG,LB,27-343,4,0,0,0,0,0,0,0,0,7,0,0,0,0.0,0.0,0.0,3,0,7,7,100.0,0,6,0,0,0,,,,,,,,,,,,,,,,,,,,,1,28
13,Fabian Schär,5.0,ch SUI,CB,31-250,90,0,0,0,0,1,0,0,0,98,0,0,0,0.1,0.1,0.0,2,0,86,96,89.6,3,72,0,0,0,,,,,,,,,,,,,,,,,,,,,1,28
14,Kieran Trippier,2.0,eng ENG,RB,32-342,90,0,0,0,0,0,0,1,0,110,2,1,0,0.0,0.0,0.3,8,0,86,105,81.9,11,63,5,3,2,,,,,,,,,,,,,,,,,,,,,1,28
15,Nick Pope,22.0,eng ENG,GK,31-130,90,0,0,0,0,1,0,0,0,36,0,0,0,0.0,0.0,0.0,1,0,24,31,77.4,0,20,0,0,0,4.0,2.0,2.0,50.0,1.8,4.0,10.0,40.0,25.0,7.0,32.0,27.9,6.0,33.3,29.3,13.0,1.0,7.7,10.0,26.8,1,28
0,Cody Gakpo,18.0,nl NED,"FW,LM",24-112,57,0,0,0,0,0,0,0,0,19,0,1,2,0.0,0.0,0.0,1,0,5,8,62.5,2,14,2,4,1,,,,,,,,,,,,,,,,,,,,,0,28
1,Diogo Jota,20.0,pt POR,LM,26-266,33,0,0,0,0,0,0,0,0,19,0,0,0,0.0,0.0,0.1,1,0,9,14,64.3,2,11,4,0,0,,,,,,,,,,,,,,,,,,,,,0,28
2,Luis Díaz,7.0,co COL,LW,26-226,32,0,0,0,0,1,1,0,0,7,0,0,0,0.1,0.1,0.0,1,0,2,4,50.0,0,7,1,1,1,,,,,,,,,,,,,,,,,,,,,0,28
3,Joe Gomez,2.0,eng ENG,CB,26-096,58,0,0,0,0,1,0,0,0,41,0,1,1,0.0,0.0,0.0,1,0,27,30,90.0,1,23,0,0,0,,,,,,,,,,,,,,,,,,,,,0,28
4,Mohamed Salah,11.0,eg EGY,"FW,RW,RM",31-073,90,0,1,0,0,2,1,0,0,36,1,1,0,0.2,0.2,0.4,4,2,23,24,95.8,1,28,1,5,3,,,,,,,,,,,,,,,,,,,,,0,28
5,Alexis Mac Allister,10.0,ar ARG,"CM,LM",24-246,76,0,0,0,0,0,0,0,0,36,2,4,4,0.0,0.0,0.0,1,0,23,27,85.2,1,17,2,0,0,,,,,,,,,,,,,,,,,,,,,0,28
6,Darwin Núñez,9.0,uy URU,FW,24-064,14,2,0,0,0,2,2,1,0,8,0,0,0,0.4,0.4,0.0,0,0,4,6,66.7,1,4,0,0,0,,,,,,,,,,,,,,,,,,,,,0,28
7,Wataru Endo,3.0,jp JPN,CM,30-199,57,0,0,0,0,0,0,0,0,36,2,0,1,0.0,0.0,0.0,1,0,28,32,87.5,1,17,0,0,0,,,,,,,,,,,,,,,,,,,,,0,28
8,Harvey Elliott,19.0,eng ENG,"CM,RM",20-145,33,0,0,0,0,0,0,0,0,20,0,0,1,0.0,0.0,0.0,0,0,15,16,93.8,1,10,0,0,0,,,,,,,,,,,,,,,,,,,,,0,28
9,Dominik Szoboszlai,8.0,hu HUN,"RM,CM",22-306,90,0,0,0,0,2,0,0,0,56,3,0,1,0.1,0.1,0.1,2,0,32,42,76.2,7,22,1,6,3,,,,,,,,,,,,,,,,,,,,,0,28
10,Andrew Robertson,26.0,sct SCO,LB,29-169,90,0,0,0,0,0,0,0,0,66,1,0,1,0.0,0.0,0.0,1,0,43,57,75.4,3,21,0,2,0,,,,,,,,,,,,,,,,,,,,,0,28
11,Virgil van Dijk,4.0,nl NED,CB,32-050,27,0,0,0,0,0,0,0,1,22,0,0,0,0.0,0.0,0.0,0,0,18,21,85.7,0,15,0,0,0,,,,,,,,,,,,,,,,,,,,,0,28
12,Joël Matip,32.0,cm CMR,CB,32-019,76,0,0,0,0,1,0,0,0,46,0,1,0,0.1,0.1,0.0,0,0,34,43,79.1,3,29,1,0,0,,,,,,,,,,,,,,,,,,,,,0,28
13,Jarrell Quansah,78.0,eng ENG,CB,20-210,14,0,0,0,0,0,0,0,0,8,1,0,0,0.0,0.0,0.0,0,0,3,5,60.0,0,6,0,1,0,,,,,,,,,,,,,,,,,,,,,0,28
14,Trent Alexander-Arnold,66.0,eng ENG,RB,24-324,90,0,0,0,0,0,0,1,0,59,2,0,1,0.0,0.0,0.1,3,1,35,50,70.0,3,20,3,2,2,,,,,,,,,,,,,,,,,,,,,0,28
15,Alisson,1.0,br BRA,GK,30-329,90,0,0,0,0,0,0,0,0,49,0,0,0,0.0,0.0,0.0,0,0,35,48,72.9,0,35,0,0,0,8.0,1.0,7.0,87.5,1.3,1.0,14.0,7.1,35.0,6.0,22.9,28.6,13.0,46.2,40.3,11.0,0.0,0.0,0.0,5.0,0,28
0,Carlton Morris,9.0,eng ENG,FW,27-259,90,0,1,0,0,2,0,0,0,52,2,0,2,0.2,0.2,0.1,4,1,18,36,50.0,2,16,1,1,0,,,,,,,,,,,,,,,,,,,,,1,29
1,Elijah Adebayo,11.0,eng ENG,FW,25-237,70,0,0,0,0,3,0,0,0,22,0,0,0,0.4,0.4,0.0,1,0,4,6,66.7,0,12,0,5,2,,,,,,,,,,,,,,,,,,,,,1,29
2,Jacob Brown,19.0,sct SCO,FW,25-144,20,0,0,0,0,0,0,0,0,2,0,0,0,0.0,0.0,0.0,0,0,0,2,0.0,0,2,1,0,0,,,,,,,,,,,,,,,,,,,,,1,29
3,Ross Barkley,6.0,eng ENG,CM,29-270,70,0,0,0,0,2,0,0,0,36,0,1,1,0.2,0.2,0.3,5,0,22,29,75.9,5,16,1,3,3,,,,,,,,,,,,,,,,,,,,,1,29
4,Pelly Ruddock Mpanzu,17.0,cd COD,CM,30-046,20,0,0,0,0,0,0,0,0,17,0,0,0,0.0,0.0,0.0,1,0,11,15,73.3,2,7,0,1,0,,,,,,,,,,,,,,,,,,,,,1,29
5,Marvelous Nakamba,13.0,zw ZIM,CM,29-225,90,0,0,0,0,0,0,1,0,69,2,2,2,0.0,0.0,0.2,2,0,48,56,85.7,6,29,0,1,0,,,,,,,,,,,,,,,,,,,,,1,29
6,Tahith Chong,14.0,nl NED,CM,23-271,83,0,0,0,0,2,0,0,0,39,0,0,2,0.2,0.2,0.0,1,0,22,27,81.5,6,22,2,5,0,,,,,,,,,,,,,,,,,,,,,1,29
7,Cauley Woodrow,10.0,eng ENG,CM,28-273,7,0,0,0,0,0,0,0,0,12,0,0,0,0.0,0.0,0.0,1,0,7,11,63.6,1,4,0,0,0,,,,,,,,,,,,,,,,,,,,,1,29
8,Ryan John Giles,26.0,eng ENG,LB,23-218,70,0,0,0,0,0,0,0,0,35,0,1,1,0.0,0.0,0.0,4,0,18,28,64.3,2,13,3,4,2,,,,,,,,,,,,,,,,,,,,,1,29
9,Issa Kaboré,12.0,bf BFA,RB,22-112,20,0,0,0,0,0,0,0,0,12,0,0,0,0.0,0.0,0.0,1,0,9,11,81.8,0,6,0,0,0,,,,,,,,,,,,,,,,,,,,,1,29
10,Amari'i Bell,29.0,jm JAM,CB,29-119,90,0,0,0,0,0,0,0,0,54,2,0,1,0.0,0.0,0.0,3,1,36,43,83.7,5,18,0,0,0,,,,,,,,,,,,,,,,,,,,,1,29
11,Mads Juel Andersen,5.0,dk DEN,CB,25-248,90,1,0,0,0,2,1,0,0,44,1,1,2,0.2,0.2,0.0,0,0,20,30,66.7,1,14,0,0,0,,,,,,,,,,,,,,,,,,,,,1,29
12,Reece Burke,16.0,eng ENG,CB,26-364,90,0,0,0,0,3,0,0,0,50,2,1,1,0.3,0.3,0.2,2,0,29,38,76.3,3,15,0,0,0,,,,,,,,,,,,,,,,,,,,,1,29
13,Alfie Doughty,45.0,eng ENG,"RB,LB",23-254,77,0,0,0,0,1,0,0,0,50,4,0,2,0.0,0.0,0.1,3,0,27,38,71.1,4,16,0,3,2,,,,,,,,,,,,,,,,,,,,,1,29
14,Chiedozie Ogbene,7.0,ie IRL,RB,26-123,13,0,0,0,0,1,0,0,0,14,1,1,0,0.0,0.0,0.0,1,0,8,10,80.0,0,10,4,1,0,,,,,,,,,,,,,,,,,,,,,1,29
15,Thomas Kaminski,24.0,be BEL,GK,30-313,90,0,0,0,0,0,0,0,0,39,0,0,0,0.0,0.0,0.0,0,0,16,39,41.0,0,19,0,0,0,3.0,2.0,1.0,33.3,1.3,8.0,30.0,26.7,36.0,1.0,77.8,48.7,3.0,66.7,53.3,12.0,1.0,8.3,1.0,18.5,1,29
0,Michail Antonio,9.0,jm JAM,FW,33-157,79,0,0,0,0,0,0,0,0,26,0,1,1,0.0,0.0,0.0,1,0,16,20,80.0,2,17,0,2,2,,,,,,,,,,,,,,,,,,,,,0,29
1,Danny Ings,18.0,eng ENG,FW,31-040,11,0,0,0,0,0,0,0,0,7,0,0,0,0.0,0.0,0.0,0,0,4,5,80.0,1,4,0,0,0,,,,,,,,,,,,,,,,,,,,,0,29
2,Saïd Benrahma,22.0,dz ALG,LW,28-022,71,0,0,0,0,5,1,0,0,52,1,1,0,0.2,0.2,0.0,2,0,26,37,70.3,3,35,5,4,1,,,,,,,,,,,,,,,,,,,,,0,29
3,Pablo Fornals,8.0,es ESP,LW,27-191,19,0,0,0,0,0,0,0,0,11,0,0,1,0.0,0.0,0.0,0,0,6,8,75.0,0,8,0,1,0,,,,,,,,,,,,,,,,,,,,,0,29
4,Jarrod Bowen,20.0,eng ENG,RW,26-255,90,1,0,0,0,2,1,0,0,45,0,0,0,0.5,0.5,0.0,2,0,23,35,65.7,2,27,2,5,3,,,,,,,,,,,,,,,,,,,,,0,29
5,Lucas Paquetá,10.0,br BRA,AM,26-005,89,0,1,0,0,0,0,0,0,87,6,1,2,0.0,0.0,0.4,2,2,62,78,79.5,13,57,0,1,0,,,,,,,,,,,,,,,,,,,,,0,29
6,Kudus Mohammed,14.0,gh GHA,AM,23-030,1,0,0,0,0,0,0,0,0,3,1,0,0,0.0,0.0,0.0,0,0,0,1,0.0,0,1,0,0,0,,,,,,,,,,,,,,,,,,,,,0,29
7,Edson Álvarez,19.0,mx MEX,DM,25-312,90,0,0,0,0,1,0,0,0,95,3,1,2,0.1,0.1,0.1,3,1,64,74,86.5,2,51,0,1,0,,,,,,,,,,,,,,,,,,,,,0,29
8,James Ward-Prowse,7.0,eng ENG,DM,28-304,90,0,1,0,0,0,0,0,0,87,1,1,2,0.0,0.0,0.2,3,1,68,81,84.0,5,47,1,2,2,,,,,,,,,,,,,,,,,,,,,0,29
9,Emerson Palmieri,33.0,it ITA,LB,29-029,90,0,0,0,0,0,0,1,0,79,2,0,1,0.0,0.0,0.0,3,0,58,71,81.7,4,49,2,1,0,,,,,,,,,,,,,,,,,,,,,0,29
10,Nayef Aguerd,27.0,ma MAR,CB,27-155,90,0,0,0,0,0,0,0,0,85,2,0,1,0.0,0.0,0.0,1,0,68,77,88.3,5,54,1,0,0,,,,,,,,,,,,,,,,,,,,,0,29
11,Kurt Zouma,4.0,fr FRA,CB,28-309,90,1,0,0,0,1,1,0,0,88,1,3,1,0.2,0.2,0.0,0,0,60,68,88.2,2,44,0,0,0,,,,,,,,,,,,,,,,,,,,,0,29
12,Vladimír Coufal,5.0,cz CZE,RB,31-010,90,0,0,0,0,0,0,0,0,89,5,1,1,0.0,0.0,0.0,1,0,55,76,72.4,4,39,3,0,0,,,,,,,,,,,,,,,,,,,,,0,29
13,Alphonse Areola,23.0,fr FRA,GK,30-186,90,0,0,0,0,0,0,0,0,26,0,0,0,0.0,0.0,0.0,0,0,16,24,66.7,0,10,0,0,0,1.0,1.0,0.0,0.0,0.8,3.0,11.0,27.3,13.0,5.0,15.4,26.8,11.0,81.8,55.8,26.0,3.0,11.5,1.0,9.6,0,29
0,Cameron Archer,10.0,eng ENG,FW,22-043,74,1,0,0,0,2,1,0,0,14,0,0,0,0.2,0.2,0.0,0,0,6,6,100.0,0,13,1,2,1,,,,,,,,,,,,,,,,,,,,,1,30
1,Bénie Adama Traore,11.0,ci CIV,FW,20-276,16,0,0,0,0,0,0,0,0,7,0,1,0,0.0,0.0,0.0,0,0,2,3,66.7,1,5,0,2,0,,,,,,,,,,,,,,,,,,,,,1,30
2,Oliver McBurnie,9.0,sct SCO,FW,27-090,90,0,1,0,0,2,2,0,0,33,1,1,4,0.4,0.4,0.1,2,1,14,22,63.6,1,19,0,2,1,,,,,,,,,,,,,,,,,,,,,1,30
3,Gustavo Hamer,8.0,nl NED,CM,26-070,90,0,0,0,0,2,1,0,0,49,2,0,3,0.2,0.2,0.1,6,1,27,41,65.9,6,28,1,1,0,,,,,,,,,,,,,,,,,,,,,1,30
4,Oliver Norwood,16.0,nir NIR,CM,32-143,90,0,0,0,0,1,0,0,0,71,2,0,0,0.0,0.0,0.2,5,0,46,65,70.8,4,40,0,0,0,,,,,,,,,,,,,,,,,,,,,1,30
5,Vinicius Souza,21.0,br BRA,CM,24-077,90,0,0,0,0,0,0,0,0,55,2,1,5,0.0,0.0,0.0,0,0,28,36,77.8,1,27,0,3,0,,,,,,,,,,,,,,,,,,,,,1,30
6,Yasser Larouci,27.0,fr FRA,WB,22-244,67,0,0,0,0,2,1,0,0,31,1,1,0,0.1,0.1,0.0,1,0,18,24,75.0,4,22,3,1,1,,,,,,,,,,,,,,,,,,,,,1,30
7,Luke Thomas,14.0,eng ENG,WB,22-084,23,0,0,0,0,1,1,0,0,11,1,0,0,0.2,0.2,0.0,1,0,6,9,66.7,0,6,0,0,0,,,,,,,,,,,,,,,,,,,,,1,30
8,George Baldock,2.0,gr GRE,WB,30-177,90,0,0,0,0,0,0,0,0,54,1,2,1,0.0,0.0,0.2,4,0,31,42,73.8,2,35,1,6,4,,,,,,,,,,,,,,,,,,,,,1,30
9,Jack Robinson,19.0,eng ENG,CB,30-001,90,0,0,0,0,2,0,0,0,70,1,1,1,0.1,0.1,0.0,0,0,43,57,75.4,5,38,0,1,0,,,,,,,,,,,,,,,,,,,,,1,30
10,John Egan,12.0,ie IRL,CB,30-317,67,0,0,0,0,1,1,0,0,56,3,0,3,0.1,0.1,0.0,0,0,31,40,77.5,0,29,0,0,0,,,,,,,,,,,,,,,,,,,,,1,30
11,Chris Basham,6.0,eng ENG,CB,35-044,23,0,0,0,0,0,0,0,0,17,0,1,0,0.0,0.0,0.0,1,0,6,13,46.2,1,8,0,0,0,,,,,,,,,,,,,,,,,,,,,1,30
12,Anel Ahmedhodžić,15.0,ba BIH,CB,24-160,90,0,0,0,0,0,0,1,0,57,2,3,3,0.0,0.0,0.0,0,0,29,40,72.5,2,28,0,1,0,,,,,,,,,,,,,,,,,,,,,1,30
13,Wes Foderingham,18.0,eng ENG,GK,32-231,90,0,0,0,0,0,0,0,0,38,0,0,0,0.0,0.0,0.0,0,0,30,37,81.1,0,24,0,0,0,6.0,2.0,4.0,66.7,2.8,4.0,10.0,40.0,30.0,9.0,26.7,29.6,7.0,28.6,27.9,20.0,1.0,5.0,2.0,24.3,1,30
0,Beto,14.0,gw GNB,FW,25-214,90,0,0,0,0,4,0,0,0,40,3,0,0,0.3,0.3,0.2,9,1,10,19,52.6,2,22,3,9,6,,,,,,,,,,,,,,,,,,,,,0,30
1,Abdoulaye Doucouré,16.0,ml MLI,FW,30-244,90,1,0,0,0,4,3,1,0,57,1,0,2,1.1,1.1,0.2,3,1,37,47,78.7,3,31,3,1,1,,,,,,,,,,,,,,,,,,,,,0,30
2,Arnaut Danjuma,10.0,nl NED,LM,26-214,90,1,0,0,0,5,2,0,0,34,1,0,0,1.1,1.1,0.1,2,0,19,27,70.4,1,28,4,1,1,,,,,,,,,,,,,,,,,,,,,0,30
3,Amadou Onana,8.0,be BEL,CM,22-017,90,0,0,0,0,1,0,0,0,55,2,0,1,0.0,0.0,0.8,3,0,37,47,78.7,6,34,3,0,0,,,,,,,,,,,,,,,,,,,,,0,30
4,Idrissa Gana Gueye,27.0,sn SEN,CM,33-341,90,0,0,0,0,0,0,0,0,65,3,1,1,0.0,0.0,0.0,1,0,50,57,87.7,7,39,2,2,1,,,,,,,,,,,,,,,,,,,,,0,30
5,James Garner,37.0,eng ENG,RM,22-173,74,0,0,0,0,0,0,0,0,23,2,0,2,0.0,0.0,0.0,1,0,9,17,52.9,3,15,0,3,0,,,,,,,,,,,,,,,,,,,,,0,30
6,Dwight McNeil,7.0,eng ENG,RM,23-284,16,0,0,0,0,1,0,0,0,10,0,1,1,0.0,0.0,0.0,1,0,7,8,87.5,0,10,0,0,0,,,,,,,,,,,,,,,,,,,,,0,30
7,Ashley Young,18.0,eng ENG,LB,38-055,90,0,0,0,0,1,1,0,0,98,4,1,2,0.1,0.1,0.1,2,0,50,82,61.0,6,50,3,1,0,,,,,,,,,,,,,,,,,,,,,0,30
8,Jarrad Branthwaite,32.0,eng ENG,CB,21-067,90,0,0,0,0,0,0,1,0,57,3,2,0,0.0,0.0,0.0,1,0,41,47,87.2,5,29,0,0,0,,,,,,,,,,,,,,,,,,,,,0,30
9,James Tarkowski,6.0,eng ENG,CB,30-287,89,0,0,0,0,0,0,0,0,64,3,1,2,0.0,0.0,0.0,0,0,44,54,81.5,3,45,0,0,0,,,,,,,,,,,,,,,,,,,,,0,30
10,Ben Godfrey,22.0,eng ENG,CB,25-230,1,0,0,0,0,0,0,0,0,4,0,0,1,0.0,0.0,0.0,0,0,2,3,66.7,0,3,0,0,0,,,,,,,,,,,,,,,,,,,,,0,30
11,Nathan Patterson,2.0,sct SCO,RB,21-321,90,0,1,0,0,0,0,0,0,86,1,1,4,0.0,0.0,0.7,2,1,57,74,77.0,5,52,4,3,1,,,,,,,,,,,,,,,,,,,,,0,30
12,Jordan Pickford,1.0,eng ENG,GK,29-179,90,0,0,0,0,0,0,0,0,42,0,0,0,0.0,0.0,0.0,0,0,20,36,55.6,0,30,0,0,0,7.0,2.0,6.0,71.4,1.9,7.0,22.0,31.8,34.0,7.0,58.8,42.7,2.0,100.0,66.0,11.0,2.0,18.2,4.0,21.9,0,30
0,Nicolas Jackson,15.0,sn SEN,FW,22-074,90,0,0,0,0,4,0,1,0,45,0,0,0,1.0,1.0,0.0,7,0,22,26,84.6,5,36,4,6,5,,,,,,,,,,,,,,,,,,,,,1,31
1,Enzo Fernández,8.0,ar ARG,"AM,DM",22-228,90,0,0,0,0,4,1,0,0,111,3,0,2,0.2,0.2,0.4,7,0,82,98,83.7,16,70,1,1,1,,,,,,,,,,,,,,,,,,,,,1,31
2,Raheem Sterling,7.0,eng ENG,"AM,RW,LW",28-268,90,0,0,0,0,3,0,0,0,50,0,0,0,0.4,0.4,0.3,3,0,29,40,72.5,2,42,5,4,0,,,,,,,,,,,,,,,,,,,,,1,31
3,Moisés Caicedo,25.0,ec ECU,"CM,DM",21-304,76,0,0,0,0,1,0,0,0,69,3,0,0,0.1,0.1,0.0,5,0,53,59,89.8,9,48,1,2,1,,,,,,,,,,,,,,,,,,,,,1,31
4,Ian Maatsen,29.0,nl NED,LM,21-176,14,0,0,0,0,1,0,0,0,20,0,0,0,0.1,0.1,0.0,1,0,15,18,83.3,2,14,2,1,0,,,,,,,,,,,,,,,,,,,,,1,31
5,Conor Gallagher,23.0,eng ENG,CM,23-208,61,0,0,0,0,1,0,1,0,65,4,0,0,0.1,0.1,0.1,4,0,49,57,86.0,6,48,1,0,0,,,,,,,,,,,,,,,,,,,,,1,31
6,Cole Palmer,20.0,eng ENG,AM,21-119,29,0,0,0,0,0,0,0,0,41,0,0,0,0.0,0.0,0.1,3,0,29,36,80.6,6,31,2,4,3,,,,,,,,,,,,,,,,,,,,,1,31
7,Ben Chilwell,21.0,eng ENG,WB,26-255,61,0,0,0,0,2,0,1,0,36,1,0,1,0.3,0.3,0.4,2,0,11,25,44.0,1,15,3,2,2,,,,,,,,,,,,,,,,,,,,,1,31
8,Noni Madueke,11.0,eng ENG,"RM,RW",21-176,29,0,0,0,0,1,0,0,0,38,0,0,0,0.0,0.0,0.0,1,0,28,32,87.5,2,27,4,3,0,,,,,,,,,,,,,,,,,,,,,1,31
9,Malo Gusto,27.0,fr FRA,"WB,RB",20-106,76,0,0,0,0,0,0,0,0,92,3,1,2,0.0,0.0,0.0,1,0,69,85,81.2,3,65,5,2,1,,,,,,,,,,,,,,,,,,,,,1,31
10,Mykhailo Mudryk,10.0,ua UKR,LW,22-240,14,0,0,0,0,1,0,0,0,15,0,0,0,0.0,0.0,0.0,0,0,7,12,58.3,1,11,0,1,0,,,,,,,,,,,,,,,,,,,,,1,31
11,Levi Colwill,26.0,eng ENG,"CB,LB",20-188,90,0,0,0,0,0,0,0,0,67,1,3,0,0.0,0.0,0.0,1,0,48,58,82.8,1,37,1,0,0,,,,,,,,,,,,,,,,,,,,,1,31
12,Thiago Silva,6.0,br BRA,CB,38-345,90,0,0,0,0,1,1,0,0,108,1,1,0,0.1,0.1,0.0,2,0,95,100,95.0,4,88,0,0,0,,,,,,,,,,,,,,,,,,,,,1,31
13,Axel Disasi,2.0,fr FRA,CB,25-175,90,0,0,0,0,2,0,0,0,115,0,1,0,0.1,0.1,0.1,1,0,101,108,93.5,11,87,2,0,0,,,,,,,,,,,,,,,,,,,,,1,31
14,Robert Sánchez,1.0,es ESP,GK,25-288,90,0,0,0,0,0,0,0,0,35,0,0,0,0.0,0.0,0.0,0,0,30,33,90.9,1,25,0,0,0,3.0,1.0,2.0,66.7,0.9,1.0,2.0,50.0,29.0,8.0,6.9,19.8,4.0,0.0,14.8,2.0,1.0,50.0,2.0,15.0,1,31
0,Taiwo Awoniyi,9.0,ng NGA,FW,26-021,64,0,1,0,0,2,0,0,0,23,1,0,1,0.2,0.2,0.4,3,1,6,15,40.0,2,13,2,0,0,,,,,,,,,,,,,,,,,,,,,0,31
1,Chris Wood,11.0,nz NZL,FW,31-269,26,0,0,0,0,0,0,0,0,8,0,0,0,0.0,0.0,0.0,0,0,3,5,60.0,1,3,0,0,0,,,,,,,,,,,,,,,,,,,,,0,31
2,Morgan Gibbs-White,10.0,eng ENG,AM,23-218,90,0,0,0,0,0,0,0,0,37,2,1,1,0.0,0.0,0.0,2,0,14,24,58.3,0,14,1,2,1,,,,,,,,,,,,,,,,,,,,,0,31
3,Danilo,28.0,br BRA,AM,22-126,44,0,0,0,0,0,0,0,0,9,0,1,0,0.0,0.0,0.0,0,0,4,8,50.0,0,5,1,1,1,,,,,,,,,,,,,,,,,,,,,0,31
4,Anthony Elanga,21.0,se SWE,AM,21-128,46,1,0,0,0,3,3,0,0,18,1,0,1,0.5,0.5,0.0,3,0,4,7,57.1,1,11,4,4,3,,,,,,,,,,,,,,,,,,,,,0,31
5,Ryan Yates,22.0,eng ENG,CM,25-285,90,0,0,0,0,1,0,1,0,45,6,3,5,0.0,0.0,0.0,0,0,14,22,63.6,2,12,1,0,0,,,,,,,,,,,,,,,,,,,,,0,31
6,Orel Mangala,5.0,be BEL,CM,25-168,71,0,0,0,0,1,0,0,0,27,1,2,1,0.0,0.0,0.0,2,1,14,18,77.8,2,8,0,2,0,,,,,,,,,,,,,,,,,,,,,0,31
7,Nuno Tavares,3.0,pt POR,WB,23-219,19,0,0,0,0,0,0,1,0,13,2,0,0,0.0,0.0,0.0,0,0,2,5,40.0,0,2,1,0,0,,,,,,,,,,,,,,,,,,,,,0,31
8,Ola Aina,43.0,ng NGA,WB,26-329,72,0,0,0,0,0,0,1,0,22,1,0,1,0.0,0.0,0.0,1,0,5,11,45.5,0,11,1,3,0,,,,,,,,,,,,,,,,,,,,,0,31
9,Cheikhou Kouyaté,8.0,sn SEN,CM,33-255,18,0,0,0,0,0,0,0,0,7,0,0,0,0.0,0.0,0.0,1,0,2,3,66.7,0,2,0,0,0,,,,,,,,,,,,,,,,,,,,,0,31
10,Serge Aurier,24.0,ci CIV,WB,30-252,71,0,0,0,0,0,0,0,0,39,3,0,0,0.0,0.0,0.0,0,0,20,29,69.0,3,16,0,2,0,,,,,,,,,,,,,,,,,,,,,0,31
11,Gonzalo Montiel,29.0,ar ARG,WB,26-244,19,0,0,0,0,0,0,0,0,3,1,0,0,0.0,0.0,0.0,0,0,0,1,0.0,0,0,0,0,0,,,,,,,,,,,,,,,,,,,,,0,31
12,Scott McKenna,26.0,sct SCO,CB,26-294,90,0,0,0,0,0,0,0,0,30,0,0,2,0.0,0.0,0.1,1,0,16,21,76.2,2,11,0,0,0,,,,,,,,,,,,,,,,,,,,,0,31
13,Joe Worrall,4.0,eng ENG,CB,26-235,90,0,0,0,0,0,0,0,0,28,2,0,3,0.0,0.0,0.0,0,0,14,18,77.8,0,13,0,0,0,,,,,,,,,,,,,,,,,,,,,0,31
14,Willy Boly,30.0,ci CIV,CB,32-211,90,0,0,0,0,0,0,0,0,50,3,2,4,0.0,0.0,0.0,0,0,18,34,52.9,2,16,1,1,0,,,,,,,,,,,,,,,,,,,,,0,31
15,Matt Turner,1.0,us USA,GK,29-070,90,0,0,0,0,0,0,1,0,38,0,0,0,0.0,0.0,0.0,1,0,19,37,51.4,0,10,0,0,0,2.0,0.0,2.0,100.0,0.2,10.0,26.0,38.5,24.0,5.0,54.2,42.1,13.0,100.0,59.4,30.0,2.0,6.7,1.0,10.5,0,31
0,Erling Haaland,9.0,no NOR,FW,23-043,90,3,1,1,1,3,2,0,0,17,0,0,0,1.6,0.8,0.7,2,1,4,6,66.7,1,9,0,1,0,,,,,,,,,,,,,,,,,,,,,1,32
1,Phil Foden,47.0,eng ENG,"LW,RW",23-097,89,0,1,0,0,0,0,0,0,51,1,0,0,0.0,0.0,0.0,1,1,35,44,79.5,1,31,2,4,2,,,,,,,,,,,,,,,,,,,,,1,32
2,Oscar Bobb,52.0,no NOR,RW,20-052,1,0,0,0,0,0,0,0,0,4,0,0,0,0.0,0.0,0.0,0,0,4,4,100.0,2,3,1,2,2,,,,,,,,,,,,,,,,,,,,,1,32
3,Jeremy Doku,11.0,be BEL,RW,21-098,75,0,0,0,0,0,0,0,0,36,3,2,0,0.0,0.0,0.0,0,0,20,26,76.9,0,24,2,4,2,,,,,,,,,,,,,,,,,,,,,1,32
4,Sergio Gómez,21.0,es ESP,LW,22-363,15,0,1,0,0,0,0,0,0,11,0,0,0,0.0,0.0,0.2,2,2,9,10,90.0,1,7,1,2,2,,,,,,,,,,,,,,,,,,,,,1,32
5,Julián Álvarez,19.0,ar ARG,AM,23-214,89,1,0,0,0,2,1,0,0,41,1,0,1,0.7,0.7,0.0,1,1,28,37,75.7,3,26,3,1,1,,,,,,,,,,,,,,,,,,,,,1,32
6,Rico Lewis,82.0,eng ENG,AM,18-285,1,0,0,0,0,0,0,0,0,4,0,0,0,0.0,0.0,0.0,0,0,4,4,100.0,0,5,0,0,0,,,,,,,,,,,,,,,,,,,,,1,32
7,Mateo Kovačić,8.0,hr CRO,DM,29-119,83,0,0,0,0,0,0,0,0,58,1,1,0,0.0,0.0,0.1,1,0,49,53,92.5,3,38,2,0,0,,,,,,,,,,,,,,,,,,,,,1,32
8,Kalvin Phillips,4.0,eng ENG,DM,27-274,7,0,0,0,0,0,0,0,0,14,1,0,0,0.0,0.0,0.0,0,0,13,13,100.0,2,6,0,1,1,,,,,,,,,,,,,,,,,,,,,1,32
9,Rodri,16.0,es ESP,DM,27-072,75,0,0,0,0,0,0,1,0,97,1,1,1,0.0,0.0,0.0,2,1,85,92,92.4,7,63,1,1,1,,,,,,,,,,,,,,,,,,,,,1,32
10,Bernardo Silva,20.0,pt POR,DM,29-023,15,0,0,0,0,0,0,1,0,22,0,0,0,0.0,0.0,0.0,0,0,21,22,95.5,0,15,0,0,0,,,,,,,,,,,,,,,,,,,,,1,32
11,Nathan Aké,6.0,nl NED,LB,28-196,90,1,0,0,0,1,1,0,0,101,2,1,0,0.0,0.0,0.0,0,0,84,96,87.5,6,55,1,0,0,,,,,,,,,,,,,,,,,,,,,1,32
12,Manuel Akanji,25.0,ch SUI,CB,28-045,90,0,0,0,0,0,0,0,0,114,2,1,0,0.0,0.0,0.0,3,2,98,106,92.5,3,73,1,0,0,,,,,,,,,,,,,,,,,,,,,1,32
13,Rúben Dias,3.0,pt POR,CB,26-111,90,0,0,0,0,0,0,0,0,112,4,2,0,0.0,0.0,0.0,0,0,101,102,99.0,4,87,1,0,0,,,,,,,,,,,,,,,,,,,,,1,32
14,Kyle Walker,2.0,eng ENG,RB,33-097,90,0,0,0,0,0,0,0,0,109,1,0,0,0.0,0.0,0.0,1,1,86,106,81.1,5,51,3,1,1,,,,,,,,,,,,,,,,,,,,,1,32
15,Ederson,31.0,br BRA,GK,30-016,90,0,0,0,0,0,0,0,0,47,0,0,0,0.0,0.0,0.0,0,0,40,45,88.9,0,31,0,0,0,4.0,1.0,3.0,75.0,1.7,3.0,8.0,37.5,41.0,2.0,19.5,28.0,4.0,0.0,23.8,8.0,0.0,0.0,1.0,33.0,1,32
0,Raúl Jiménez,7.0,mx MEX,FW,32-120,80,0,0,0,0,2,1,0,0,31,1,0,1,0.2,0.2,0.7,4,1,13,21,61.9,0,17,1,2,2,,,,,,,,,,,,,,,,,,,,,0,32
1,Rodrigo Muniz,19.0,br BRA,FW,22-121,10,0,0,0,0,0,0,0,0,4,0,0,0,0.0,0.0,0.0,0,0,2,3,66.7,1,2,0,0,0,,,,,,,,,,,,,,,,,,,,,0,32
2,Bobby Reid,14.0,jm JAM,LW,30-212,72,0,0,0,0,2,1,1,0,30,2,0,2,0.4,0.4,0.0,2,0,17,20,85.0,0,15,1,0,0,,,,,,,,,,,,,,,,,,,,,0,32
3,Willian,20.0,br BRA,LW,35-024,18,0,0,0,0,0,0,0,0,8,0,0,0,0.0,0.0,0.0,0,0,3,7,42.9,0,7,0,0,0,,,,,,,,,,,,,,,,,,,,,0,32
4,Harry Wilson,8.0,wls WAL,RW,26-164,80,0,0,0,0,0,0,0,0,16,0,0,0,0.0,0.0,0.0,0,0,7,12,58.3,0,7,1,2,0,,,,,,,,,,,,,,,,,,,,,0,32
5,Adama Traoré,11.0,es ESP,RW,27-220,10,0,0,0,0,0,0,0,0,1,0,0,0,0.0,0.0,0.0,0,0,0,0,,0,1,0,0,0,,,,,,,,,,,,,,,,,,,,,0,32
6,Tom Cairney,10.0,sct SCO,LM,32-225,15,0,0,0,0,0,0,0,0,7,0,0,0,0.0,0.0,0.0,0,0,5,6,83.3,0,5,0,0,0,,,,,,,,,,,,,,,,,,,,,0,32
7,Luke Harris,38.0,wls WAL,LM,18-152,75,0,0,0,0,1,1,0,0,19,1,0,0,0.3,0.3,0.0,0,0,11,14,78.6,1,9,0,2,0,,,,,,,,,,,,,,,,,,,,,0,32
8,Harrison Reed,6.0,eng ENG,CM,28-218,90,0,0,0,0,0,0,0,0,51,1,0,1,0.0,0.0,0.0,1,0,43,46,93.5,0,13,0,0,0,,,,,,,,,,,,,,,,,,,,,0,32
9,Andreas Pereira,18.0,br BRA,RM,27-244,90,0,0,0,0,0,0,1,0,40,0,0,1,0.0,0.0,0.1,1,0,23,35,65.7,2,17,0,0,0,,,,,,,,,,,,,,,,,,,,,0,32
10,Antonee Robinson,33.0,us USA,LB,26-025,90,0,0,0,0,0,0,1,0,38,2,1,2,0.0,0.0,0.0,0,0,22,30,73.3,0,16,3,3,1,,,,,,,,,,,,,,,,,,,,,0,32
11,Tim Ream,13.0,us USA,CB,35-332,90,1,0,0,0,1,1,0,0,62,1,3,0,1.0,1.0,0.0,0,0,45,54,83.3,4,32,0,1,1,,,,,,,,,,,,,,,,,,,,,0,32
12,Issa Diop,31.0,fr FRA,CB,26-236,90,0,0,0,0,0,0,1,0,47,1,2,1,0.0,0.0,0.0,0,0,35,39,89.7,4,27,1,0,0,,,,,,,,,,,,,,,,,,,,,0,32
13,Kenny Tete,2.0,nl NED,RB,27-328,72,0,0,0,0,0,0,0,0,38,2,1,1,0.0,0.0,0.0,0,0,23,28,82.1,4,8,0,0,0,,,,,,,,,,,,,,,,,,,,,0,32
14,Timothy Castagne,21.0,be BEL,RB,27-271,18,0,0,0,0,0,0,0,0,13,0,0,1,0.0,0.0,0.0,1,0,8,11,72.7,1,6,0,0,0,,,,,,,,,,,,,,,,,,,,,0,32
15,Bernd Leno,17.0,de GER,GK,31-182,90,0,0,0,0,0,0,0,0,42,0,0,0,0.0,0.0,0.0,1,0,33,41,80.5,0,25,0,0,0,5.0,5.0,0.0,20.0,3.4,6.0,14.0,42.9,40.0,4.0,35.0,32.6,1.0,0.0,17.0,6.0,0.0,0.0,0.0,10.0,0,32
0,Yoane Wissa,11.0,cd COD,FW,26-364,90,0,0,0,0,3,0,0,0,28,1,0,1,0.4,0.4,0.0,2,0,11,13,84.6,1,13,2,1,0,,,,,,,,,,,,,,,,,,,,,1,33
1,Kevin Schade,9.0,de GER,LW,21-279,70,0,0,0,0,2,1,0,0,35,1,1,0,0.3,0.3,0.2,4,1,11,21,52.4,2,17,0,5,0,,,,,,,,,,,,,,,,,,,,,1,33
2,Keane Lewis-Potter,23.0,eng ENG,"FW,LW",22-192,20,0,0,0,0,2,0,0,0,11,0,0,0,0.5,0.5,0.0,0,0,7,7,100.0,0,8,0,2,1,,,,,,,,,,,,,,,,,,,,,1,33
3,Bryan Mbeumo,19.0,cm CMR,"RW,RM",24-026,90,1,0,0,0,2,1,0,0,45,1,0,0,0.8,0.8,0.3,4,0,27,38,71.1,4,26,9,4,0,,,,,,,,,,,,,,,,,,,,,1,33
4,Vitaly Janelt,27.0,de GER,LM,25-115,70,0,0,0,0,2,1,0,0,32,0,0,2,0.2,0.2,0.0,1,0,20,23,87.0,0,9,0,0,0,,,,,,,,,,,,,,,,,,,,,1,33
5,Frank Onyeka,15.0,ng NGA,"CM,LM",25-244,20,0,0,0,0,2,1,0,0,22,1,0,0,0.1,0.1,0.7,4,0,13,16,81.3,3,13,0,1,0,,,,,,,,,,,,,,,,,,,,,1,33
6,Christian Nørgaard,6.0,dk DEN,CM,29-176,90,0,0,0,0,2,1,0,0,74,5,2,0,0.1,0.1,0.2,5,0,55,65,84.6,9,32,0,0,0,,,,,,,,,,,,,,,,,,,,,1,33
7,Mathias Jensen,8.0,dk DEN,RM,27-244,80,1,0,0,0,1,1,1,0,62,3,0,1,0.0,0.0,0.4,3,0,36,50,72.0,1,20,0,1,0,,,,,,,,,,,,,,,,,,,,,1,33
8,Kristoffer Ajer,20.0,no NOR,RB,25-138,10,0,0,0,0,1,1,0,0,17,0,0,0,0.2,0.2,0.0,0,0,12,13,92.3,3,6,1,0,0,,,,,,,,,,,,,,,,,,,,,1,33
9,Rico Henry,3.0,eng ENG,LB,26-056,90,0,0,0,0,1,0,0,0,58,1,2,1,0.0,0.0,0.1,4,0,40,47,85.1,8,22,3,2,1,,,,,,,,,,,,,,,,,,,,,1,33
10,Ben Mee,16.0,eng ENG,CB,33-346,80,0,0,0,0,0,0,0,0,52,2,0,2,0.0,0.0,0.1,2,0,34,44,77.3,4,26,0,0,0,,,,,,,,,,,,,,,,,,,,,1,33
11,Nathan Collins,22.0,ie IRL,CB,22-125,10,0,1,0,0,0,0,0,0,19,0,0,0,0.0,0.0,0.5,1,1,13,18,72.2,1,4,0,0,0,,,,,,,,,,,,,,,,,,,,,1,33
12,Ethan Pinnock,5.0,jm JAM,CB,30-096,90,0,0,0,0,1,0,0,0,78,2,1,1,0.3,0.3,0.0,4,1,61,67,91.0,3,27,0,0,0,,,,,,,,,,,,,,,,,,,,,1,33
13,Aaron Hickey,2.0,sct SCO,RB,21-084,81,0,0,0,0,1,0,0,0,57,5,0,0,0.0,0.0,0.0,1,0,38,42,90.5,4,32,1,3,2,,,,,,,,,,,,,,,,,,,,,1,33
14,Michael Olakigbe,37.0,eng ENG,LM,19-130,9,0,0,0,0,1,0,0,0,13,0,0,1,0.0,0.0,0.0,1,0,8,9,88.9,3,7,3,2,0,,,,,,,,,,,,,,,,,,,,,1,33
15,Mark Flekken,1.0,nl NED,GK,30-081,90,0,0,0,0,0,0,0,0,59,0,0,0,0.0,0.0,0.0,0,0,43,56,76.8,1,24,0,0,0,5.0,2.0,3.0,60.0,2.0,11.0,22.0,50.0,48.0,3.0,35.4,30.7,8.0,62.5,47.3,9.0,0.0,0.0,0.0,9.7,1,33
0,Dominic Solanke,9.0,eng ENG,FW,25-353,90,1,0,0,0,2,2,0,0,38,0,0,0,0.6,0.6,0.1,2,0,13,15,86.7,3,19,2,3,0,,,,,,,,,,,,,,,,,,,,,0,33
1,Justin Kluivert,19.0,nl NED,LW,24-120,70,0,0,0,0,1,0,0,0,25,2,0,0,0.1,0.1,0.0,0,0,10,15,66.7,3,17,1,4,0,,,,,,,,,,,,,,,,,,,,,0,33
2,Marcus Tavernier,16.0,eng ENG,"LW,LM",24-164,20,0,1,0,0,0,0,0,0,6,0,0,1,0.0,0.0,1.0,1,1,2,4,50.0,0,2,0,0,0,,,,,,,,,,,,,,,,,,,,,0,33
3,Antoine Semenyo,24.0,gh GHA,RW,23-238,59,0,0,0,0,2,1,0,0,27,0,0,0,0.2,0.2,0.0,0,0,12,15,80.0,1,11,1,2,0,,,,,,,,,,,,,,,,,,,,,0,33
4,David Brooks,7.0,wls WAL,"RW,RM",26-056,31,1,0,0,0,2,1,0,0,10,0,0,1,1.0,1.0,0.0,1,1,2,4,50.0,0,5,0,1,1,,,,,,,,,,,,,,,,,,,,,0,33
5,Philip Billing,29.0,dk DEN,"AM,CM",27-083,90,0,0,0,0,2,0,0,0,50,3,1,1,0.1,0.1,0.1,4,0,29,36,80.6,3,21,1,3,1,,,,,,,,,,,,,,,,,,,,,0,33
6,Lewis Cook,4.0,eng ENG,"DM,CM",26-211,90,0,0,0,0,0,0,0,0,54,3,0,0,0.0,0.0,0.0,2,0,36,48,75.0,4,22,0,0,0,,,,,,,,,,,,,,,,,,,,,0,33
7,Ryan Christie,10.0,sct SCO,DM,28-192,86,0,0,0,0,3,1,0,0,39,0,0,1,0.1,0.1,0.4,4,0,24,30,80.0,2,26,2,5,4,,,,,,,,,,,,,,,,,,,,,0,33
8,Chris Mepham,6.0,wls WAL,CB,25-301,4,0,0,0,0,0,0,0,0,5,0,0,1,0.0,0.0,0.0,0,0,2,2,100.0,1,1,0,0,0,,,,,,,,,,,,,,,,,,,,,0,33
9,Milos Kerkez,3.0,hu HUN,LB,19-299,90,0,0,0,0,0,0,0,0,47,5,0,0,0.0,0.0,0.0,2,1,23,34,67.6,0,19,1,0,0,,,,,,,,,,,,,,,,,,,,,0,33
10,Marcos Senesi,25.0,ar ARG,CB,26-115,90,0,1,0,0,0,0,0,0,52,1,0,1,0.0,0.0,0.2,4,1,29,40,72.5,0,28,1,2,1,,,,,,,,,,,,,,,,,,,,,0,33
11,Illia Zabarnyi,27.0,ua UKR,CB,21-001,90,0,0,0,0,0,0,0,0,46,2,0,1,0.0,0.0,0.0,1,0,24,34,70.6,2,19,0,0,0,,,,,,,,,,,,,,,,,,,,,0,33
12,Max Aarons,37.0,eng ENG,RB,23-241,90,0,0,0,0,0,0,1,0,47,6,0,1,0.0,0.0,0.0,1,0,22,35,62.9,2,19,0,2,1,,,,,,,,,,,,,,,,,,,,,0,33
13,Neto,1.0,br BRA,GK,34-045,90,0,0,0,0,0,0,1,0,37,0,0,0,0.0,0.0,0.0,0,0,15,34,44.1,0,18,0,0,0,7.0,2.0,5.0,71.4,1.5,9.0,28.0,32.1,20.0,3.0,75.0,50.4,14.0,92.9,59.4,18.0,2.0,11.1,0.0,9.0,0,33
0,Lyle Foster,17.0,za RSA,"FW,AM",22-364,90,1,0,0,0,2,2,0,0,42,1,0,0,0.5,0.5,0.0,3,0,22,28,78.6,1,26,3,2,0,,,,,,,,,,,,,,,,,,,,,1,34
1,Zeki Amdouni,25.0,ch SUI,FW,22-272,59,0,0,0,0,1,0,0,0,24,4,0,1,0.0,0.0,0.2,1,0,14,16,87.5,3,17,2,2,1,,,,,,,,,,,,,,,,,,,,,1,34
2,Nathan Redmond,15.0,eng ENG,"RM,AM",29-180,31,0,0,0,0,0,0,0,0,8,1,0,0,0.0,0.0,0.2,2,0,4,6,66.7,0,6,0,0,0,,,,,,,,,,,,,,,,,,,,,1,34
3,Luca Koleosho,30.0,it ITA,"LM,AM",18-352,67,0,1,0,0,2,0,0,0,19,0,0,0,0.1,0.1,0.4,3,1,6,9,66.7,0,13,2,11,5,,,,,,,,,,,,,,,,,,,,,1,34
4,Jacob Bruun Larsen,34.0,dk DEN,"LM,AM",24-348,23,0,0,0,0,1,0,0,0,14,1,0,0,0.1,0.1,0.1,2,0,8,8,100.0,1,6,3,1,0,,,,,,,,,,,,,,,,,,,,,1,34
5,Sander Berge,16.0,no NOR,CM,25-200,45,0,0,0,0,0,0,0,0,28,2,0,3,0.0,0.0,0.0,2,0,20,22,90.9,0,21,0,2,1,,,,,,,,,,,,,,,,,,,,,1,34
6,Josh Brownhill,8.0,eng ENG,CM,27-257,45,1,0,0,0,3,1,1,0,30,1,0,0,0.2,0.2,0.1,5,1,19,25,76.0,0,15,0,0,0,,,,,,,,,,,,,,,,,,,,,1,34
7,Josh Cullen,24.0,ie IRL,"CM,DM",27-148,90,0,1,0,0,1,0,0,0,54,1,0,1,0.0,0.0,0.1,4,1,40,46,87.0,3,40,1,1,0,,,,,,,,,,,,,,,,,,,,,1,34
8,Jóhann Berg Guðmundsson,7.0,is ISL,RM,32-310,45,0,0,0,0,0,0,1,0,28,1,1,0,0.0,0.0,0.0,1,0,13,20,65.0,3,15,2,2,0,,,,,,,,,,,,,,,,,,,,,1,34
9,Hannes Delcroix,44.0,be BEL,CB,24-186,45,0,0,0,0,2,1,1,0,31,0,2,0,0.3,0.3,0.0,0,0,26,26,100.0,0,22,1,0,0,,,,,,,,,,,,,,,,,,,,,1,34
10,Connor Roberts,14.0,wls WAL,"LB,WB",27-344,90,0,0,0,0,0,0,0,0,73,0,0,1,0.0,0.0,0.0,6,1,58,71,81.7,8,52,3,0,0,,,,,,,,,,,,,,,,,,,,,1,34
11,Jordan Beyer,5.0,de GER,CB,23-106,73,0,0,0,0,0,0,1,0,63,10,0,0,0.0,0.0,0.0,0,0,47,54,87.0,2,40,0,3,2,,,,,,,,,,,,,,,,,,,,,1,34
12,Jack Cork,4.0,eng ENG,CM,34-069,17,0,0,0,0,0,0,0,0,17,1,0,0,0.0,0.0,0.0,1,0,9,16,56.3,1,12,2,0,0,,,,,,,,,,,,,,,,,,,,,1,34
13,Dara O'Shea,2.0,ie IRL,CB,24-182,90,0,0,0,0,1,0,0,0,73,2,2,4,0.0,0.0,0.0,0,0,50,60,83.3,2,48,0,0,0,,,,,,,,,,,,,,,,,,,,,1,34
14,Ameen Al-Dakhil,28.0,be BEL,"RB,WB",21-180,90,0,0,0,0,3,0,0,0,54,2,3,1,0.1,0.1,0.0,1,0,29,42,69.0,2,26,1,0,0,,,,,,,,,,,,,,,,,,,,,1,34
15,James Trafford,1.0,eng ENG,GK,20-327,90,0,0,0,0,0,0,0,0,69,0,0,0,0.0,0.0,0.0,0,0,48,66,72.7,1,53,0,0,0,11.0,5.0,6.0,54.5,4.5,8.0,24.0,33.3,59.0,12.0,33.9,30.7,7.0,57.1,44.0,6.0,0.0,0.0,3.0,19.8,1,34
0,Son Heung-min,7.0,kr KOR,FW,31-056,71,3,0,0,0,5,3,0,0,27,0,0,0,1.1,1.1,0.0,4,1,15,18,83.3,5,18,3,1,0,,,,,,,,,,,,,,,,,,,,,0,34
1,Richarlison,9.0,br BRA,FW,26-115,19,0,0,0,0,0,0,0,0,6,0,0,2,0.0,0.0,0.0,0,0,2,3,66.7,0,4,0,1,0,,,,,,,,,,,,,,,,,,,,,0,34
2,Manor Solomon,27.0,il ISR,LW,24-040,67,0,2,0,0,2,0,0,0,33,2,1,0,0.1,0.1,0.5,8,2,20,22,90.9,0,25,5,5,3,,,,,,,,,,,,,,,,,,,,,0,34
3,Ivan Perišić,14.0,hr CRO,LW,34-212,23,0,0,0,0,0,0,0,0,16,0,1,0,0.0,0.0,0.1,1,0,10,13,76.9,0,9,3,1,0,,,,,,,,,,,,,,,,,,,,,0,34
4,Dejan Kulusevski,21.0,se SWE,RW,23-130,85,0,0,0,0,0,0,1,0,50,2,2,1,0.0,0.0,0.2,2,0,29,36,80.6,3,36,5,7,3,,,,,,,,,,,,,,,,,,,,,0,34
5,Oliver Skipp,4.0,eng ENG,"LM,RW",22-351,5,0,0,0,0,0,0,0,0,8,0,0,0,0.0,0.0,0.0,0,0,6,7,85.7,0,2,0,0,0,,,,,,,,,,,,,,,,,,,,,0,34
6,James Maddison,10.0,eng ENG,AM,26-283,85,1,0,0,0,5,5,0,0,69,0,1,0,0.4,0.4,0.0,6,1,45,57,78.9,11,52,2,5,3,,,,,,,,,,,,,,,,,,,,,0,34
7,Emerson,12.0,br BRA,RB,24-231,5,0,0,0,0,0,0,0,0,19,0,1,0,0.0,0.0,0.0,0,0,18,18,100.0,0,11,0,0,0,,,,,,,,,,,,,,,,,,,,,0,34
8,Yves Bissouma,8.0,ml MLI,"DM,CM",27-003,90,0,0,0,0,2,1,0,0,82,4,3,1,0.0,0.0,0.0,3,0,59,64,92.2,7,57,2,3,2,,,,,,,,,,,,,,,,,,,,,0,34
9,Pape Matar Sarr,29.0,sn SEN,DM,20-353,67,0,0,0,0,3,1,1,0,47,2,0,1,0.4,0.4,0.1,4,1,30,36,83.3,2,29,2,1,0,,,,,,,,,,,,,,,,,,,,,0,34
10,Pierre Højbjerg,5.0,dk DEN,"DM,RM",28-028,23,0,0,0,0,0,0,1,0,20,0,0,0,0.0,0.0,0.0,0,0,15,17,88.2,3,10,0,0,0,,,,,,,,,,,,,,,,,,,,,0,34
11,Destiny Udogie,38.0,it ITA,LB,20-278,90,0,1,0,0,0,0,0,0,60,5,2,1,0.0,0.0,0.1,2,2,42,46,91.3,4,34,6,2,1,,,,,,,,,,,,,,,,,,,,,0,34
12,Micky van de Ven,37.0,nl NED,CB,22-136,90,0,0,0,0,0,0,0,0,79,0,0,2,0.0,0.0,0.0,0,0,66,72,91.7,1,50,1,1,1,,,,,,,,,,,,,,,,,,,,,0,34
13,Cristian Romero,17.0,ar ARG,CB,25-128,90,1,0,0,0,1,1,0,0,83,2,0,3,0.0,0.0,0.0,0,0,68,74,91.9,5,55,0,0,0,,,,,,,,,,,,,,,,,,,,,0,34
14,Pedro Porro,23.0,es ESP,"RB,RW",23-354,90,0,1,0,0,3,0,0,0,66,2,2,2,0.2,0.2,0.9,3,1,41,50,82.0,7,41,2,3,1,,,,,,,,,,,,,,,,,,,,,0,34
15,Guglielmo Vicario,13.0,it ITA,GK,26-330,90,0,0,0,0,0,0,0,0,55,0,0,0,0.0,0.0,0.0,0,0,39,53,73.6,0,35,0,0,0,4.0,2.0,2.0,50.0,2.3,2.0,13.0,15.4,47.0,4.0,25.5,27.7,6.0,16.7,19.2,8.0,0.0,0.0,1.0,31.0,0,34
0,Evan Ferguson,28.0,ie IRL,FW,18-318,80,3,0,0,0,4,4,0,0,27,0,0,1,0.8,0.8,0.0,1,0,17,18,94.4,3,23,2,2,2,,,,,,,,,,,,,,,,,,,,,1,35
1,James Milner,6.0,eng ENG,LM,37-241,10,0,0,0,0,0,0,1,0,14,1,0,0,0.0,0.0,0.0,0,0,12,13,92.3,0,8,1,0,0,,,,,,,,,,,,,,,,,,,,,1,35
2,Kaoru Mitoma,22.0,jp JPN,LW,26-105,90,0,1,0,0,4,1,0,0,36,0,0,0,0.2,0.2,0.3,5,1,17,21,81.0,1,27,4,7,2,,,,,,,,,,,,,,,,,,,,,1,35
3,Solly March,7.0,eng ENG,"RW,AM",29-044,80,0,0,0,0,1,0,0,0,44,1,2,1,0.0,0.0,0.0,4,0,26,31,83.9,3,30,2,3,1,,,,,,,,,,,,,,,,,,,,,1,35
4,Adam Lallana,14.0,eng ENG,FW,35-115,10,0,0,0,0,0,0,1,0,16,1,0,0,0.0,0.0,0.0,0,0,14,14,100.0,1,7,0,0,0,,,,,,,,,,,,,,,,,,,,,1,35
5,João Pedro,9.0,br BRA,AM,21-341,76,0,0,0,0,2,0,0,0,32,0,2,0,0.2,0.2,0.1,3,0,16,20,80.0,1,29,3,3,1,,,,,,,,,,,,,,,,,,,,,1,35
6,Tariq Lamptey,2.0,gh GHA,RW,22-337,14,0,0,0,0,0,0,1,0,7,0,1,0,0.0,0.0,0.0,0,0,5,7,71.4,0,6,2,1,1,,,,,,,,,,,,,,,,,,,,,1,35
7,Billy Gilmour,11.0,sct SCO,DM,22-083,76,0,1,0,0,1,1,0,0,71,0,0,1,0.0,0.0,0.1,5,3,57,66,86.4,6,45,0,0,0,,,,,,,,,,,,,,,,,,,,,1,35
8,Mahmoud Dahoud,8.0,de GER,"CM,DM",27-244,14,0,0,0,0,0,0,1,0,24,0,0,0,0.0,0.0,0.0,0,0,23,23,100.0,0,21,0,0,0,,,,,,,,,,,,,,,,,,,,,1,35
9,Pascal Groß,13.0,de GER,"DM,RM",32-079,88,0,0,0,0,0,0,0,0,71,3,2,3,0.0,0.0,0.1,2,0,49,58,84.5,4,38,2,3,2,,,,,,,,,,,,,,,,,,,,,1,35
10,Simon Adingra,24.0,ci CIV,RM,21-244,2,0,0,0,0,1,0,0,0,5,0,0,0,0.1,0.1,0.0,0,0,3,3,100.0,0,4,0,0,0,,,,,,,,,,,,,,,,,,,,,1,35
11,Pervis Estupiñán,30.0,ec ECU,LB,25-224,90,0,0,0,0,1,0,0,0,60,1,3,3,0.0,0.0,0.1,3,0,34,42,81.0,4,30,2,1,0,,,,,,,,,,,,,,,,,,,,,1,35
12,Lewis Dunk,5.0,eng ENG,CB,31-285,90,0,0,0,0,1,0,0,0,87,0,0,1,0.0,0.0,0.0,3,1,77,85,90.6,4,62,0,0,0,,,,,,,,,,,,,,,,,,,,,1,35
13,Jan Paul van Hecke,29.0,nl NED,CB,23-086,90,0,0,0,0,0,0,0,0,96,1,0,3,0.0,0.0,0.0,1,0,83,87,95.4,3,73,0,0,0,,,,,,,,,,,,,,,,,,,,,1,35
14,Joël Veltman,34.0,nl NED,RB,31-230,90,0,0,0,0,0,0,0,0,49,0,1,0,0.0,0.0,0.0,0,0,41,46,89.1,3,30,1,0,0,,,,,,,,,,,,,,,,,,,,,1,35
15,Bart Verbruggen,1.0,nl NED,GK,21-015,90,0,0,0,0,0,0,0,0,62,0,0,0,0.0,0.0,0.0,0,0,54,61,88.5,0,53,0,1,1,2.0,1.0,1.0,50.0,0.4,4.0,10.0,40.0,58.0,4.0,17.2,27.1,3.0,0.0,7.7,8.0,1.0,12.5,0.0,6.0,1,35
0,Alexander Isak,14.0,se SWE,"FW,LW",23-346,73,0,0,0,0,4,0,0,0,25,0,0,0,0.4,0.4,0.0,2,0,11,16,68.8,2,19,3,6,5,,,,,,,,,,,,,,,,,,,,,0,35
1,Harvey Barnes,15.0,eng ENG,LW,25-267,17,0,0,0,0,1,0,0,0,5,0,0,0,0.0,0.0,0.0,0,0,2,2,100.0,0,3,1,1,0,,,,,,,,,,,,,,,,,,,,,0,35
2,Anthony Gordon,10.0,eng ENG,"LW,RW",22-190,90,0,0,0,0,1,0,1,0,38,3,0,1,0.2,0.2,0.1,2,0,27,30,90.0,1,23,3,2,1,,,,,,,,,,,,,,,,,,,,,0,35
3,Miguel Almirón,24.0,py PAR,RW,29-204,57,0,0,0,0,0,0,0,0,33,0,1,1,0.0,0.0,0.0,0,0,21,28,75.0,0,19,2,1,1,,,,,,,,,,,,,,,,,,,,,0,35
4,Elliot Anderson,32.0,sct SCO,LM,20-300,33,0,0,0,0,0,0,0,0,11,0,0,0,0.0,0.0,0.2,1,0,7,7,100.0,0,8,1,1,0,,,,,,,,,,,,,,,,,,,,,0,35
5,Joelinton,7.0,br BRA,LM,27-019,57,0,0,0,0,1,0,0,0,29,2,0,0,0.1,0.1,0.0,1,0,17,21,81.0,1,19,1,3,2,,,,,,,,,,,,,,,,,,,,,0,35
6,Callum Wilson,9.0,eng ENG,FW,31-187,33,1,0,0,0,1,1,0,0,10,0,0,0,0.4,0.4,0.0,2,1,5,5,100.0,0,4,0,1,1,,,,,,,,,,,,,,,,,,,,,0,35
7,Bruno Guimarães,39.0,br BRA,CM,25-290,90,0,0,0,0,0,0,0,0,61,3,0,1,0.0,0.0,0.2,2,0,48,53,90.6,9,44,1,4,1,,,,,,,,,,,,,,,,,,,,,0,35
8,Sandro Tonali,8.0,it ITA,RM,23-117,57,0,0,0,0,0,0,0,0,27,0,0,0,0.0,0.0,0.3,2,0,19,24,79.2,2,14,2,1,1,,,,,,,,,,,,,,,,,,,,,0,35
9,Sean Longstaff,36.0,eng ENG,RM,25-307,33,0,1,0,0,0,0,0,0,18,1,0,0,0.0,0.0,0.5,2,1,12,16,75.0,5,12,1,1,1,,,,,,,,,,,,,,,,,,,,,0,35
10,Matt Targett,13.0,eng ENG,LB,27-349,73,0,0,0,0,0,0,1,0,44,2,0,1,0.0,0.0,0.0,1,0,29,34,85.3,2,28,1,2,0,,,,,,,,,,,,,,,,,,,,,0,35
11,Jamaal Lascelles,6.0,eng ENG,CB,29-295,17,0,0,0,0,0,0,0,0,17,0,0,0,0.0,0.0,0.0,0,0,13,16,81.3,0,14,0,0,0,,,,,,,,,,,,,,,,,,,,,0,35
12,Dan Burn,33.0,eng ENG,"CB,LB",31-116,90,0,0,0,0,0,0,1,0,48,0,0,3,0.0,0.0,0.0,0,0,37,42,88.1,1,27,0,0,0,,,,,,,,,,,,,,,,,,,,,0,35
13,Fabian Schär,5.0,ch SUI,CB,31-256,90,0,0,0,0,1,1,1,0,83,4,1,2,0.0,0.0,0.0,0,0,59,71,83.1,5,58,0,0,0,,,,,,,,,,,,,,,,,,,,,0,35
14,Kieran Trippier,2.0,eng ENG,RB,32-348,90,0,0,0,0,0,0,0,0,82,3,1,2,0.0,0.0,0.0,2,0,60,75,80.0,5,36,1,0,0,,,,,,,,,,,,,,,,,,,,,0,35
15,Nick Pope,22.0,eng ENG,GK,31-136,90,0,0,0,0,0,0,0,0,33,0,0,0,0.0,0.0,0.0,0,0,24,29,82.8,0,17,0,0,0,6.0,3.0,3.0,50.0,1.5,2.0,6.0,33.3,24.0,6.0,12.5,27.9,5.0,60.0,47.4,6.0,0.0,0.0,4.0,24.5,0,35
0,Darwin Núñez,9.0,uy URU,FW,24-071,64,0,1,0,0,5,0,0,0,24,1,0,0,1.1,1.1,0.5,2,1,7,11,63.6,3,16,2,0,0,,,,,,,,,,,,,,,,,,,,,1,36
1,Cody Gakpo,18.0,nl NED,FW,24-119,26,0,0,0,0,0,0,0,0,6,0,0,0,0.0,0.0,0.0,0,0,2,3,66.7,1,4,0,0,0,,,,,,,,,,,,,,,,,,,,,1,36
2,Luis Díaz,7.0,co COL,LW,26-233,64,0,0,0,0,1,0,0,0,33,0,1,0,0.0,0.0,0.0,2,0,22,27,81.5,1,26,5,1,0,,,,,,,,,,,,,,,,,,,,,1,36
3,Diogo Jota,20.0,pt POR,LW,26-273,26,0,0,0,0,0,0,0,0,19,2,0,0,0.0,0.0,0.0,0,0,9,13,69.2,0,8,4,1,0,,,,,,,,,,,,,,,,,,,,,1,36
4,Mohamed Salah,11.0,eg EGY,RW,31-080,90,1,0,0,0,4,3,0,0,40,2,0,0,0.8,0.8,0.4,5,0,22,27,81.5,4,24,3,3,0,,,,,,,,,,,,,,,,,,,,,1,36
5,Curtis Jones,17.0,eng ENG,LM,22-216,64,0,0,0,0,0,0,0,0,41,1,0,0,0.0,0.0,0.0,0,0,33,36,91.7,1,27,0,0,0,,,,,,,,,,,,,,,,,,,,,1,36
6,Harvey Elliott,19.0,eng ENG,RM,20-152,26,0,0,0,0,1,0,0,0,19,1,0,0,0.0,0.0,0.0,0,0,17,17,100.0,2,12,1,0,0,,,,,,,,,,,,,,,,,,,,,1,36
7,Alexis Mac Allister,10.0,ar ARG,CM,24-253,86,0,0,0,0,0,0,0,0,76,3,0,1,0.0,0.0,0.0,0,0,63,72,87.5,6,58,0,3,1,,,,,,,,,,,,,,,,,,,,,1,36
8,Wataru Endo,3.0,jp JPN,CM,30-206,4,0,0,0,0,0,0,0,0,7,0,0,0,0.0,0.0,0.0,0,0,6,7,85.7,0,6,0,0,0,,,,,,,,,,,,,,,,,,,,,1,36
9,Dominik Szoboszlai,8.0,hu HUN,"RM,LM",22-313,90,1,0,0,0,2,1,0,0,71,0,1,3,0.1,0.1,0.1,7,0,54,60,90.0,2,46,2,3,1,,,,,,,,,,,,,,,,,,,,,1,36
10,Andrew Robertson,26.0,sct SCO,LB,29-176,90,0,0,0,0,0,0,0,0,119,2,1,0,0.0,0.0,0.0,3,0,101,112,90.2,8,95,0,0,0,,,,,,,,,,,,,,,,,,,,,1,36
11,Joe Gomez,2.0,eng ENG,"CB,RB",26-103,90,0,0,0,0,1,0,0,0,118,1,2,1,0.1,0.1,0.0,2,0,103,109,94.5,4,95,0,2,0,,,,,,,,,,,,,,,,,,,,,1,36
12,Joël Matip,32.0,cm CMR,CB,32-026,90,0,0,0,0,1,0,0,0,92,1,1,0,0.3,0.3,0.0,3,0,83,88,94.3,4,72,1,0,0,,,,,,,,,,,,,,,,,,,,,1,36
13,Trent Alexander-Arnold,66.0,eng ENG,RB,24-331,70,0,1,0,0,2,0,0,0,91,0,2,0,0.1,0.1,0.6,7,1,75,86,87.2,4,60,4,1,0,,,,,,,,,,,,,,,,,,,,,1,36
14,Jarrell Quansah,78.0,eng ENG,CB,20-217,20,0,0,0,0,0,0,0,0,25,0,0,0,0.0,0.0,0.0,0,0,22,24,91.7,1,22,1,1,1,,,,,,,,,,,,,,,,,,,,,1,36
15,Alisson,1.0,br BRA,GK,30-336,90,0,0,0,0,0,0,0,0,36,0,0,0,0.0,0.0,0.0,1,0,34,35,97.1,0,27,0,0,0,3.0,0.0,3.0,100.0,0.2,3.0,4.0,75.0,29.0,3.0,13.8,21.9,6.0,0.0,22.8,9.0,1.0,11.1,2.0,15.2,1,36
0,Ollie Watkins,11.0,eng ENG,FW,27-247,72,0,0,0,0,2,0,0,0,17,0,0,1,0.2,0.2,0.1,1,0,7,9,77.8,1,8,0,0,0,,,,,,,,,,,,,,,,,,,,,0,36
1,Jhon Durán,24.0,co COL,FW,19-264,18,0,0,0,0,2,0,0,0,8,0,0,1,0.1,0.1,0.0,0,0,3,5,60.0,1,6,2,0,0,,,,,,,,,,,,,,,,,,,,,0,36
2,Moussa Diaby,19.0,fr FRA,FW,24-058,90,0,0,0,0,1,0,0,0,29,0,1,0,0.1,0.1,0.1,2,0,18,21,85.7,3,13,2,5,1,,,,,,,,,,,,,,,,,,,,,0,36
3,John McGinn,7.0,sct SCO,LM,28-320,90,0,0,0,0,2,1,0,0,36,0,0,1,0.2,0.2,0.0,1,0,20,31,64.5,3,22,0,2,2,,,,,,,,,,,,,,,,,,,,,0,36
4,Douglas Luiz,6.0,br BRA,CM,25-117,71,0,0,0,0,0,0,0,0,48,3,0,1,0.0,0.0,0.0,2,0,40,43,93.0,6,33,1,1,1,,,,,,,,,,,,,,,,,,,,,0,36
5,Youri Tielemans,8.0,be BEL,CM,26-119,19,0,0,0,0,0,0,0,0,12,1,0,0,0.0,0.0,0.0,0,0,9,10,90.0,0,9,0,2,1,,,,,,,,,,,,,,,,,,,,,0,36
6,Boubacar Kamara,44.0,fr FRA,CM,23-284,90,0,0,0,0,0,0,1,0,56,3,0,0,0.0,0.0,0.1,2,0,44,50,88.0,3,34,0,0,0,,,,,,,,,,,,,,,,,,,,,0,36
7,Matty Cash,2.0,pl POL,"RB,RM",26-027,90,0,0,0,0,1,1,0,0,45,4,0,1,0.1,0.1,0.0,1,0,23,32,71.9,1,25,1,1,0,,,,,,,,,,,,,,,,,,,,,0,36
8,Lucas Digne,12.0,fr FRA,LB,30-045,90,0,0,0,0,0,0,0,0,60,2,5,1,0.0,0.0,0.3,4,0,37,49,75.5,3,27,2,0,0,,,,,,,,,,,,,,,,,,,,,0,36
9,Pau Torres,14.0,es ESP,CB,26-230,90,0,0,0,0,1,1,0,0,53,0,0,0,0.0,0.0,0.0,0,0,34,47,72.3,1,40,1,5,3,,,,,,,,,,,,,,,,,,,,,0,36
10,Diego Carlos,3.0,br BRA,CB,30-172,18,0,0,0,0,0,0,0,0,11,0,0,0,0.0,0.0,0.0,0,0,10,10,100.0,1,9,0,0,0,,,,,,,,,,,,,,,,,,,,,0,36
11,Leon Bailey,31.0,jm JAM,RM,26-025,46,0,0,0,0,0,0,0,0,15,0,0,0,0.0,0.0,0.1,2,0,7,12,58.3,1,11,2,3,2,,,,,,,,,,,,,,,,,,,,,0,36
12,Nicolò Zaniolo,22.0,it ITA,RM,24-063,26,0,0,0,0,0,0,0,0,16,2,1,1,0.0,0.0,0.0,2,0,6,8,75.0,2,9,3,1,1,,,,,,,,,,,,,,,,,,,,,0,36
13,Ezri Konsa,4.0,eng ENG,"CB,RB",25-315,90,0,0,0,0,0,0,0,0,63,0,2,3,0.0,0.0,0.0,0,0,52,55,94.5,3,38,0,1,0,,,,,,,,,,,,,,,,,,,,,0,36
14,Emiliano Martínez,1.0,ar ARG,GK,31-001,90,0,0,0,0,0,0,0,0,43,0,0,0,0.0,0.0,0.0,0,0,33,40,82.5,0,23,0,0,0,4.0,3.0,2.0,25.0,1.0,4.0,10.0,40.0,34.0,7.0,23.5,27.9,6.0,33.3,39.3,8.0,1.0,12.5,1.0,14.3,0,36
0,Odsonne Édouard,22.0,fr FRA,"FW,AM",25-230,89,2,0,0,0,7,3,0,0,28,0,1,1,0.8,0.8,0.0,4,1,11,15,73.3,4,13,1,3,1,,,,,,,,,,,,,,,,,,,,,1,37
1,Will Hughes,19.0,eng ENG,AM,28-139,1,0,0,0,0,0,0,0,0,5,0,0,0,0.0,0.0,0.1,1,0,4,4,100.0,0,4,0,0,0,,,,,,,,,,,,,,,,,,,,,1,37
2,Jeffrey Schlupp,15.0,gh GHA,LW,30-254,70,0,0,0,0,2,2,0,0,23,0,1,0,0.2,0.2,0.2,1,0,10,14,71.4,0,13,0,1,0,,,,,,,,,,,,,,,,,,,,,1,37
3,Jean-Philippe Mateta,14.0,fr FRA,FW,26-067,20,0,2,0,0,0,0,0,0,11,0,0,0,0.0,0.0,0.7,3,2,6,7,85.7,1,7,0,0,0,,,,,,,,,,,,,,,,,,,,,1,37
4,Jordan Ayew,9.0,gh GHA,RW,31-357,90,0,0,0,0,2,1,0,0,55,6,1,0,0.5,0.5,0.2,3,0,24,37,64.9,3,40,0,4,0,,,,,,,,,,,,,,,,,,,,,1,37
5,Jefferson Lerma,8.0,co COL,"LM,DM",28-313,90,0,0,0,0,1,1,0,0,48,2,1,2,0.1,0.1,0.5,3,0,31,39,79.5,2,32,2,0,0,,,,,,,,,,,,,,,,,,,,,1,37
6,Cheick Doucouré,28.0,ml MLI,"CM,DM",23-238,90,0,0,0,0,0,0,0,0,48,6,4,0,0.0,0.0,0.0,1,1,31,35,88.6,2,26,2,2,1,,,,,,,,,,,,,,,,,,,,,1,37
7,Eberechi Eze,10.0,eng ENG,"RM,LW",25-066,90,1,0,0,0,3,3,0,0,52,4,0,1,0.6,0.6,0.2,5,0,29,38,76.3,3,31,3,5,3,,,,,,,,,,,,,,,,,,,,,1,37
8,Tyrick Mitchell,3.0,eng ENG,LB,24-002,90,0,1,0,0,0,0,0,0,51,0,0,0,0.0,0.0,0.2,3,1,38,47,80.9,3,22,0,1,0,,,,,,,,,,,,,,,,,,,,,1,37
9,Marc Guéhi,6.0,eng ENG,CB,23-052,90,0,0,0,0,0,0,0,0,59,2,0,1,0.0,0.0,0.0,0,0,48,54,88.9,3,38,0,0,0,,,,,,,,,,,,,,,,,,,,,1,37
10,Joachim Andersen,16.0,dk DEN,CB,27-095,90,0,0,0,0,0,0,0,0,74,1,2,1,0.0,0.0,0.0,1,0,48,64,75.0,9,43,2,0,0,,,,,,,,,,,,,,,,,,,,,1,37
11,Joel Ward,2.0,eng ENG,RB,33-309,90,0,0,0,0,1,0,1,0,54,3,0,0,0.0,0.0,0.0,1,1,29,41,70.7,6,16,0,0,0,,,,,,,,,,,,,,,,,,,,,1,37
12,Sam Johnstone,1.0,eng ENG,GK,30-162,90,0,0,0,0,0,0,0,0,37,0,0,0,0.0,0.0,0.0,0,0,25,36,69.4,0,20,0,0,0,4.0,2.0,2.0,50.0,0.7,5.0,16.0,31.3,23.0,4.0,39.1,32.6,13.0,53.8,37.5,21.0,1.0,4.8,1.0,15.0,1,37
0,Fábio Silva,9.0,pt POR,FW,21-046,73,0,0,0,0,2,0,0,0,28,1,1,0,0.0,0.0,0.1,2,0,21,23,91.3,4,13,1,1,0,,,,,,,,,,,,,,,,,,,,,0,37
1,Boubacar Traoré,6.0,ml MLI,"CM,FW",22-014,17,0,0,0,0,0,0,0,0,19,1,0,1,0.0,0.0,0.0,0,0,14,15,93.3,1,7,0,0,0,,,,,,,,,,,,,,,,,,,,,0,37
2,Matheus Cunha,12.0,br BRA,FW,24-099,90,1,0,0,0,2,1,0,0,46,1,0,2,0.7,0.7,0.0,0,0,27,32,84.4,2,19,4,6,3,,,,,,,,,,,,,,,,,,,,,0,37
3,Pedro Neto,7.0,pt POR,LM,23-178,90,0,2,0,0,3,2,0,0,64,1,1,1,0.1,0.1,0.6,5,2,43,56,76.8,7,25,5,3,1,,,,,,,,,,,,,,,,,,,,,0,37
4,Mario Lemina,5.0,ga GAB,CM,30-002,90,0,0,0,0,0,0,0,0,64,5,3,1,0.0,0.0,0.0,4,0,44,52,84.6,3,24,1,2,0,,,,,,,,,,,,,,,,,,,,,0,37
5,João Gomes,8.0,br BRA,CM,22-203,80,0,0,0,0,1,0,1,0,51,2,0,1,0.0,0.0,0.0,2,0,36,45,80.0,4,27,2,1,1,,,,,,,,,,,,,,,,,,,,,0,37
6,Sasa Kalajdzic,18.0,at AUT,FW,26-058,10,0,0,0,0,0,0,0,0,3,1,0,0,0.0,0.0,0.0,0,0,0,2,0.0,0,1,0,1,1,,,,,,,,,,,,,,,,,,,,,0,37
7,Pablo Sarabia,21.0,es ESP,RM,31-115,59,0,0,0,0,1,0,0,0,32,1,0,0,0.1,0.1,0.1,2,0,18,25,72.0,0,14,1,1,0,,,,,,,,,,,,,,,,,,,,,0,37
8,Hwang Hee-chan,11.0,kr KOR,RM,27-220,31,1,0,0,0,1,1,0,0,16,1,1,0,0.1,0.1,0.0,1,0,11,12,91.7,1,11,0,1,1,,,,,,,,,,,,,,,,,,,,,0,37
9,Rayan Aït Nouri,3.0,dz ALG,LB,22-089,81,0,0,0,0,0,0,1,0,63,5,0,0,0.0,0.0,0.0,2,1,45,55,81.8,5,29,1,2,1,,,,,,,,,,,,,,,,,,,,,0,37
10,Hugo Bueno,17.0,es ESP,LB,20-350,9,0,0,0,0,0,0,0,0,16,0,0,0,0.0,0.0,0.0,1,1,15,16,93.8,1,6,0,0,0,,,,,,,,,,,,,,,,,,,,,0,37
11,Max Kilman,23.0,eng ENG,CB,26-103,90,0,0,0,0,0,0,0,0,77,0,0,2,0.0,0.0,0.0,1,0,61,71,85.9,6,39,0,0,0,,,,,,,,,,,,,,,,,,,,,0,37
12,Craig Dawson,15.0,eng ENG,CB,33-120,90,0,0,0,0,1,0,0,0,83,1,0,1,0.2,0.2,0.1,1,0,59,74,79.7,6,50,0,0,0,,,,,,,,,,,,,,,,,,,,,0,37
13,Nélson Semedo,22.0,pt POR,RB,29-291,90,0,0,0,0,1,0,1,0,76,6,2,0,0.0,0.0,0.0,2,0,47,61,77.0,6,29,2,2,1,,,,,,,,,,,,,,,,,,,,,0,37
14,José Sá,1.0,pt POR,GK,30-229,90,0,0,0,0,0,0,0,0,38,0,0,0,0.0,0.0,0.0,0,0,27,35,77.1,0,25,0,0,0,10.0,3.0,7.0,70.0,3.9,1.0,8.0,12.5,29.0,9.0,27.6,29.9,6.0,0.0,17.5,14.0,2.0,14.3,0.0,9.8,0,37
0,Eddie Nketiah,14.0,eng ENG,FW,24-096,75,0,0,0,0,1,0,0,0,35,0,1,1,0.0,0.0,0.1,7,1,19,23,82.6,3,24,1,3,1,,,,,,,,,,,,,,,,,,,,,1,38
1,Gabriel Jesus,9.0,br BRA,FW,26-153,15,1,0,0,0,1,1,1,0,9,0,0,0,0.8,0.8,0.0,2,1,6,6,100.0,1,5,2,3,3,,,,,,,,,,,,,,,,,,,,,1,38
2,Gabriel Martinelli,11.0,br BRA,LW,22-077,89,0,1,0,0,3,0,0,0,58,0,0,1,0.1,0.1,0.2,4,1,31,46,67.4,2,36,7,9,5,,,,,,,,,,,,,,,,,,,,,1,38
3,Reiss Nelson,24.0,eng ENG,LW,23-267,1,0,0,0,0,0,0,0,0,7,1,0,0,0.0,0.0,0.0,0,0,4,5,80.0,0,5,1,0,0,,,,,,,,,,,,,,,,,,,,,1,38
4,Bukayo Saka,7.0,eng ENG,RW,21-363,90,0,1,0,0,3,1,1,0,49,3,0,0,0.4,0.4,0.4,7,1,35,39,89.7,5,29,1,2,1,,,,,,,,,,,,,,,,,,,,,1,38
5,Kai Havertz,29.0,de GER,LM,24-084,76,0,0,0,0,2,0,0,0,34,2,0,1,0.4,0.4,0.0,1,0,22,25,88.0,2,18,1,0,0,,,,,,,,,,,,,,,,,,,,,1,38
6,Fabio Vieira,21.0,pt POR,LM,23-096,14,0,1,0,0,0,0,0,0,16,0,0,0,0.0,0.0,0.8,1,1,13,13,100.0,2,8,1,1,0,,,,,,,,,,,,,,,,,,,,,1,38
7,Declan Rice,41.0,eng ENG,CM,24-232,90,1,0,0,0,2,1,0,0,83,1,2,3,0.2,0.2,0.0,0,0,64,73,87.7,5,58,3,1,0,,,,,,,,,,,,,,,,,,,,,1,38
8,Martin Ødegaard,8.0,no NOR,RM,24-260,89,1,0,0,0,5,2,0,0,46,0,1,2,0.3,0.3,0.0,5,1,26,35,74.3,7,31,4,1,1,,,,,,,,,,,,,,,,,,,,,1,38
9,Jorginho,20.0,it ITA,RM,31-257,1,0,0,0,0,0,0,0,0,3,0,0,0,0.0,0.0,0.0,0,0,1,2,50.0,0,2,0,0,0,,,,,,,,,,,,,,,,,,,,,1,38
10,Oleksandr Zinchenko,35.0,ua UKR,LB,26-262,75,0,0,0,0,0,0,0,0,61,1,0,0,0.0,0.0,0.1,1,0,49,59,83.1,3,37,2,0,0,,,,,,,,,,,,,,,,,,,,,1,38
11,Takehiro Tomiyasu,18.0,jp JPN,LB,24-302,15,0,0,0,0,0,0,0,0,20,0,0,0,0.0,0.0,0.0,0,0,17,21,81.0,1,10,0,0,0,,,,,,,,,,,,,,,,,,,,,1,38
12,Gabriel Dos Santos,6.0,br BRA,CB,25-258,90,0,0,0,0,0,0,0,0,71,2,2,2,0.0,0.0,0.0,1,0,52,60,86.7,5,49,0,1,0,,,,,,,,,,,,,,,,,,,,,1,38
13,William Saliba,2.0,fr FRA,CB,22-163,90,0,0,0,0,0,0,0,0,84,0,2,1,0.0,0.0,0.0,0,0,71,79,89.9,7,59,0,1,1,,,,,,,,,,,,,,,,,,,,,1,38
14,Ben White,4.0,eng ENG,RB,25-330,90,0,0,0,0,0,0,0,0,76,1,0,3,0.0,0.0,0.4,2,0,57,70,81.4,1,41,2,0,0,,,,,,,,,,,,,,,,,,,,,1,38
15,Aaron Ramsdale,1.0,eng ENG,GK,25-112,90,0,0,0,0,0,0,0,0,28,0,0,0,0.0,0.0,0.0,0,0,23,27,85.2,1,22,0,0,0,2.0,1.0,1.0,50.0,0.6,2.0,5.0,40.0,27.0,6.0,18.5,25.7,0.0,,,2.0,0.0,0.0,0.0,,1,38
0,Anthony Martial,9.0,fr FRA,FW,27-272,66,0,0,0,0,1,1,0,0,17,0,0,0,0.0,0.0,0.0,1,0,11,12,91.7,2,10,1,0,0,,,,,,,,,,,,,,,,,,,,,0,38
1,Rasmus Højlund,11.0,dk DEN,FW,20-211,24,0,0,0,0,1,0,0,0,9,0,0,0,0.3,0.3,0.0,0,0,2,3,66.7,0,7,1,0,0,,,,,,,,,,,,,,,,,,,,,0,38
2,Marcus Rashford,10.0,eng ENG,LW,25-307,90,1,0,0,0,5,1,0,0,25,0,0,1,0.5,0.5,0.3,5,0,14,16,87.5,1,17,6,4,2,,,,,,,,,,,,,,,,,,,,,0,38
3,Antony,21.0,br BRA,RW,23-191,83,0,0,0,0,1,0,0,0,44,1,3,3,0.0,0.0,0.0,0,0,17,28,60.7,1,28,3,6,2,,,,,,,,,,,,,,,,,,,,,0,38
4,Alejandro Garnacho,17.0,ar ARG,RW,19-064,7,0,0,0,0,0,0,0,0,2,0,0,0,0.0,0.0,0.0,0,0,1,1,100.0,0,1,0,0,0,,,,,,,,,,,,,,,,,,,,,0,38
5,Bruno Fernandes,8.0,pt POR,AM,28-360,90,0,0,0,0,0,0,0,0,54,3,1,2,0.0,0.0,0.2,4,0,31,43,72.1,4,27,1,0,0,,,,,,,,,,,,,,,,,,,,,0,38
6,Christian Eriksen,14.0,dk DEN,DM,31-201,90,0,1,0,0,1,0,0,0,66,2,1,5,0.1,0.1,0.3,4,2,53,57,93.0,4,39,0,0,0,,,,,,,,,,,,,,,,,,,,,0,38
7,Casemiro,18.0,br BRA,DM,31-192,90,0,0,0,0,0,0,0,0,71,1,0,4,0.0,0.0,0.0,0,0,54,63,85.7,4,47,1,1,0,,,,,,,,,,,,,,,,,,,,,0,38
8,Diogo Dalot,20.0,pt POR,LB,24-169,90,0,0,0,0,1,0,0,0,32,1,2,0,0.0,0.0,0.0,1,0,14,21,66.7,0,14,2,1,0,,,,,,,,,,,,,,,,,,,,,0,38
9,Lisandro Martínez,6.0,ar ARG,CB,25-228,66,0,0,0,0,0,0,1,0,48,1,0,3,0.0,0.0,0.0,0,0,40,42,95.2,2,31,0,0,0,,,,,,,,,,,,,,,,,,,,,0,38
10,Harry Maguire,5.0,eng ENG,CB,30-182,24,0,0,0,0,0,0,0,0,17,0,0,0,0.0,0.0,0.0,1,0,13,17,76.5,2,12,0,0,0,,,,,,,,,,,,,,,,,,,,,0,38
11,Victor Lindelöf,2.0,se SWE,CB,29-048,83,0,0,0,0,0,0,1,0,72,0,0,3,0.0,0.0,0.0,0,0,67,69,97.1,0,49,0,0,0,,,,,,,,,,,,,,,,,,,,,0,38
12,Jonny Evans,35.0,nir NIR,CB,35-243,7,0,0,0,0,0,0,0,0,6,1,0,0,0.0,0.0,0.0,0,0,2,2,100.0,0,1,0,0,0,,,,,,,,,,,,,,,,,,,,,0,38
13,Aaron Wan-Bissaka,29.0,eng ENG,RB,25-281,90,0,0,0,0,0,0,0,0,72,5,1,0,0.0,0.0,0.0,0,0,44,54,81.5,2,30,2,0,0,,,,,,,,,,,,,,,,,,,,,0,38
14,André Onana,24.0,cm CMR,GK,27-154,90,0,0,0,0,0,0,1,0,54,0,0,0,0.0,0.0,0.0,0,0,43,53,81.1,0,45,0,0,0,5.0,3.0,2.0,40.0,1.6,4.0,11.0,36.4,51.0,1.0,19.6,25.9,2.0,50.0,38.5,20.0,1.0,5.0,0.0,8.0,0,38
0,Matheus Cunha,12.0,br BRA,FW,24-112,60,0,0,0,0,2,1,0,0,24,1,0,0,0.1,0.1,0.0,2,0,11,14,78.6,0,18,3,6,3,,,,,,,,,,,,,,,,,,,,,1,39
1,Fábio Silva,9.0,pt POR,FW,21-059,30,0,0,0,0,0,0,0,0,18,1,0,1,0.0,0.0,0.0,0,0,7,9,77.8,1,10,1,2,0,,,,,,,,,,,,,,,,,,,,,1,39
2,Pedro Neto,7.0,pt POR,LW,23-191,90,0,1,0,0,1,0,0,0,39,1,1,1,0.0,0.0,0.2,7,2,25,32,78.1,1,31,6,6,4,,,,,,,,,,,,,,,,,,,,,1,39
3,Hwang Hee-chan,11.0,kr KOR,RW,27-233,59,1,0,0,0,1,1,0,0,24,0,0,0,0.1,0.1,0.0,1,0,15,18,83.3,2,19,1,3,0,,,,,,,,,,,,,,,,,,,,,1,39
4,Matt Doherty,2.0,ie IRL,RW,31-243,31,0,0,0,0,1,0,0,0,17,0,0,1,0.1,0.1,0.1,1,0,9,12,75.0,1,13,0,2,1,,,,,,,,,,,,,,,,,,,,,1,39
5,Jean-Ricner Bellegarde,27.0,fr FRA,AM,25-081,76,0,0,0,0,1,0,0,0,33,1,0,1,0.0,0.0,0.0,3,0,17,21,81.0,4,22,4,5,2,,,,,,,,,,,,,,,,,,,,,1,39
6,Tommy Doyle,20.0,eng ENG,DM,21-334,14,0,0,0,0,0,0,0,0,19,0,0,0,0.0,0.0,0.0,0,0,16,19,84.2,3,15,0,0,0,,,,,,,,,,,,,,,,,,,,,1,39
7,Mario Lemina,5.0,ga GAB,DM,30-015,77,0,0,0,0,1,0,0,0,39,5,2,1,0.0,0.0,0.0,0,0,23,29,79.3,3,22,0,0,0,,,,,,,,,,,,,,,,,,,,,1,39
8,Boubacar Traoré,6.0,ml MLI,DM,22-027,13,0,0,0,0,0,0,0,0,7,0,0,0,0.0,0.0,0.0,1,0,6,6,100.0,0,6,0,0,0,,,,,,,,,,,,,,,,,,,,,1,39
9,João Gomes,8.0,br BRA,"DM,AM",22-216,90,0,0,0,0,1,0,0,0,49,6,2,2,0.0,0.0,0.1,1,0,30,34,88.2,1,27,1,2,1,,,,,,,,,,,,,,,,,,,,,1,39
10,Rayan Aït Nouri,3.0,dz ALG,LB,22-102,64,0,0,0,0,0,0,0,0,40,2,2,1,0.0,0.0,0.0,0,0,21,28,75.0,4,25,1,2,1,,,,,,,,,,,,,,,,,,,,,1,39
11,Hugo Bueno,17.0,es ESP,LB,20-363,26,0,0,0,0,0,0,0,0,17,1,1,0,0.0,0.0,0.0,0,0,9,13,69.2,0,11,1,0,0,,,,,,,,,,,,,,,,,,,,,1,39
12,Max Kilman,23.0,eng ENG,CB,26-116,90,0,0,0,0,1,0,0,0,49,1,2,0,0.0,0.0,0.0,0,0,33,40,82.5,2,38,0,0,0,,,,,,,,,,,,,,,,,,,,,1,39
13,Craig Dawson,15.0,eng ENG,CB,33-133,90,0,0,0,0,1,0,0,0,58,1,1,2,0.1,0.1,0.0,0,0,40,47,85.1,4,40,0,0,0,,,,,,,,,,,,,,,,,,,,,1,39
14,Nélson Semedo,22.0,pt POR,RB,29-304,90,0,0,0,0,1,0,1,0,84,2,2,3,0.1,0.1,0.0,2,0,55,66,83.3,3,47,5,7,6,,,,,,,,,,,,,,,,,,,,,1,39
15,José Sá,1.0,pt POR,GK,30-242,90,0,0,0,0,0,0,0,0,28,0,0,0,0.0,0.0,0.0,0,0,13,26,50.0,0,20,0,0,0,5.0,3.0,3.0,40.0,2.3,2.0,14.0,14.3,19.0,8.0,42.1,34.4,7.0,85.7,60.0,13.0,3.0,23.1,0.0,6.0,1,39
0,Cody Gakpo,18.0,nl NED,FW,24-132,55,1,0,0,0,3,1,0,0,22,1,0,0,1.1,1.1,0.0,1,0,10,13,76.9,3,16,0,2,1,,,,,,,,,,,,,,,,,,,,,0,39
1,Darwin Núñez,9.0,uy URU,FW,24-084,35,0,0,0,0,2,1,0,0,19,1,0,0,0.2,0.2,0.0,3,0,10,16,62.5,2,14,3,1,0,,,,,,,,,,,,,,,,,,,,,0,39
2,Diogo Jota,20.0,pt POR,"LW,RM",26-286,55,0,0,0,0,1,0,0,0,26,1,0,1,0.1,0.1,0.0,2,1,15,19,78.9,0,17,2,3,3,,,,,,,,,,,,,,,,,,,,,0,39
3,Harvey Elliott,19.0,eng ENG,RM,20-165,35,0,0,0,0,3,0,1,0,33,0,0,0,0.1,0.1,0.0,2,0,24,30,80.0,6,17,2,0,0,,,,,,,,,,,,,,,,,,,,,0,39
4,Mohamed Salah,11.0,eg EGY,"RW,FW",31-093,89,0,2,0,0,1,0,0,0,31,1,0,0,0.2,0.2,1.6,6,2,19,25,76.0,2,19,2,3,0,,,,,,,,,,,,,,,,,,,,,0,39
5,Ryan Gravenberch,38.0,nl NED,RW,21-123,1,0,0,0,0,0,0,0,0,8,1,1,0,0.0,0.0,0.0,0,0,2,3,66.7,0,4,0,3,1,,,,,,,,,,,,,,,,,,,,,0,39
6,Curtis Jones,17.0,eng ENG,"LM,CM",22-229,90,0,0,0,0,0,0,1,0,84,1,1,0,0.0,0.0,0.0,0,0,75,79,94.9,7,56,1,4,2,,,,,,,,,,,,,,,,,,,,,0,39
7,Alexis Mac Allister,10.0,ar ARG,CM,24-266,45,0,0,0,0,0,0,1,0,52,3,0,3,0.0,0.0,0.0,2,0,40,46,87.0,5,32,1,0,0,,,,,,,,,,,,,,,,,,,,,0,39
8,Luis Díaz,7.0,co COL,"LW,LM",26-246,45,0,0,0,0,3,1,0,0,44,3,0,0,0.3,0.3,0.2,3,0,26,34,76.5,2,22,1,1,0,,,,,,,,,,,,,,,,,,,,,0,39
9,Dominik Szoboszlai,8.0,hu HUN,"CM,RM",22-326,90,0,0,0,0,2,1,0,0,114,2,0,4,0.2,0.2,0.0,4,0,82,102,80.4,14,67,2,1,0,,,,,,,,,,,,,,,,,,,,,0,39
10,Andrew Robertson,26.0,sct SCO,LB,29-189,90,1,0,0,0,1,1,0,0,101,2,2,0,0.4,0.4,0.2,3,1,83,94,88.3,10,48,3,0,0,,,,,,,,,,,,,,,,,,,,,0,39
11,Jarrell Quansah,78.0,eng ENG,CB,20-230,82,0,0,0,0,0,0,0,0,90,3,2,0,0.0,0.0,0.0,0,0,78,81,96.3,4,65,1,0,0,,,,,,,,,,,,,,,,,,,,,0,39
12,Ibrahima Konaté,5.0,fr FRA,CB,24-114,8,0,0,0,0,0,0,0,0,19,1,0,0,0.0,0.0,0.2,1,0,17,18,94.4,2,12,0,0,0,,,,,,,,,,,,,,,,,,,,,0,39
13,Joël Matip,32.0,cm CMR,CB,32-039,90,0,0,0,0,0,0,0,0,111,1,2,1,0.0,0.0,0.0,0,0,89,98,90.8,11,74,2,0,0,,,,,,,,,,,,,,,,,,,,,0,39
14,Joe Gomez,2.0,eng ENG,RB,26-116,90,0,0,0,0,0,0,0,0,90,3,1,0,0.0,0.0,0.0,2,0,68,80,85.0,5,48,1,1,0,,,,,,,,,,,,,,,,,,,,,0,39
15,Alisson,1.0,br BRA,GK,30-349,90,0,0,0,0,0,0,0,0,40,0,0,0,0.0,0.0,0.0,1,0,35,40,87.5,0,27,0,0,0,2.0,1.0,1.0,50.0,0.1,2.0,4.0,50.0,33.0,5.0,9.1,23.9,7.0,14.3,24.9,11.0,0.0,0.0,2.0,25.7,0,39
0,Raúl Jiménez,7.0,mx MEX,FW,32-134,61,0,0,0,0,1,0,0,0,20,0,0,0,0.1,0.1,0.0,0,0,10,13,76.9,0,12,0,0,0,,,,,,,,,,,,,,,,,,,,,1,40
1,Carlos Vinícius,30.0,br BRA,FW,28-175,29,1,0,0,0,1,1,0,0,13,1,0,1,0.3,0.3,0.0,1,0,5,8,62.5,0,5,0,0,0,,,,,,,,,,,,,,,,,,,,,1,40
2,Willian,20.0,br BRA,LW,35-038,89,0,0,0,0,2,0,0,0,58,2,2,1,0.1,0.1,0.1,4,0,39,45,86.7,7,43,6,5,1,,,,,,,,,,,,,,,,,,,,,1,40
3,Calvin Bassey,3.0,ng NGA,LW,23-259,1,0,0,0,0,0,0,0,0,3,0,0,0,0.0,0.0,0.0,0,0,2,3,66.7,0,1,0,0,0,,,,,,,,,,,,,,,,,,,,,1,40
4,Harry Wilson,8.0,wls WAL,RW,26-178,80,0,0,0,0,2,1,0,0,50,0,0,0,0.1,0.1,0.1,3,0,40,45,88.9,2,37,0,0,0,,,,,,,,,,,,,,,,,,,,,1,40
5,Bobby Reid,14.0,jm JAM,RW,30-226,10,0,0,0,0,0,0,0,0,9,0,0,0,0.0,0.0,0.0,1,0,7,8,87.5,1,6,1,2,1,,,,,,,,,,,,,,,,,,,,,1,40
6,Andreas Pereira,18.0,br BRA,LM,27-258,80,0,0,0,0,0,0,0,0,53,0,0,0,0.0,0.0,0.3,5,1,33,48,68.8,6,29,0,0,0,,,,,,,,,,,,,,,,,,,,,1,40
7,Tom Cairney,10.0,sct SCO,LM,32-239,10,0,0,0,0,0,0,0,0,12,0,0,0,0.0,0.0,0.0,0,0,11,12,91.7,1,4,1,0,0,,,,,,,,,,,,,,,,,,,,,1,40
8,João Palhinha,26.0,pt POR,CM,28-069,90,0,0,0,0,3,0,0,0,96,5,1,2,0.1,0.1,0.0,2,0,73,82,89.0,6,55,0,0,0,,,,,,,,,,,,,,,,,,,,,1,40
9,Harrison Reed,6.0,eng ENG,RM,28-232,61,0,0,0,0,0,0,0,0,56,0,0,0,0.0,0.0,0.0,1,0,46,50,92.0,2,32,1,0,0,,,,,,,,,,,,,,,,,,,,,1,40
10,Alex Iwobi,22.0,ng NGA,RM,27-136,29,0,0,0,0,2,0,0,0,33,1,0,0,0.1,0.1,0.0,3,1,26,31,83.9,3,19,1,1,0,,,,,,,,,,,,,,,,,,,,,1,40
11,Timothy Castagne,21.0,be BEL,LB,27-285,90,0,0,0,0,1,0,1,0,85,4,2,1,0.0,0.0,0.0,2,0,65,72,90.3,4,46,1,1,1,,,,,,,,,,,,,,,,,,,,,1,40
12,Tim Ream,13.0,us USA,CB,35-346,90,0,0,0,0,0,0,0,0,155,3,0,0,0.0,0.0,0.0,1,0,140,148,94.6,13,115,3,1,0,,,,,,,,,,,,,,,,,,,,,1,40
13,Issa Diop,31.0,fr FRA,CB,26-250,90,0,0,0,0,0,0,1,0,167,1,0,1,0.0,0.0,0.0,1,0,157,164,95.7,13,137,1,0,0,,,,,,,,,,,,,,,,,,,,,1,40
14,Kenny Tete,2.0,nl NED,RB,27-342,90,0,0,0,0,1,0,0,0,113,0,2,0,0.2,0.2,0.0,1,0,92,105,87.6,10,77,4,4,1,,,,,,,,,,,,,,,,,,,,,1,40
15,Bernd Leno,17.0,de GER,GK,31-196,90,0,0,0,0,0,0,0,0,24,0,0,0,0.0,0.0,0.0,0,0,19,24,79.2,0,16,0,0,0,2.0,0.0,2.0,100.0,0.9,3.0,8.0,37.5,19.0,2.0,15.8,26.6,5.0,100.0,67.4,10.0,0.0,0.0,0.0,,1,40
0,Carlton Morris,9.0,eng ENG,FW,27-274,73,0,0,0,0,1,0,0,0,23,1,0,0,0.1,0.1,0.0,0,0,11,18,61.1,1,13,1,1,0,,,,,,,,,,,,,,,,,,,,,0,40
1,Chiedozie Ogbene,7.0,ie IRL,"CM,FW",26-138,17,0,0,0,0,0,0,0,0,9,0,0,0,0.0,0.0,0.0,2,0,4,7,57.1,0,5,0,2,1,,,,,,,,,,,,,,,,,,,,,0,40
2,Jacob Brown,19.0,sct SCO,FW,25-159,73,0,0,0,0,1,0,0,0,24,3,2,2,0.3,0.3,0.3,2,0,5,8,62.5,0,10,2,3,1,,,,,,,,,,,,,,,,,,,,,0,40
3,Alfie Doughty,45.0,eng ENG,"LM,FW",23-269,17,0,0,0,0,0,0,0,0,9,0,0,1,0.0,0.0,0.0,0,0,3,8,37.5,0,1,1,0,0,,,,,,,,,,,,,,,,,,,,,0,40
4,Tahith Chong,14.0,nl NED,CM,23-286,73,0,0,0,0,1,1,1,0,18,1,0,0,0.1,0.1,0.0,0,0,8,12,66.7,1,9,1,0,0,,,,,,,,,,,,,,,,,,,,,0,40
5,Elijah Adebayo,11.0,eng ENG,"FW,CM",25-252,17,0,0,0,0,0,0,0,0,8,0,0,0,0.0,0.0,0.0,2,0,4,4,100.0,0,4,0,0,0,,,,,,,,,,,,,,,,,,,,,0,40
6,Marvelous Nakamba,13.0,zw ZIM,CM,29-240,90,0,0,0,0,0,0,0,0,30,6,1,2,0.0,0.0,0.0,0,0,17,20,85.0,0,11,0,0,0,,,,,,,,,,,,,,,,,,,,,0,40
7,Albert Sambi Lokonga,28.0,be BEL,CM,23-329,73,0,0,0,0,0,0,0,0,30,0,0,0,0.0,0.0,0.1,2,0,18,25,72.0,1,20,0,2,0,,,,,,,,,,,,,,,,,,,,,0,40
8,Pelly Ruddock Mpanzu,17.0,cd COD,"RM,CM",30-061,17,0,0,0,0,0,0,0,0,6,0,1,0,0.0,0.0,0.0,0,0,2,4,50.0,2,4,0,0,0,,,,,,,,,,,,,,,,,,,,,0,40
9,Amari'i Bell,29.0,jm JAM,LB,29-134,90,0,0,0,0,1,1,0,0,29,3,1,2,0.2,0.2,0.0,0,0,8,14,57.1,0,12,0,0,0,,,,,,,,,,,,,,,,,,,,,0,40
10,Mads Juel Andersen,5.0,dk DEN,CB,25-263,90,0,0,0,0,0,0,0,0,39,0,3,1,0.0,0.0,0.0,0,0,25,31,80.6,2,16,0,0,0,,,,,,,,,,,,,,,,,,,,,0,40
11,Tom Lockyer,4.0,wls WAL,CB,28-287,90,0,0,0,0,1,0,0,0,38,2,2,0,0.2,0.2,0.0,1,0,20,30,66.7,3,23,0,1,1,,,,,,,,,,,,,,,,,,,,,0,40
12,Reece Burke,16.0,eng ENG,CB,27-014,80,0,0,0,0,0,0,0,0,27,2,0,2,0.0,0.0,0.0,0,0,11,18,61.1,1,13,0,0,0,,,,,,,,,,,,,,,,,,,,,0,40
13,Cauley Woodrow,10.0,eng ENG,FW,28-288,10,0,0,0,0,1,0,0,0,2,0,0,0,0.1,0.1,0.0,0,0,0,0,,0,2,0,0,0,,,,,,,,,,,,,,,,,,,,,0,40
14,Issa Kaboré,12.0,bf BFA,RB,22-127,90,0,0,0,0,1,0,0,0,44,2,1,1,0.0,0.0,0.7,5,0,25,32,78.1,3,14,2,3,1,,,,,,,,,,,,,,,,,,,,,0,40
15,Thomas Kaminski,24.0,be BEL,GK,30-328,90,0,0,0,0,0,0,1,0,30,0,0,0,0.0,0.0,0.0,0,0,15,29,51.7,0,13,0,0,0,2.0,1.0,1.0,50.0,1.0,5.0,17.0,29.4,19.0,7.0,36.8,34.4,10.0,100.0,66.0,22.0,2.0,9.1,0.0,3.7,0,40
0,Michail Antonio,9.0,jm JAM,FW,33-172,66,0,0,0,0,0,0,0,0,15,1,0,0,0.0,0.0,0.1,1,0,5,8,62.5,0,14,5,2,1,,,,,,,,,,,,,,,,,,,,,1,41
1,Kudus Mohammed,14.0,gh GHA,"RW,AM,FW",23-045,24,0,0,0,0,0,0,0,0,17,2,1,1,0.0,0.0,0.0,1,0,4,7,57.1,0,8,1,2,0,,,,,,,,,,,,,,,,,,,,,1,41
2,Lucas Paquetá,10.0,br BRA,"LW,DM",26-020,90,0,0,0,0,0,0,1,0,72,3,1,1,0.0,0.0,0.0,1,0,54,64,84.4,5,54,0,2,2,,,,,,,,,,,,,,,,,,,,,1,41
3,Jarrod Bowen,20.0,eng ENG,"RW,FW",26-270,90,0,0,0,0,0,0,0,0,30,1,2,0,0.0,0.0,0.0,2,1,17,23,73.9,1,22,2,1,0,,,,,,,,,,,,,,,,,,,,,1,41
4,James Ward-Prowse,7.0,eng ENG,"AM,DM",28-319,90,1,0,0,0,2,2,0,0,45,0,2,2,0.6,0.6,0.1,2,0,27,31,87.1,1,21,0,0,0,,,,,,,,,,,,,,,,,,,,,1,41
5,Edson Álvarez,19.0,mx MEX,DM,25-327,67,0,0,0,0,0,0,1,0,36,0,0,0,0.0,0.0,0.0,0,0,24,27,88.9,0,26,0,0,0,,,,,,,,,,,,,,,,,,,,,1,41
6,Saïd Benrahma,22.0,dz ALG,LW,28-037,23,0,0,0,0,0,0,0,0,8,0,1,0,0.0,0.0,0.0,0,0,3,5,60.0,0,6,2,1,0,,,,,,,,,,,,,,,,,,,,,1,41
7,Tomáš Souček,28.0,cz CZE,"DM,AM",28-201,86,0,0,0,0,0,0,1,0,28,1,0,4,0.0,0.0,0.2,1,0,14,17,82.4,2,9,1,1,0,,,,,,,,,,,,,,,,,,,,,1,41
8,Danny Ings,18.0,eng ENG,FW,31-055,4,0,0,0,0,0,0,0,0,2,0,0,0,0.0,0.0,0.0,0,0,2,2,100.0,0,0,0,0,0,,,,,,,,,,,,,,,,,,,,,1,41
9,Emerson Palmieri,33.0,it ITA,LB,29-044,90,0,0,0,0,1,0,0,0,44,2,0,1,0.1,0.1,0.0,3,0,32,36,88.9,3,27,2,1,1,,,,,,,,,,,,,,,,,,,,,1,41
10,Nayef Aguerd,27.0,ma MAR,CB,27-170,90,0,0,0,0,2,0,0,0,63,0,3,4,0.3,0.3,0.0,0,0,40,46,87.0,1,39,0,0,0,,,,,,,,,,,,,,,,,,,,,1,41
11,Kurt Zouma,4.0,fr FRA,CB,28-324,90,0,0,0,0,1,1,0,0,39,0,2,2,0.1,0.1,0.0,0,0,28,29,96.6,0,27,0,0,0,,,,,,,,,,,,,,,,,,,,,1,41
12,Vladimír Coufal,5.0,cz CZE,RB,31-025,86,0,1,0,0,0,0,0,0,41,4,2,2,0.0,0.0,0.5,1,1,22,31,71.0,1,21,4,0,0,,,,,,,,,,,,,,,,,,,,,1,41
13,Thilo Kehrer,24.0,de GER,RB,26-360,4,0,0,0,0,0,0,0,0,5,0,0,0,0.0,0.0,0.0,0,0,5,5,100.0,0,2,0,0,0,,,,,,,,,,,,,,,,,,,,,1,41
14,Alphonse Areola,23.0,fr FRA,GK,30-201,90,0,0,0,0,0,0,0,0,29,0,0,0,0.0,0.0,0.0,0,0,20,21,95.2,0,15,0,0,0,13.0,3.0,10.0,76.9,4.3,4.0,5.0,80.0,15.0,7.0,20.0,25.2,6.0,33.3,32.7,15.0,0.0,0.0,0.0,2.5,1,41
0,Erling Haaland,9.0,no NOR,FW,23-057,89,1,0,0,0,9,4,0,0,22,0,0,0,2.5,2.5,0.0,2,0,9,13,69.2,0,17,0,0,0,,,,,,,,,,,,,,,,,,,,,0,41
1,Rico Lewis,82.0,eng ENG,"AM,FW",18-299,1,0,0,0,0,0,0,0,0,1,0,0,0,0.0,0.0,0.0,0,0,1,1,100.0,0,1,0,0,0,,,,,,,,,,,,,,,,,,,,,0,41
2,Jeremy Doku,11.0,be BEL,LW,21-112,89,1,0,0,0,3,2,0,0,61,2,0,2,0.1,0.1,0.6,7,0,30,40,75.0,4,46,13,8,3,,,,,,,,,,,,,,,,,,,,,0,41
3,Sergio Gómez,21.0,es ESP,LW,23-012,1,0,0,0,0,0,0,0,0,7,0,1,0,0.0,0.0,0.0,0,0,4,6,66.7,0,5,2,0,0,,,,,,,,,,,,,,,,,,,,,0,41
4,Phil Foden,47.0,eng ENG,RW,23-111,66,0,0,0,0,5,1,0,0,48,1,0,0,0.1,0.1,0.1,5,0,29,38,76.3,3,40,2,1,0,,,,,,,,,,,,,,,,,,,,,0,41
5,Matheus Nunes,27.0,pt POR,DM,25-020,24,0,0,0,0,0,0,0,0,24,0,0,0,0.0,0.0,0.0,0,0,20,23,87.0,1,22,0,0,0,,,,,,,,,,,,,,,,,,,,,0,41
6,Julián Álvarez,19.0,ar ARG,AM,23-228,90,0,2,0,0,2,0,0,0,67,0,0,1,0.1,0.1,0.5,8,3,52,63,82.5,4,45,6,0,0,,,,,,,,,,,,,,,,,,,,,0,41
7,Bernardo Silva,20.0,pt POR,"DM,RW",29-037,89,1,1,0,0,1,1,0,0,79,1,0,0,0.4,0.4,0.4,9,2,71,75,94.7,12,71,6,1,1,,,,,,,,,,,,,,,,,,,,,0,41
8,Oscar Bobb,52.0,no NOR,RW,20-066,1,0,0,0,0,0,0,0,0,2,0,0,0,0.0,0.0,0.0,0,0,1,1,100.0,0,1,1,1,0,,,,,,,,,,,,,,,,,,,,,0,41
9,Rodri,16.0,es ESP,DM,27-086,90,0,0,0,0,5,2,1,0,125,1,1,1,0.2,0.2,0.7,14,1,113,116,97.4,23,109,9,3,2,,,,,,,,,,,,,,,,,,,,,0,41
10,Joško Gvardiol,24.0,hr CRO,LB,21-236,89,0,0,0,0,2,1,1,0,89,1,0,1,0.1,0.1,0.6,3,0,75,83,90.4,7,64,2,1,1,,,,,,,,,,,,,,,,,,,,,0,41
11,Nathan Aké,6.0,nl NED,LB,28-210,1,0,0,0,0,0,0,0,0,1,0,0,0,0.0,0.0,0.0,0,0,1,1,100.0,0,1,0,0,0,,,,,,,,,,,,,,,,,,,,,0,41
12,Rúben Dias,3.0,pt POR,CB,26-125,90,0,0,0,0,2,2,0,0,80,0,2,0,0.2,0.2,0.0,1,0,67,73,91.8,4,66,5,0,0,,,,,,,,,,,,,,,,,,,,,0,41
13,Manuel Akanji,25.0,ch SUI,CB,28-059,90,0,0,0,0,0,0,0,0,97,2,2,1,0.0,0.0,0.0,4,0,88,89,98.9,7,83,5,0,0,,,,,,,,,,,,,,,,,,,,,0,41
14,Kyle Walker,2.0,eng ENG,RB,33-111,90,0,0,0,0,0,0,0,0,102,3,1,1,0.0,0.0,0.4,2,0,87,94,92.6,9,79,2,0,0,,,,,,,,,,,,,,,,,,,,,0,41
15,Ederson,31.0,br BRA,GK,30-030,90,0,0,0,0,0,0,0,0,32,0,0,0,0.0,0.0,0.0,0,0,28,31,90.3,1,28,0,0,0,3.0,1.0,2.0,66.7,1.3,2.0,5.0,40.0,29.0,5.0,17.2,26.3,2.0,0.0,15.0,8.0,0.0,0.0,0.0,11.5,0,41
0,Ollie Watkins,11.0,eng ENG,FW,27-260,89,0,0,0,0,4,1,0,0,25,0,0,2,0.6,0.6,0.1,4,1,11,13,84.6,4,13,1,2,0,,,,,,,,,,,,,,,,,,,,,1,42
1,Leander Dendoncker,32.0,be BEL,FW,28-154,1,0,0,0,0,0,0,0,0,6,0,0,0,0.0,0.0,0.0,0,0,4,5,80.0,0,2,0,0,0,,,,,,,,,,,,,,,,,,,,,1,42
2,Nicolò Zaniolo,22.0,it ITA,LW,24-076,56,0,0,0,0,1,0,1,0,29,0,0,2,0.0,0.0,0.6,5,0,14,19,73.7,1,24,3,4,1,,,,,,,,,,,,,,,,,,,,,1,42
3,Leon Bailey,31.0,jm JAM,"RM,LW",26-038,34,1,0,0,0,2,1,1,0,28,0,1,0,0.8,0.8,0.0,3,0,15,21,71.4,4,18,3,4,2,,,,,,,,,,,,,,,,,,,,,1,42
4,John McGinn,7.0,sct SCO,RW,28-333,70,0,0,0,0,0,0,1,0,39,1,0,1,0.0,0.0,0.0,1,0,27,31,87.1,3,28,1,4,1,,,,,,,,,,,,,,,,,,,,,1,42
5,Jhon Durán,24.0,co COL,FW,19-277,20,1,0,0,0,2,2,1,0,10,1,0,0,0.1,0.1,0.0,0,0,4,6,66.7,1,6,0,0,0,,,,,,,,,,,,,,,,,,,,,1,42
6,Moussa Diaby,19.0,fr FRA,"AM,LM",24-071,90,0,1,0,0,2,0,0,0,39,0,0,0,0.1,0.1,0.8,2,1,23,33,69.7,6,34,4,0,0,,,,,,,,,,,,,,,,,,,,,1,42
7,Douglas Luiz,6.0,br BRA,"DM,CM",25-130,90,1,0,1,1,0,0,0,0,84,6,1,3,0.8,0.0,0.1,3,1,58,69,84.1,5,49,1,4,1,,,,,,,,,,,,,,,,,,,,,1,42
8,Boubacar Kamara,44.0,fr FRA,DM,23-297,57,0,0,0,0,0,0,0,0,48,3,0,0,0.0,0.0,0.0,0,0,35,39,89.7,3,29,0,1,1,,,,,,,,,,,,,,,,,,,,,1,42
9,Youri Tielemans,8.0,be BEL,"CM,DM",26-132,33,0,0,0,0,1,0,0,0,28,0,1,0,0.1,0.1,0.0,2,2,17,24,70.8,3,13,1,0,0,,,,,,,,,,,,,,,,,,,,,1,42
10,Lucas Digne,12.0,fr FRA,LB,30-058,90,0,1,0,0,1,0,0,0,112,3,1,3,0.0,0.0,0.3,5,1,69,96,71.9,8,67,1,0,0,,,,,,,,,,,,,,,,,,,,,1,42
11,Pau Torres,14.0,es ESP,CB,26-243,90,0,0,0,0,0,0,0,0,132,3,1,0,0.0,0.0,0.0,0,0,117,125,93.6,21,106,4,0,0,,,,,,,,,,,,,,,,,,,,,1,42
12,Ezri Konsa,4.0,eng ENG,CB,25-328,90,0,0,0,0,0,0,0,0,95,3,1,3,0.0,0.0,0.0,0,0,80,85,94.1,2,59,0,0,0,,,,,,,,,,,,,,,,,,,,,1,42
13,Matty Cash,2.0,pl POL,RB,26-040,90,0,0,0,0,2,0,1,0,74,6,1,1,0.6,0.6,0.0,1,0,53,62,85.5,6,42,6,2,0,,,,,,,,,,,,,,,,,,,,,1,42
14,Emiliano Martínez,1.0,ar ARG,GK,31-014,90,0,0,0,0,0,0,0,0,37,0,0,0,0.0,0.0,0.0,0,0,34,37,91.9,0,24,0,0,0,3.0,1.0,2.0,66.7,0.7,1.0,4.0,25.0,31.0,8.0,6.5,23.0,6.0,33.3,31.0,10.0,0.0,0.0,3.0,29.7,1,42
0,Odsonne Édouard,22.0,fr FRA,"AM,FW",25-243,89,1,0,0,0,1,1,0,0,45,4,1,1,0.3,0.3,0.1,3,0,14,26,53.8,4,22,3,4,0,,,,,,,,,,,,,,,,,,,,,0,42
1,Naouirou Ahamada,29.0,fr FRA,LW,21-171,1,0,0,0,0,0,0,0,0,9,0,1,0,0.0,0.0,0.0,0,0,5,8,62.5,0,8,2,0,0,,,,,,,,,,,,,,,,,,,,,0,42
2,Eberechi Eze,10.0,eng ENG,"LW,FW,AM",25-079,90,0,0,0,0,4,2,1,0,52,1,0,1,0.4,0.4,0.0,1,0,31,37,83.8,5,36,4,11,7,,,,,,,,,,,,,,,,,,,,,0,42
3,Jeffrey Schlupp,15.0,gh GHA,"RW,LM",30-267,90,0,0,0,0,0,0,0,0,38,3,0,1,0.0,0.0,0.0,1,0,15,23,65.2,3,19,0,2,0,,,,,,,,,,,,,,,,,,,,,0,42
4,Will Hughes,19.0,eng ENG,"DM,CM",28-152,90,0,0,0,0,0,0,1,0,57,5,1,6,0.0,0.0,0.0,0,0,33,39,84.6,0,20,0,3,2,,,,,,,,,,,,,,,,,,,,,0,42
5,Cheick Doucouré,28.0,ml MLI,"DM,CM",23-251,89,0,0,0,0,0,0,0,0,48,4,4,3,0.0,0.0,0.3,3,1,31,35,88.6,10,20,3,3,3,,,,,,,,,,,,,,,,,,,,,0,42
6,Jesuran Rak Sakyi,49.0,eng ENG,DM,20-346,1,0,0,0,0,0,0,0,0,3,1,0,0,0.0,0.0,0.0,0,0,1,1,100.0,0,2,0,0,0,,,,,,,,,,,,,,,,,,,,,0,42
7,Jordan Ayew,9.0,gh GHA,RM,32-005,24,0,0,0,0,0,0,0,0,8,1,1,0,0.0,0.0,0.0,0,0,2,2,100.0,0,2,0,1,0,,,,,,,,,,,,,,,,,,,,,0,42
8,Jean-Philippe Mateta,14.0,fr FRA,FW,26-080,66,0,1,0,0,0,0,0,0,22,1,0,0,0.0,0.0,0.3,2,1,7,12,58.3,1,15,1,3,0,,,,,,,,,,,,,,,,,,,,,0,42
9,Tyrick Mitchell,3.0,eng ENG,LB,24-015,90,0,0,0,0,0,0,0,0,52,0,1,0,0.0,0.0,0.0,0,0,35,46,76.1,0,23,2,1,1,,,,,,,,,,,,,,,,,,,,,0,42
10,Chris Richards,26.0,us USA,CB,23-172,90,0,0,0,0,0,0,0,0,36,1,1,3,0.0,0.0,0.0,0,0,20,24,83.3,0,13,0,0,0,,,,,,,,,,,,,,,,,,,,,0,42
11,Joachim Andersen,16.0,dk DEN,CB,27-108,90,0,0,0,0,0,0,0,0,44,0,1,1,0.0,0.0,0.4,1,0,22,34,64.7,3,18,1,0,0,,,,,,,,,,,,,,,,,,,,,0,42
12,Joel Ward,2.0,eng ENG,RB,33-322,90,0,0,0,0,1,0,1,0,38,2,1,2,0.4,0.4,0.0,0,0,20,30,66.7,1,12,1,0,0,,,,,,,,,,,,,,,,,,,,,0,42
13,Sam Johnstone,1.0,eng ENG,GK,30-175,90,0,0,0,0,0,0,0,0,27,0,0,0,0.0,0.0,0.0,0,0,12,22,54.5,0,14,0,0,0,5.0,3.0,2.0,60.0,2.5,6.0,15.0,40.0,20.0,3.0,65.0,47.0,2.0,100.0,68.0,19.0,2.0,10.5,2.0,13.8,0,42
0,Marcus Rashford,10.0,eng ENG,FW,25-320,90,0,0,0,0,9,2,0,0,44,0,0,0,0.7,0.7,0.0,3,0,21,29,72.4,2,34,8,8,5,,,,,,,,,,,,,,,,,,,,,1,43
1,Rasmus Højlund,11.0,dk DEN,FW,20-224,63,0,0,0,0,1,0,0,0,13,1,0,0,0.0,0.0,0.1,2,0,8,9,88.9,1,6,0,0,0,,,,,,,,,,,,,,,,,,,,,1,43
2,Anthony Martial,9.0,fr FRA,FW,27-285,27,0,0,0,0,0,0,0,0,10,1,0,0,0.0,0.0,0.0,0,0,7,10,70.0,0,7,0,1,1,,,,,,,,,,,,,,,,,,,,,1,43
3,Bruno Fernandes,8.0,pt POR,"AM,DM",29-008,90,0,0,0,0,2,1,1,0,93,0,0,2,0.1,0.1,0.2,4,1,64,84,76.2,17,62,2,4,2,,,,,,,,,,,,,,,,,,,,,1,43
4,Christian Eriksen,14.0,dk DEN,"LM,CM",31-214,90,0,0,0,0,0,0,0,0,62,1,0,0,0.0,0.0,0.0,2,0,51,61,83.6,2,39,2,2,2,,,,,,,,,,,,,,,,,,,,,1,43
5,Scott McTominay,39.0,sct SCO,RM,26-282,84,0,0,0,0,0,0,0,0,20,0,1,0,0.0,0.0,0.0,0,0,15,17,88.2,1,14,1,2,2,,,,,,,,,,,,,,,,,,,,,1,43
6,Facundo Pellistri,28.0,uy URU,RW,21-270,6,0,0,0,0,0,0,0,0,6,0,0,0,0.0,0.0,0.0,0,0,4,5,80.0,1,5,1,2,2,,,,,,,,,,,,,,,,,,,,,1,43
7,Casemiro,18.0,br BRA,DM,31-205,63,0,0,0,0,0,0,0,0,52,2,0,4,0.0,0.0,0.1,2,0,36,46,78.3,5,30,2,0,0,,,,,,,,,,,,,,,,,,,,,1,43
8,Hannibal Mejbri,46.0,tn TUN,"AM,CM",20-238,27,1,0,0,0,1,1,1,0,10,1,0,0,0.0,0.0,0.0,1,0,6,6,100.0,1,9,0,2,1,,,,,,,,,,,,,,,,,,,,,1,43
9,Sergio Reguilón,15.0,es ESP,LB,26-274,84,0,0,0,0,0,0,0,0,55,2,0,1,0.0,0.0,0.2,1,0,36,46,78.3,4,30,2,6,2,,,,,,,,,,,,,,,,,,,,,1,43
10,Alejandro Garnacho,17.0,ar ARG,"LW,LB",19-077,6,0,0,0,0,0,0,0,0,9,0,0,0,0.0,0.0,0.0,0,0,3,5,60.0,0,7,0,1,0,,,,,,,,,,,,,,,,,,,,,1,43
11,Lisandro Martínez,6.0,ar ARG,CB,25-241,84,0,1,0,0,0,0,0,0,64,1,1,0,0.0,0.0,0.0,2,1,58,61,95.1,3,45,0,0,0,,,,,,,,,,,,,,,,,,,,,1,43
12,Aaron Wan-Bissaka,29.0,eng ENG,CB,25-294,6,0,0,0,0,0,0,0,0,11,1,0,0,0.0,0.0,0.0,0,0,10,11,90.9,1,5,0,0,0,,,,,,,,,,,,,,,,,,,,,1,43
13,Victor Lindelöf,2.0,se SWE,CB,29-061,90,0,0,0,0,1,0,0,0,69,0,1,0,0.1,0.1,0.1,3,0,62,66,93.9,3,54,0,1,1,,,,,,,,,,,,,,,,,,,,,1,43
14,Diogo Dalot,20.0,pt POR,"RB,CB",24-182,90,0,0,0,0,0,0,0,0,50,6,1,0,0.0,0.0,0.2,4,0,34,42,81.0,4,28,1,5,4,,,,,,,,,,,,,,,,,,,,,1,43
15,André Onana,24.0,cm CMR,GK,27-167,90,0,0,0,0,0,0,0,0,44,0,0,0,0.0,0.0,0.0,0,0,30,41,73.2,0,37,0,0,0,8.0,3.0,5.0,62.5,2.5,1.0,11.0,9.1,38.0,5.0,28.9,29.5,3.0,0.0,18.0,4.0,0.0,0.0,0.0,9.0,1,43
0,Danny Welbeck,18.0,eng ENG,FW,32-294,63,1,0,0,0,2,1,0,0,35,3,1,0,0.5,0.5,0.0,2,1,20,23,87.0,2,22,1,1,0,,,,,,,,,,,,,,,,,,,,,0,43
1,João Pedro,9.0,br BRA,FW,21-355,27,1,0,0,0,1,1,0,0,26,2,1,0,0.1,0.1,0.3,3,0,17,20,85.0,2,16,2,1,0,,,,,,,,,,,,,,,,,,,,,0,43
2,Kaoru Mitoma,22.0,jp JPN,LW,26-119,90,0,0,0,0,1,1,0,0,39,1,1,1,0.1,0.1,0.0,2,0,20,26,76.9,1,31,7,5,0,,,,,,,,,,,,,,,,,,,,,0,43
3,Simon Adingra,24.0,ci CIV,RW,21-258,84,0,1,0,0,0,0,0,0,42,3,2,0,0.0,0.0,0.5,1,1,26,31,83.9,0,23,3,2,1,,,,,,,,,,,,,,,,,,,,,0,43
4,Evan Ferguson,28.0,ie IRL,RW,18-332,6,0,0,0,0,1,1,0,0,10,0,0,1,0.1,0.1,0.0,0,0,6,6,100.0,0,10,1,1,0,,,,,,,,,,,,,,,,,,,,,0,43
5,Adam Lallana,14.0,eng ENG,AM,35-129,63,0,0,0,0,0,0,0,0,24,1,1,0,0.0,0.0,0.0,1,0,19,21,90.5,1,15,0,1,1,,,,,,,,,,,,,,,,,,,,,0,43
6,Ansu Fati,31.0,es ESP,AM,20-320,27,0,0,0,0,2,2,0,0,14,0,0,2,0.5,0.5,0.0,2,0,8,9,88.9,4,8,1,1,0,,,,,,,,,,,,,,,,,,,,,0,43
7,Mahmoud Dahoud,8.0,de GER,DM,27-258,76,0,0,0,0,0,0,0,0,54,2,0,1,0.0,0.0,0.0,1,0,42,48,87.5,0,30,0,0,0,,,,,,,,,,,,,,,,,,,,,0,43
8,Billy Gilmour,11.0,sct SCO,DM,22-097,14,0,0,0,0,0,0,0,0,17,0,0,0,0.0,0.0,0.4,1,0,15,16,93.8,1,8,0,0,0,,,,,,,,,,,,,,,,,,,,,0,43
9,Pascal Groß,13.0,de GER,DM,32-093,90,1,0,0,0,2,2,0,0,112,1,0,3,0.3,0.3,0.0,2,1,99,101,98.0,5,74,2,2,1,,,,,,,,,,,,,,,,,,,,,0,43
10,Tariq Lamptey,2.0,gh GHA,LB,22-351,76,0,2,0,0,1,0,1,0,53,1,0,0,0.0,0.0,0.4,3,2,41,48,85.4,2,31,8,2,1,,,,,,,,,,,,,,,,,,,,,0,43
11,James Milner,6.0,eng ENG,LB,37-255,14,0,0,0,0,0,0,0,0,9,0,0,0,0.0,0.0,0.0,0,0,8,8,100.0,0,5,0,0,0,,,,,,,,,,,,,,,,,,,,,0,43
12,Lewis Dunk,5.0,eng ENG,CB,31-299,90,0,0,0,0,0,0,0,0,100,0,2,1,0.0,0.0,0.0,1,1,86,94,91.5,2,65,0,2,1,,,,,,,,,,,,,,,,,,,,,0,43
13,Jan Paul van Hecke,29.0,nl NED,CB,23-100,90,0,0,0,0,0,0,1,0,111,2,1,2,0.0,0.0,0.0,0,0,98,102,96.1,2,78,1,0,0,,,,,,,,,,,,,,,,,,,,,0,43
14,Joël Veltman,34.0,nl NED,RB,31-244,90,0,0,0,0,0,0,0,0,85,3,1,2,0.0,0.0,0.0,0,0,59,69,85.5,5,55,3,2,1,,,,,,,,,,,,,,,,,,,,,0,43
15,Jason Steele,23.0,eng ENG,GK,33-029,90,0,0,0,0,0,0,0,0,57,0,0,0,0.0,0.0,0.0,0,0,50,55,90.9,0,42,0,0,0,4.0,1.0,3.0,75.0,0.7,8.0,12.0,66.7,52.0,2.0,23.1,27.4,3.0,0.0,12.7,15.0,0.0,0.0,3.0,21.8,0,43
0,Son Heung-min,7.0,kr KOR,FW,31-070,79,0,0,0,0,3,1,0,0,28,0,0,0,0.2,0.2,0.0,0,0,16,18,88.9,1,18,2,1,0,,,,,,,,,,,,,,,,,,,,,1,44
1,Brennan Johnson,22.0,wls WAL,RW,22-116,11,0,0,0,0,0,0,0,0,9,0,0,0,0.0,0.0,0.1,2,0,7,7,100.0,0,6,2,1,0,,,,,,,,,,,,,,,,,,,,,1,44
2,Manor Solomon,27.0,il ISR,LW,24-054,79,0,0,0,0,4,1,1,0,47,0,0,2,0.3,0.3,0.2,6,0,25,31,80.6,7,34,5,8,4,,,,,,,,,,,,,,,,,,,,,1,44
3,Ivan Perišić,14.0,hr CRO,LW,34-226,11,0,1,0,0,1,0,1,0,17,1,0,0,0.1,0.1,0.2,2,2,7,14,50.0,0,9,4,0,0,,,,,,,,,,,,,,,,,,,,,1,44
4,Dejan Kulusevski,21.0,se SWE,"RW,RM",23-144,90,1,0,0,0,7,2,0,0,61,1,0,0,0.3,0.3,0.9,8,0,38,51,74.5,6,43,9,3,0,,,,,,,,,,,,,,,,,,,,,1,44
5,James Maddison,10.0,eng ENG,"AM,LM",26-297,90,0,0,0,0,3,2,1,0,86,3,0,0,0.2,0.2,0.1,11,0,60,77,77.9,19,62,4,6,3,,,,,,,,,,,,,,,,,,,,,1,44
6,Yves Bissouma,8.0,ml MLI,"DM,CM",27-017,90,0,0,0,0,2,1,1,0,102,1,1,3,0.5,0.5,0.1,6,0,78,90,86.7,16,72,8,5,4,,,,,,,,,,,,,,,,,,,,,1,44
7,Pape Matar Sarr,29.0,sn SEN,DM,21-002,79,0,0,0,0,3,2,0,0,65,0,1,0,0.3,0.3,0.1,3,0,54,61,88.5,8,44,4,1,1,,,,,,,,,,,,,,,,,,,,,1,44
8,Richarlison,9.0,br BRA,FW,26-129,11,1,1,0,0,2,1,1,0,8,0,0,1,0.3,0.3,0.1,1,1,3,5,60.0,0,7,1,0,0,,,,,,,,,,,,,,,,,,,,,1,44
9,Destiny Udogie,38.0,it ITA,LB,20-292,90,0,0,0,0,0,0,0,0,87,3,3,1,0.0,0.0,0.0,4,0,62,74,83.8,6,45,4,2,1,,,,,,,,,,,,,,,,,,,,,1,44
10,Micky van de Ven,37.0,nl NED,CB,22-150,89,0,0,0,0,0,0,1,0,75,3,0,0,0.0,0.0,0.0,1,0,65,67,97.0,6,48,0,1,0,,,,,,,,,,,,,,,,,,,,,1,44
11,Pierre Højbjerg,5.0,dk DEN,CB,28-042,1,0,0,0,0,0,0,0,0,6,0,0,0,0.0,0.0,0.0,0,0,5,6,83.3,1,4,0,0,0,,,,,,,,,,,,,,,,,,,,,1,44
12,Cristian Romero,17.0,ar ARG,CB,25-142,90,0,0,0,0,2,0,0,0,90,3,1,0,0.1,0.1,0.1,2,1,72,80,90.0,7,61,3,0,0,,,,,,,,,,,,,,,,,,,,,1,44
13,Pedro Porro,23.0,es ESP,RB,24-003,89,0,0,0,0,1,0,0,0,74,2,0,3,0.0,0.0,0.2,7,0,56,66,84.8,13,39,1,1,1,,,,,,,,,,,,,,,,,,,,,1,44
14,Emerson,12.0,br BRA,RB,24-245,1,0,0,0,0,0,0,0,0,9,0,0,0,0.0,0.0,0.0,0,0,7,8,87.5,1,6,2,1,0,,,,,,,,,,,,,,,,,,,,,1,44
15,Guglielmo Vicario,13.0,it ITA,GK,26-344,90,0,0,0,0,0,0,0,0,30,0,0,0,0.0,0.0,0.0,1,0,24,28,85.7,0,18,0,0,0,5.0,1.0,4.0,80.0,1.4,1.0,5.0,20.0,27.0,6.0,18.5,27.1,1.0,0.0,32.0,4.0,1.0,25.0,4.0,25.0,1,44
0,Cameron Archer,10.0,eng ENG,FW,22-057,90,0,0,0,0,0,0,1,0,29,1,0,3,0.0,0.0,0.1,2,0,17,21,81.0,2,21,2,1,1,,,,,,,,,,,,,,,,,,,,,0,44
1,Oliver McBurnie,9.0,sct SCO,FW,27-104,89,0,0,0,0,2,1,2,1,51,2,0,4,0.2,0.2,0.0,2,0,18,36,50.0,3,21,0,0,0,,,,,,,,,,,,,,,,,,,,,0,44
2,James Mcatee,28.0,eng ENG,CM,20-333,69,0,0,0,0,2,2,0,0,13,1,0,0,0.3,0.3,0.0,0,0,5,6,83.3,0,6,0,2,1,,,,,,,,,,,,,,,,,,,,,0,44
3,Oliver Norwood,16.0,nir NIR,CM,32-157,21,0,0,0,0,1,1,0,0,15,4,1,2,0.0,0.0,0.0,0,0,2,7,28.6,0,3,0,0,0,,,,,,,,,,,,,,,,,,,,,0,44
4,Vinicius Souza,21.0,br BRA,CM,24-091,90,0,0,0,0,0,0,0,0,35,1,4,1,0.0,0.0,0.0,1,1,21,23,91.3,1,20,0,1,1,,,,,,,,,,,,,,,,,,,,,0,44
5,Gustavo Hamer,8.0,nl NED,CM,26-084,80,1,0,0,0,1,1,0,0,50,3,0,2,0.1,0.1,0.3,3,0,22,35,62.9,2,17,0,1,0,,,,,,,,,,,,,,,,,,,,,0,44
6,Tom Davies,22.0,eng ENG,CM,25-078,10,0,0,0,0,0,0,1,0,10,1,1,0,0.0,0.0,0.0,0,0,4,5,80.0,0,2,0,1,0,,,,,,,,,,,,,,,,,,,,,0,44
7,Luke Thomas,14.0,eng ENG,WB,22-098,90,0,0,0,0,0,0,0,0,27,2,0,1,0.0,0.0,0.0,0,0,12,14,85.7,2,11,0,0,0,,,,,,,,,,,,,,,,,,,,,0,44
8,Jayden Bogle,20.0,eng ENG,WB,23-051,85,0,0,0,0,0,0,0,0,26,0,1,0,0.0,0.0,0.2,1,0,14,20,70.0,0,16,1,0,0,,,,,,,,,,,,,,,,,,,,,0,44
9,Auston Trusty,5.0,us USA,CB,25-035,5,0,0,0,0,0,0,0,0,5,1,1,0,0.0,0.0,0.0,0,0,1,2,50.0,0,1,0,0,0,,,,,,,,,,,,,,,,,,,,,0,44
10,Jack Robinson,19.0,eng ENG,CB,30-015,90,0,1,0,0,0,0,1,0,34,2,0,4,0.0,0.0,0.1,1,1,17,23,73.9,1,13,0,1,1,,,,,,,,,,,,,,,,,,,,,0,44
11,Anel Ahmedhodžić,15.0,ba BIH,"CB,WB",24-174,90,0,0,0,0,0,0,0,0,34,3,1,3,0.0,0.0,0.0,1,0,13,22,59.1,1,19,0,2,0,,,,,,,,,,,,,,,,,,,,,0,44
12,Chris Basham,6.0,eng ENG,CB,35-058,90,0,0,0,0,1,0,1,0,46,1,1,1,0.1,0.1,0.0,0,0,21,32,65.6,1,19,0,1,1,,,,,,,,,,,,,,,,,,,,,0,44
13,Wes Foderingham,18.0,eng ENG,GK,32-245,90,0,0,0,0,0,0,1,0,53,0,0,0,0.0,0.0,0.0,0,0,35,49,71.4,0,31,0,0,0,10.0,2.0,8.0,80.0,2.0,19.0,32.0,59.4,35.0,6.0,68.6,44.6,13.0,61.5,45.7,26.0,1.0,3.8,1.0,15.2,0,44
0,Callum Wilson,9.0,eng ENG,FW,31-201,90,1,0,1,1,2,0,1,0,38,0,0,0,1.0,0.2,0.0,0,0,16,27,59.3,1,26,1,4,3,,,,,,,,,,,,,,,,,,,,,1,45
1,Harvey Barnes,15.0,eng ENG,LW,25-281,82,0,0,0,0,2,0,0,0,37,1,1,0,0.1,0.1,0.0,2,0,20,30,66.7,0,24,8,4,3,,,,,,,,,,,,,,,,,,,,,1,45
2,Miguel Almirón,24.0,py PAR,RW,29-218,8,0,0,0,0,0,0,0,0,6,0,0,0,0.0,0.0,0.0,0,0,3,3,100.0,0,3,0,1,0,,,,,,,,,,,,,,,,,,,,,1,45
3,Anthony Gordon,10.0,eng ENG,"RW,LW",22-204,90,0,0,0,0,0,0,1,0,42,2,0,1,0.0,0.0,0.0,1,1,26,34,76.5,3,24,4,6,2,,,,,,,,,,,,,,,,,,,,,1,45
4,Elliot Anderson,32.0,sct SCO,LM,20-314,90,0,0,0,0,0,0,0,0,49,2,0,1,0.0,0.0,0.0,1,0,25,39,64.1,7,25,2,4,3,,,,,,,,,,,,,,,,,,,,,1,45
5,Bruno Guimarães,39.0,br BRA,CM,25-304,90,0,0,0,0,1,1,1,0,71,0,0,2,0.3,0.3,0.0,1,0,50,59,84.7,6,45,3,5,2,,,,,,,,,,,,,,,,,,,,,1,45
6,Sean Longstaff,36.0,eng ENG,RM,25-321,90,0,0,0,0,0,0,0,0,51,2,0,1,0.0,0.0,0.1,1,0,33,42,78.6,7,23,1,0,0,,,,,,,,,,,,,,,,,,,,,1,45
7,Dan Burn,33.0,eng ENG,LB,31-130,90,0,0,0,0,0,0,0,0,80,2,3,1,0.0,0.0,0.1,2,0,51,66,77.3,4,25,0,1,0,,,,,,,,,,,,,,,,,,,,,1,45
8,Sven Botman,4.0,nl NED,CB,23-247,90,0,0,0,0,1,0,0,0,55,1,0,1,0.1,0.1,0.3,1,0,41,46,89.1,1,20,0,0,0,,,,,,,,,,,,,,,,,,,,,1,45
9,Fabian Schär,5.0,ch SUI,CB,31-270,90,0,0,0,0,1,0,0,0,65,1,1,2,0.0,0.0,0.0,2,0,41,54,75.9,1,25,0,1,0,,,,,,,,,,,,,,,,,,,,,1,45
10,Kieran Trippier,2.0,eng ENG,RB,32-362,90,0,0,0,0,1,0,0,0,104,1,1,0,0.0,0.0,0.2,3,0,71,95,74.7,7,32,2,1,1,,,,,,,,,,,,,,,,,,,,,1,45
11,Nick Pope,22.0,eng ENG,GK,31-150,90,0,0,0,0,0,0,0,0,29,0,0,0,0.0,0.0,0.0,0,0,19,28,67.9,0,14,0,0,0,2.0,0.0,2.0,100.0,0.6,5.0,13.0,38.5,19.0,6.0,31.6,34.9,9.0,77.8,56.0,9.0,1.0,11.1,1.0,15.3,1,45
0,Yoane Wissa,11.0,cd COD,FW,27-013,90,0,0,0,0,5,1,1,0,35,1,0,1,0.3,0.3,0.0,5,0,14,24,58.3,2,22,3,4,4,,,,,,,,,,,,,,,,,,,,,0,45
1,Bryan Mbeumo,19.0,cm CMR,"FW,RB",24-040,90,0,0,0,0,1,0,0,0,37,1,0,0,0.0,0.0,0.0,1,0,16,26,61.5,3,25,0,4,0,,,,,,,,,,,,,,,,,,,,,0,45
2,Vitaly Janelt,27.0,de GER,CM,25-129,71,0,0,0,0,0,0,0,0,34,2,0,1,0.0,0.0,0.1,2,0,22,29,75.9,3,22,0,1,1,,,,,,,,,,,,,,,,,,,,,0,45
3,Kevin Schade,9.0,de GER,CM,21-293,19,0,0,0,0,0,0,0,0,7,0,0,0,0.0,0.0,0.0,0,0,2,5,40.0,0,6,1,0,0,,,,,,,,,,,,,,,,,,,,,0,45
4,Christian Nørgaard,6.0,dk DEN,CM,29-190,71,0,0,0,0,2,0,1,0,44,3,1,0,0.1,0.1,0.0,1,0,28,36,77.8,1,26,0,0,0,,,,,,,,,,,,,,,,,,,,,0,45
5,Frank Onyeka,15.0,ng NGA,CM,25-258,19,0,0,0,0,0,0,0,0,23,3,0,1,0.0,0.0,0.0,0,0,15,18,83.3,0,15,1,2,1,,,,,,,,,,,,,,,,,,,,,0,45
6,Mathias Jensen,8.0,dk DEN,CM,27-258,90,0,0,0,0,0,0,0,0,70,3,3,2,0.0,0.0,0.2,3,0,41,60,68.3,11,37,0,0,0,,,,,,,,,,,,,,,,,,,,,0,45
7,Rico Henry,3.0,eng ENG,LB,26-070,41,0,0,0,0,0,0,0,0,15,2,0,0,0.0,0.0,0.0,1,0,10,12,83.3,2,9,1,0,0,,,,,,,,,,,,,,,,,,,,,0,45
8,Mads Roerslev,30.0,dk DEN,"RB,CB",24-084,49,0,0,0,0,0,0,0,0,34,2,1,1,0.0,0.0,0.1,2,0,19,26,73.1,2,17,0,1,1,,,,,,,,,,,,,,,,,,,,,0,45
9,Ben Mee,16.0,eng ENG,CB,33-360,71,0,0,0,0,0,0,0,0,34,3,1,0,0.0,0.0,0.0,0,0,22,28,78.6,2,20,1,0,0,,,,,,,,,,,,,,,,,,,,,0,45
10,Neal Maupay,7.0,fr FRA,FW,27-033,19,0,0,0,0,1,0,0,0,3,0,0,0,0.0,0.0,0.0,0,0,1,1,100.0,1,1,1,0,0,,,,,,,,,,,,,,,,,,,,,0,45
11,Ethan Pinnock,5.0,jm JAM,CB,30-110,90,0,0,0,0,0,0,0,0,49,3,1,2,0.0,0.0,0.1,0,0,23,31,74.2,2,18,0,0,0,,,,,,,,,,,,,,,,,,,,,0,45
12,Nathan Collins,22.0,ie IRL,CB,22-139,90,0,0,0,0,0,0,1,0,56,3,2,3,0.0,0.0,0.0,0,0,34,44,77.3,3,28,0,1,1,,,,,,,,,,,,,,,,,,,,,0,45
13,Aaron Hickey,2.0,sct SCO,"RB,LB",21-098,81,0,0,0,0,1,1,1,0,31,4,0,0,0.0,0.0,0.0,1,0,16,18,88.9,3,19,0,1,1,,,,,,,,,,,,,,,,,,,,,0,45
14,Keane Lewis-Potter,23.0,eng ENG,LB,22-206,9,0,0,0,0,1,0,0,0,6,0,0,0,0.0,0.0,0.1,3,0,3,5,60.0,1,5,1,1,1,,,,,,,,,,,,,,,,,,,,,0,45
15,Mark Flekken,1.0,nl NED,GK,30-095,90,0,0,0,0,0,0,1,0,48,0,0,0,0.0,0.0,0.0,0,0,20,43,46.5,0,33,0,0,0,2.0,1.0,1.0,100.0,1.0,5.0,26.0,19.2,36.0,3.0,55.6,42.9,7.0,85.7,60.3,21.0,0.0,0.0,2.0,9.7,0,45
0,Dominic Solanke,9.0,eng ENG,FW,26-003,90,0,0,0,0,4,1,0,0,25,0,1,1,0.4,0.4,0.0,2,0,9,11,81.8,1,20,3,4,2,,,,,,,,,,,,,,,,,,,,,1,46
1,Dango Ouattara,11.0,bf BFA,LW,21-218,62,0,0,0,0,2,1,0,0,27,3,1,0,0.2,0.2,0.0,1,0,3,10,30.0,0,9,1,2,1,,,,,,,,,,,,,,,,,,,,,1,46
2,Justin Kluivert,19.0,nl NED,"RW,LW",24-135,28,0,0,0,0,1,0,0,0,14,0,1,0,0.0,0.0,0.1,3,0,8,10,80.0,2,13,3,0,0,,,,,,,,,,,,,,,,,,,,,1,46
3,Marcus Tavernier,16.0,eng ENG,RW,24-179,72,0,0,0,0,2,1,0,0,26,1,0,0,0.1,0.1,0.0,3,0,15,19,78.9,0,16,3,5,3,,,,,,,,,,,,,,,,,,,,,1,46
4,Luis Sinisterra,17.0,co COL,LW,24-092,18,0,0,0,0,0,0,0,0,7,0,0,1,0.0,0.0,0.0,0,0,2,2,100.0,2,4,0,2,0,,,,,,,,,,,,,,,,,,,,,1,46
5,Ryan Christie,10.0,sct SCO,AM,28-207,88,0,0,0,0,1,0,0,0,39,1,1,1,0.0,0.0,0.3,4,0,25,30,83.3,5,27,3,2,2,,,,,,,,,,,,,,,,,,,,,1,46
6,David Brooks,7.0,wls WAL,AM,26-071,2,0,0,0,0,0,0,0,0,4,0,0,0,0.0,0.0,0.1,1,0,2,4,50.0,1,4,0,0,0,,,,,,,,,,,,,,,,,,,,,1,46
7,Philip Billing,29.0,dk DEN,DM,27-098,90,0,0,0,0,2,0,0,0,40,1,1,3,0.3,0.3,0.2,3,0,19,26,73.1,2,24,1,2,1,,,,,,,,,,,,,,,,,,,,,1,46
8,Lewis Cook,4.0,eng ENG,DM,26-226,90,0,0,0,0,1,1,0,0,49,3,5,0,0.0,0.0,0.0,2,0,30,37,81.1,4,24,0,2,2,,,,,,,,,,,,,,,,,,,,,1,46
9,Milos Kerkez,3.0,hu HUN,LB,19-314,73,0,0,0,0,0,0,1,0,44,2,2,2,0.0,0.0,0.0,0,0,25,35,71.4,3,18,3,0,0,,,,,,,,,,,,,,,,,,,,,1,46
10,Marcos Senesi,25.0,ar ARG,CB,26-130,17,0,0,0,0,0,0,0,0,12,0,0,1,0.0,0.0,0.0,0,0,6,8,75.0,0,4,0,0,0,,,,,,,,,,,,,,,,,,,,,1,46
11,Lloyd Kelly,5.0,eng ENG,"CB,LB",24-346,90,0,0,0,0,0,0,0,0,55,1,1,2,0.0,0.0,0.0,1,0,37,47,78.7,6,33,2,0,0,,,,,,,,,,,,,,,,,,,,,1,46
12,Illia Zabarnyi,27.0,ua UKR,CB,21-016,90,0,0,0,0,0,0,0,0,51,1,1,0,0.0,0.0,0.0,0,0,37,46,80.4,3,37,1,1,1,,,,,,,,,,,,,,,,,,,,,1,46
13,Max Aarons,37.0,eng ENG,RB,23-256,90,0,0,0,0,0,0,0,0,51,1,3,1,0.0,0.0,0.0,4,0,27,39,69.2,4,25,3,0,0,,,,,,,,,,,,,,,,,,,,,1,46
14,Neto,1.0,br BRA,GK,34-060,90,0,0,0,0,0,0,0,0,33,0,0,0,0.0,0.0,0.0,0,0,24,29,82.8,0,16,0,0,0,6.0,0.0,6.0,100.0,1.5,3.0,7.0,42.9,22.0,6.0,27.3,30.0,7.0,14.3,25.3,10.0,1.0,10.0,0.0,4.0,1,46
0,Nicolas Jackson,15.0,sn SEN,FW,22-089,90,0,0,0,0,3,1,1,0,27,0,0,0,0.3,0.3,0.0,1,0,14,16,87.5,0,17,0,4,1,,,,,,,,,,,,,,,,,,,,,0,46
1,Mykhailo Mudryk,10.0,ua UKR,LW,22-255,62,0,0,0,0,0,0,1,0,34,3,0,1,0.0,0.0,0.2,3,0,14,23,60.9,0,26,3,2,2,,,,,,,,,,,,,,,,,,,,,0,46
2,Cole Palmer,20.0,eng ENG,RW,21-134,28,0,0,0,0,1,1,0,0,21,2,0,0,0.2,0.2,0.0,3,0,14,17,82.4,2,12,4,0,0,,,,,,,,,,,,,,,,,,,,,0,46
3,Raheem Sterling,7.0,eng ENG,"RW,LW",28-283,90,0,0,0,0,4,0,1,0,47,0,0,1,0.4,0.4,0.3,5,0,28,34,82.4,6,41,7,7,3,,,,,,,,,,,,,,,,,,,,,0,46
4,Enzo Fernández,8.0,ar ARG,AM,22-243,80,0,0,0,0,1,1,0,0,58,0,1,0,0.0,0.0,0.0,3,0,48,51,94.1,4,45,1,1,0,,,,,,,,,,,,,,,,,,,,,0,46
5,Ian Maatsen,29.0,nl NED,AM,21-191,10,0,0,0,0,1,0,0,0,9,0,0,0,0.2,0.2,0.0,1,0,7,8,87.5,1,4,1,0,0,,,,,,,,,,,,,,,,,,,,,0,46
6,Lesley Ugochukwu,16.0,fr FRA,DM,19-175,90,0,0,0,0,0,0,0,0,55,0,0,0,0.0,0.0,0.0,1,0,45,53,84.9,8,42,2,2,2,,,,,,,,,,,,,,,,,,,,,0,46
7,Conor Gallagher,23.0,eng ENG,DM,23-223,90,0,0,0,0,1,1,0,0,82,0,2,1,0.2,0.2,0.1,4,0,64,70,91.4,17,64,4,1,0,,,,,,,,,,,,,,,,,,,,,0,46
8,Levi Colwill,26.0,eng ENG,LB,20-203,79,0,0,0,0,2,2,0,0,70,1,0,3,0.5,0.5,0.0,2,0,44,62,71.0,1,44,2,0,0,,,,,,,,,,,,,,,,,,,,,0,46
9,Ben Chilwell,21.0,eng ENG,LB,26-270,11,0,0,0,0,0,0,1,0,20,0,1,0,0.0,0.0,0.0,1,0,12,18,66.7,2,12,2,1,0,,,,,,,,,,,,,,,,,,,,,0,46
10,Thiago Silva,6.0,br BRA,CB,38-360,90,0,0,0,0,0,0,0,0,85,0,1,1,0.0,0.0,0.0,0,0,79,83,95.2,2,69,1,0,0,,,,,,,,,,,,,,,,,,,,,0,46
11,Axel Disasi,2.0,fr FRA,CB,25-190,90,0,0,0,0,0,0,1,0,72,1,0,4,0.0,0.0,0.0,0,0,54,62,87.1,2,53,0,0,0,,,,,,,,,,,,,,,,,,,,,0,46
12,Malo Gusto,27.0,fr FRA,RB,20-121,90,0,0,0,0,1,0,0,0,96,2,0,1,0.0,0.0,0.0,1,0,70,83,84.3,7,75,5,4,2,,,,,,,,,,,,,,,,,,,,,0,46
13,Robert Sánchez,1.0,es ESP,GK,25-303,90,0,0,0,0,0,0,0,0,57,0,0,0,0.0,0.0,0.0,1,0,49,53,92.5,0,35,0,0,0,4.0,0.0,4.0,100.0,0.9,5.0,9.0,55.6,41.0,9.0,9.8,22.1,12.0,41.7,30.0,11.0,3.0,27.3,4.0,16.9,0,46
0,Beto,14.0,gw GNB,FW,25-229,65,0,0,0,0,0,0,0,0,17,0,0,3,0.0,0.0,0.1,1,0,6,9,66.7,0,8,0,1,0,,,,,,,,,,,,,,,,,,,,,1,47
1,Dominic Calvert-Lewin,9.0,eng ENG,FW,26-185,25,0,0,0,0,1,0,0,0,10,0,0,0,0.1,0.1,0.0,1,0,1,6,16.7,0,5,0,1,1,,,,,,,,,,,,,,,,,,,,,1,47
2,Dwight McNeil,7.0,eng ENG,LW,23-299,87,0,0,0,0,2,0,0,0,18,1,0,1,0.1,0.1,0.0,1,0,10,11,90.9,1,12,0,1,0,,,,,,,,,,,,,,,,,,,,,1,47
3,Youssef Chermiti,28.0,pt POR,LW,19-116,3,0,0,0,0,0,0,0,0,4,0,0,1,0.0,0.0,0.0,0,0,1,1,100.0,0,1,0,1,0,,,,,,,,,,,,,,,,,,,,,1,47
4,Arnaut Danjuma,10.0,nl NED,RW,26-229,90,0,0,0,0,2,0,0,0,17,1,1,1,0.1,0.1,0.0,1,0,8,10,80.0,0,7,1,0,0,,,,,,,,,,,,,,,,,,,,,1,47
5,Abdoulaye Doucouré,16.0,ml MLI,CM,30-259,79,0,0,0,0,0,0,0,0,25,4,0,1,0.0,0.0,0.0,3,0,11,17,64.7,1,16,2,2,1,,,,,,,,,,,,,,,,,,,,,1,47
6,James Garner,37.0,eng ENG,CM,22-188,11,0,0,0,0,0,0,0,0,4,0,0,0,0.0,0.0,0.0,0,0,0,2,0.0,0,2,0,0,0,,,,,,,,,,,,,,,,,,,,,1,47
7,Amadou Onana,8.0,be BEL,CM,22-032,90,0,0,0,0,0,0,0,0,30,2,0,0,0.0,0.0,0.0,3,0,21,26,80.8,2,19,0,0,0,,,,,,,,,,,,,,,,,,,,,1,47
8,Idrissa Gana Gueye,27.0,sn SEN,CM,33-356,90,0,0,0,0,2,1,0,0,26,2,2,0,0.1,0.1,0.1,2,0,14,19,73.7,1,21,3,0,0,,,,,,,,,,,,,,,,,,,,,1,47
9,Vitaliy Mykolenko,19.0,ua UKR,LB,24-111,90,0,0,0,0,1,0,0,0,37,5,1,1,0.0,0.0,0.0,0,0,17,24,70.8,1,15,0,1,0,,,,,,,,,,,,,,,,,,,,,1,47
10,Jarrad Branthwaite,32.0,eng ENG,CB,21-082,90,0,0,0,0,0,0,0,0,42,1,2,2,0.0,0.0,0.0,0,0,25,30,83.3,0,25,0,1,1,,,,,,,,,,,,,,,,,,,,,1,47
11,James Tarkowski,6.0,eng ENG,CB,30-302,90,0,0,0,0,0,0,0,0,35,1,1,3,0.0,0.0,0.0,0,0,17,26,65.4,1,14,0,0,0,,,,,,,,,,,,,,,,,,,,,1,47
12,Ashley Young,18.0,eng ENG,RB,38-070,86,0,0,0,0,0,0,1,0,33,1,2,0,0.0,0.0,0.0,0,0,15,27,55.6,2,16,0,0,0,,,,,,,,,,,,,,,,,,,,,1,47
13,Nathan Patterson,2.0,sct SCO,RB,21-336,4,0,0,0,0,0,0,0,0,3,1,1,0,0.0,0.0,0.1,2,0,2,2,100.0,1,1,0,0,0,,,,,,,,,,,,,,,,,,,,,1,47
14,Jordan Pickford,1.0,eng ENG,GK,29-194,90,0,0,0,0,0,0,0,0,47,0,0,0,0.0,0.0,0.0,1,0,22,45,48.9,0,26,0,0,0,4.0,1.0,3.0,75.0,0.8,9.0,32.0,28.1,36.0,3.0,72.2,48.5,9.0,66.7,55.6,14.0,0.0,0.0,0.0,4.0,1,47
0,Eddie Nketiah,14.0,eng ENG,FW,24-110,65,0,0,0,0,1,0,0,0,10,0,0,0,0.0,0.0,0.0,1,0,5,7,71.4,1,7,0,0,0,,,,,,,,,,,,,,,,,,,,,0,47
1,Gabriel Jesus,9.0,br BRA,FW,26-167,25,0,0,0,0,0,0,0,0,10,1,0,0,0.0,0.0,0.0,0,0,2,5,40.0,0,11,0,1,1,,,,,,,,,,,,,,,,,,,,,0,47
2,Gabriel Martinelli,11.0,br BRA,LW,22-091,23,0,0,0,0,0,0,0,0,11,0,0,0,0.0,0.0,0.0,0,0,6,9,66.7,0,6,1,0,0,,,,,,,,,,,,,,,,,,,,,0,47
3,Leandro Trossard,19.0,be BEL,LW,28-287,67,1,0,0,0,1,1,0,0,35,2,2,1,0.1,0.1,0.1,2,0,22,27,81.5,6,24,1,1,1,,,,,,,,,,,,,,,,,,,,,0,47
4,Bukayo Saka,7.0,eng ENG,RW,22-012,90,0,1,0,0,0,0,0,0,56,1,0,2,0.0,0.0,0.1,3,1,39,46,84.8,3,36,1,7,2,,,,,,,,,,,,,,,,,,,,,0,47
5,Fabio Vieira,21.0,pt POR,LM,23-110,79,0,0,0,0,4,0,0,0,41,1,1,0,0.4,0.4,0.0,0,0,24,31,77.4,1,27,1,2,1,,,,,,,,,,,,,,,,,,,,,0,47
6,Kai Havertz,29.0,de GER,LM,24-098,11,0,0,0,0,0,0,0,0,9,1,0,2,0.0,0.0,0.0,0,0,5,6,83.3,1,4,1,0,0,,,,,,,,,,,,,,,,,,,,,0,47
7,Declan Rice,41.0,eng ENG,CM,24-246,90,0,0,0,0,1,0,0,0,97,0,3,0,0.1,0.1,0.2,3,0,85,91,93.4,14,69,2,3,3,,,,,,,,,,,,,,,,,,,,,0,47
8,Martin Ødegaard,8.0,no NOR,RM,24-274,90,0,0,0,0,2,2,0,0,57,0,0,0,0.3,0.3,0.1,9,1,44,51,86.3,7,42,3,2,1,,,,,,,,,,,,,,,,,,,,,0,47
9,Oleksandr Zinchenko,35.0,ua UKR,LB,26-276,79,0,0,0,0,3,0,0,0,100,2,0,0,0.1,0.1,0.0,1,0,81,94,86.2,10,62,2,0,0,,,,,,,,,,,,,,,,,,,,,0,47
10,Takehiro Tomiyasu,18.0,jp JPN,LB,24-316,11,0,0,0,0,0,0,0,0,8,0,0,0,0.0,0.0,0.0,0,0,3,6,50.0,0,1,0,0,0,,,,,,,,,,,,,,,,,,,,,0,47
11,Gabriel Dos Santos,6.0,br BRA,CB,25-272,90,0,0,0,0,0,0,1,0,106,0,0,2,0.0,0.0,0.0,0,0,90,101,89.1,6,80,0,0,0,,,,,,,,,,,,,,,,,,,,,0,47
12,William Saliba,2.0,fr FRA,CB,22-177,90,0,0,0,0,0,0,0,0,108,0,0,2,0.0,0.0,0.0,0,0,94,103,91.3,4,72,0,0,0,,,,,,,,,,,,,,,,,,,,,0,47
13,Ben White,4.0,eng ENG,RB,25-344,90,0,0,0,0,1,1,0,0,109,1,0,0,0.0,0.0,0.1,3,0,90,105,85.7,7,74,3,2,1,,,,,,,,,,,,,,,,,,,,,0,47
14,David Raya,22.0,es ESP,GK,28-002,90,0,0,0,0,0,0,0,0,40,0,0,0,0.0,0.0,0.0,0,0,37,39,94.9,0,30,0,0,0,1.0,0.0,1.0,100.0,0.1,5.0,7.0,71.4,35.0,7.0,17.1,26.3,4.0,25.0,33.3,4.0,2.0,50.0,3.0,17.7,0,47
0,Taiwo Awoniyi,9.0,ng NGA,FW,26-037,87,0,1,0,0,1,0,0,0,13,1,0,0,0.1,0.1,0.1,4,1,9,11,81.8,1,5,0,0,0,,,,,,,,,,,,,,,,,,,,,1,48
1,Chris Wood,11.0,nz NZL,FW,31-285,3,0,0,0,0,0,0,0,0,3,0,0,0,0.0,0.0,0.0,0,0,0,3,0.0,0,3,0,0,0,,,,,,,,,,,,,,,,,,,,,1,48
2,Callum Hudson-Odoi,14.0,eng ENG,LW,22-315,70,1,0,0,0,3,2,0,0,29,1,0,0,0.1,0.1,0.2,3,0,18,25,72.0,2,21,6,2,2,,,,,,,,,,,,,,,,,,,,,1,48
3,Divock Origi,27.0,be BEL,LW,28-153,20,0,0,0,0,0,0,0,0,5,0,0,0,0.0,0.0,0.0,1,0,1,3,33.3,0,4,0,0,0,,,,,,,,,,,,,,,,,,,,,1,48
4,Anthony Elanga,21.0,se SWE,RW,21-144,90,0,0,0,0,1,1,0,0,43,0,0,2,0.0,0.0,0.1,4,0,23,31,74.2,6,25,3,2,1,,,,,,,,,,,,,,,,,,,,,1,48
5,Morgan Gibbs-White,10.0,eng ENG,AM,23-234,90,0,0,0,0,4,1,0,0,62,1,0,1,0.3,0.3,0.1,5,0,33,48,68.8,7,29,6,6,4,,,,,,,,,,,,,,,,,,,,,1,48
6,Orel Mangala,5.0,be BEL,DM,25-184,70,0,0,0,0,2,0,1,0,36,1,0,1,0.1,0.1,0.0,3,0,24,28,85.7,1,18,0,0,0,,,,,,,,,,,,,,,,,,,,,1,48
7,Ryan Yates,22.0,eng ENG,DM,25-301,20,0,0,0,0,0,0,0,0,14,0,0,1,0.0,0.0,0.0,0,0,9,11,81.8,0,7,0,0,0,,,,,,,,,,,,,,,,,,,,,1,48
8,Ibrahim Sangaré,6.0,ci CIV,DM,25-290,90,0,0,0,0,1,0,0,0,53,5,3,2,0.1,0.1,0.0,2,1,30,40,75.0,1,26,0,2,0,,,,,,,,,,,,,,,,,,,,,1,48
9,Ola Aina,43.0,ng NGA,"LB,RB",26-345,90,0,0,0,0,1,0,0,0,61,3,0,0,0.0,0.0,0.0,4,0,37,49,75.5,6,30,4,2,1,,,,,,,,,,,,,,,,,,,,,1,48
10,Scott McKenna,26.0,sct SCO,CB,26-310,90,0,0,0,0,1,0,0,0,72,0,1,1,0.0,0.0,0.0,1,0,50,60,83.3,4,39,0,0,0,,,,,,,,,,,,,,,,,,,,,1,48
11,Joe Worrall,4.0,eng ENG,CB,26-251,90,0,0,0,0,0,0,0,0,62,0,2,0,0.0,0.0,0.0,0,0,46,55,83.6,4,37,0,0,0,,,,,,,,,,,,,,,,,,,,,1,48
12,Gonzalo Montiel,29.0,ar ARG,RB,26-260,52,0,0,0,0,0,0,1,0,42,1,0,1,0.0,0.0,0.0,0,0,22,35,62.9,1,21,0,0,0,,,,,,,,,,,,,,,,,,,,,1,48
13,Nuno Tavares,3.0,pt POR,LB,23-235,38,0,0,0,0,0,0,0,0,21,0,0,1,0.0,0.0,0.0,1,0,14,16,87.5,0,8,1,2,1,,,,,,,,,,,,,,,,,,,,,1,48
14,Matt Turner,1.0,us USA,GK,29-086,90,0,0,0,0,0,0,0,0,41,0,0,0,0.0,0.0,0.0,0,0,31,40,77.5,0,23,0,0,0,3.0,1.0,2.0,66.7,0.6,6.0,14.0,42.9,32.0,9.0,34.4,31.5,8.0,37.5,35.8,14.0,2.0,14.3,2.0,16.8,1,48
0,Lyle Foster,17.0,za RSA,FW,23-015,89,0,1,0,0,2,1,0,1,31,0,0,0,0.1,0.1,0.1,0,0,13,19,68.4,1,19,4,2,1,,,,,,,,,,,,,,,,,,,,,0,48
1,Luca Koleosho,30.0,it ITA,LW,19-003,75,0,0,0,0,0,0,0,0,42,1,0,2,0.0,0.0,0.1,3,1,16,29,55.2,2,33,3,7,4,,,,,,,,,,,,,,,,,,,,,0,48
2,Mike Trésor,31.0,be BEL,LW,24-113,15,0,0,0,0,1,0,0,0,13,0,0,0,0.0,0.0,0.1,1,0,6,9,66.7,1,8,0,0,0,,,,,,,,,,,,,,,,,,,,,0,48
3,Jóhann Berg Guðmundsson,7.0,is ISL,RW,32-326,62,0,0,0,0,0,0,0,0,30,1,1,1,0.0,0.0,0.0,0,0,18,25,72.0,2,21,0,0,0,,,,,,,,,,,,,,,,,,,,,0,48
4,Anass Zaroury,19.0,ma MAR,RW,22-315,28,0,0,0,0,1,0,0,0,16,0,0,0,0.1,0.1,0.0,0,0,5,13,38.5,0,11,1,0,0,,,,,,,,,,,,,,,,,,,,,0,48
5,Zeki Amdouni,25.0,ch SUI,AM,22-288,62,1,0,0,0,3,2,0,0,28,0,0,0,0.2,0.2,0.0,1,0,18,21,85.7,1,22,3,3,1,,,,,,,,,,,,,,,,,,,,,0,48
6,Sander Berge,16.0,no NOR,AM,25-216,28,0,0,0,0,0,0,0,0,23,1,0,2,0.0,0.0,0.0,0,0,11,17,64.7,3,12,2,1,1,,,,,,,,,,,,,,,,,,,,,0,48
7,Josh Brownhill,8.0,eng ENG,DM,27-273,90,0,0,0,0,1,0,0,0,46,2,2,0,0.1,0.1,0.0,3,1,25,40,62.5,4,31,2,0,0,,,,,,,,,,,,,,,,,,,,,0,48
8,Josh Cullen,24.0,ie IRL,DM,27-164,90,0,0,0,0,0,0,1,0,70,3,1,3,0.0,0.0,0.0,1,0,50,58,86.2,4,35,1,0,0,,,,,,,,,,,,,,,,,,,,,0,48
9,Charlie Taylor,3.0,eng ENG,LB,30-000,90,0,0,0,0,1,0,0,0,66,2,1,1,0.0,0.0,0.0,1,0,42,53,79.2,6,38,0,1,0,,,,,,,,,,,,,,,,,,,,,0,48
10,Jordan Beyer,5.0,de GER,CB,23-122,86,0,0,0,0,0,0,0,0,88,0,0,1,0.0,0.0,0.0,0,0,72,76,94.7,1,56,0,0,0,,,,,,,,,,,,,,,,,,,,,0,48
11,Hannes Delcroix,44.0,be BEL,CB,24-202,4,0,0,0,0,0,0,0,0,2,0,0,0,0.0,0.0,0.0,0,0,2,2,100.0,0,2,0,0,0,,,,,,,,,,,,,,,,,,,,,0,48
12,Ameen Al-Dakhil,28.0,be BEL,CB,21-196,90,0,0,0,0,1,0,0,0,75,0,0,1,0.0,0.0,0.0,1,0,60,66,90.9,4,56,1,0,0,,,,,,,,,,,,,,,,,,,,,0,48
13,Connor Roberts,14.0,wls WAL,RB,27-360,90,0,0,0,0,0,0,1,0,55,0,2,1,0.0,0.0,0.0,2,0,39,48,81.3,2,35,1,0,0,,,,,,,,,,,,,,,,,,,,,0,48
14,James Trafford,1.0,eng ENG,GK,20-343,90,0,0,0,0,0,0,1,0,55,0,0,0,0.0,0.0,0.0,0,0,47,53,88.7,0,41,0,0,0,4.0,1.0,3.0,75.0,1.0,2.0,8.0,25.0,47.0,2.0,10.6,20.0,6.0,50.0,40.3,15.0,1.0,6.7,2.0,16.0,0,48
0,Erling Haaland,9.0,no NOR,FW,23-064,90,1,0,0,0,2,1,0,0,24,0,0,3,0.7,0.7,0.0,2,0,9,15,60.0,0,16,0,0,0,,,,,,,,,,,,,,,,,,,,,1,49
1,Jeremy Doku,11.0,be BEL,LW,21-119,50,0,0,0,0,0,0,0,0,30,1,0,0,0.0,0.0,0.3,3,0,21,24,87.5,2,27,4,6,3,,,,,,,,,,,,,,,,,,,,,1,49
2,Kalvin Phillips,4.0,eng ENG,"CM,DM",27-295,40,0,0,0,0,0,0,0,0,23,1,1,0,0.0,0.0,0.0,0,0,10,14,71.4,3,7,1,2,0,,,,,,,,,,,,,,,,,,,,,1,49
3,Phil Foden,47.0,eng ENG,"RW,CM,LW",23-118,86,1,0,0,0,1,1,0,0,60,2,1,0,0.1,0.1,0.1,2,1,49,53,92.5,4,40,1,4,3,,,,,,,,,,,,,,,,,,,,,1,49
4,Jack Grealish,10.0,eng ENG,CM,28-013,4,0,0,0,0,0,0,1,0,3,0,0,0,0.0,0.0,0.0,0,0,2,2,100.0,0,2,0,0,0,,,,,,,,,,,,,,,,,,,,,1,49
5,Julián Álvarez,19.0,ar ARG,"AM,RW",23-235,56,0,0,0,0,4,2,0,0,31,1,0,0,0.5,0.5,0.0,0,0,18,24,75.0,1,16,0,2,0,,,,,,,,,,,,,,,,,,,,,1,49
6,Nathan Aké,6.0,nl NED,LB,28-217,34,0,0,0,0,0,0,0,0,9,0,0,0,0.0,0.0,0.5,1,0,5,8,62.5,0,2,0,0,0,,,,,,,,,,,,,,,,,,,,,1,49
7,Rodri,16.0,es ESP,DM,27-093,45,0,0,0,0,0,0,0,1,81,0,0,0,0.0,0.0,0.0,2,1,75,78,96.2,6,52,1,1,1,,,,,,,,,,,,,,,,,,,,,1,49
8,Matheus Nunes,27.0,pt POR,"DM,CM",25-027,90,0,1,0,0,0,0,0,0,65,2,0,1,0.0,0.0,0.1,1,1,48,52,92.3,0,38,0,2,0,,,,,,,,,,,,,,,,,,,,,1,49
9,Joško Gvardiol,24.0,hr CRO,"LB,CB",21-243,90,0,0,0,0,0,0,0,0,89,1,2,1,0.0,0.0,0.0,0,0,65,76,85.5,7,59,1,2,1,,,,,,,,,,,,,,,,,,,,,1,49
10,Rúben Dias,3.0,pt POR,CB,26-132,90,0,0,0,0,0,0,0,0,80,0,1,2,0.0,0.0,0.0,1,0,65,71,91.5,3,58,0,0,0,,,,,,,,,,,,,,,,,,,,,1,49
11,Manuel Akanji,25.0,ch SUI,CB,28-066,90,0,0,0,0,0,0,1,0,89,0,1,2,0.0,0.0,0.0,0,0,79,82,96.3,5,72,1,0,0,,,,,,,,,,,,,,,,,,,,,1,49
12,Kyle Walker,2.0,eng ENG,RB,33-118,90,0,1,0,0,0,0,0,0,66,0,0,1,0.0,0.0,0.1,2,1,53,62,85.5,0,31,2,1,0,,,,,,,,,,,,,,,,,,,,,1,49
13,Ederson,31.0,br BRA,GK,30-037,90,0,0,0,0,0,0,1,0,39,0,0,0,0.0,0.0,0.0,0,0,26,38,68.4,0,19,0,0,0,3.0,0.0,3.0,100.0,0.4,7.0,19.0,36.8,30.0,3.0,36.7,37.9,8.0,100.0,71.9,13.0,3.0,23.1,1.0,11.0,1,49
0,Taiwo Awoniyi,9.0,ng NGA,FW,26-042,74,0,0,0,0,1,0,1,0,22,1,0,1,0.5,0.5,0.1,2,0,6,8,75.0,0,12,1,4,2,,,,,,,,,,,,,,,,,,,,,0,49
1,Chris Wood,11.0,nz NZL,FW,31-290,16,0,0,0,0,0,0,0,0,4,0,0,0,0.0,0.0,0.0,1,0,3,3,100.0,0,2,0,0,0,,,,,,,,,,,,,,,,,,,,,0,49
2,Nicolás Domínguez,16.0,ar ARG,"LM,CM,DM",25-087,90,0,0,0,0,1,0,0,0,58,5,1,0,0.0,0.0,0.0,3,0,42,47,89.4,7,38,0,1,0,,,,,,,,,,,,,,,,,,,,,0,49
3,Orel Mangala,5.0,be BEL,"CM,DM",25-189,90,0,0,0,0,1,0,1,0,46,2,2,0,0.1,0.1,0.0,0,0,32,38,84.2,2,30,0,0,0,,,,,,,,,,,,,,,,,,,,,0,49
4,Ibrahim Sangaré,6.0,ci CIV,CM,25-295,55,0,0,0,0,0,0,1,0,22,1,0,0,0.0,0.0,0.0,0,0,17,21,81.0,2,12,0,0,0,,,,,,,,,,,,,,,,,,,,,0,49
5,Anthony Elanga,21.0,se SWE,"WB,RW",21-149,35,0,0,0,0,2,2,0,0,32,0,0,0,0.1,0.1,0.1,3,0,22,27,81.5,1,26,4,0,0,,,,,,,,,,,,,,,,,,,,,0,49
6,Morgan Gibbs-White,10.0,eng ENG,"RM,AM",23-239,90,0,0,0,0,3,0,1,0,62,1,1,0,0.3,0.3,0.0,2,0,37,49,75.5,6,43,1,1,0,,,,,,,,,,,,,,,,,,,,,0,49
7,Nuno Tavares,3.0,pt POR,LB,23-240,38,0,0,0,0,0,0,1,0,13,0,0,0,0.0,0.0,0.0,0,0,9,12,75.0,1,7,1,0,0,,,,,,,,,,,,,,,,,,,,,0,49
8,Gonzalo Montiel,29.0,ar ARG,"RB,CB",26-265,52,0,0,0,0,0,0,1,0,52,2,1,1,0.0,0.0,0.1,2,0,41,47,87.2,6,35,4,0,0,,,,,,,,,,,,,,,,,,,,,0,49
9,Moussa Niakhate,19.0,sn SEN,CB,27-199,90,0,0,0,0,0,0,0,0,56,2,1,0,0.0,0.0,0.0,1,0,45,54,83.3,5,43,0,0,0,,,,,,,,,,,,,,,,,,,,,0,49
10,Willy Boly,30.0,ci CIV,CB,32-232,90,0,0,0,0,1,1,0,0,50,2,1,2,0.0,0.0,0.5,1,0,28,36,77.8,3,29,0,0,0,,,,,,,,,,,,,,,,,,,,,0,49
11,Serge Aurier,24.0,ci CIV,CB,30-273,55,0,0,0,0,0,0,0,0,34,0,0,0,0.0,0.0,0.0,0,0,28,32,87.5,2,24,0,0,0,,,,,,,,,,,,,,,,,,,,,0,49
12,Callum Hudson-Odoi,14.0,eng ENG,"WB,LW",22-320,35,0,0,0,0,0,0,0,0,29,0,0,1,0.0,0.0,0.0,2,0,23,26,88.5,4,23,5,1,1,,,,,,,,,,,,,,,,,,,,,0,49
13,Ola Aina,43.0,ng NGA,"RB,LB",26-350,74,0,0,0,0,0,0,0,0,37,2,1,0,0.0,0.0,0.0,0,0,24,32,75.0,4,20,2,1,1,,,,,,,,,,,,,,,,,,,,,0,49
14,Divock Origi,27.0,be BEL,AM,28-158,16,0,0,0,0,1,0,1,0,6,0,0,0,0.1,0.1,0.0,0,0,3,5,60.0,0,8,1,0,0,,,,,,,,,,,,,,,,,,,,,0,49
15,Matt Turner,1.0,us USA,GK,29-091,90,0,0,0,0,0,0,0,0,14,0,0,0,0.0,0.0,0.0,0,0,9,13,69.2,0,8,0,0,0,4.0,2.0,2.0,50.0,1.0,2.0,5.0,40.0,9.0,2.0,44.4,33.7,3.0,33.3,35.0,7.0,1.0,14.3,0.0,4.0,0,49
0,Carlton Morris,9.0,eng ENG,FW,27-281,90,1,0,1,1,2,1,0,0,31,0,0,1,1.0,0.3,0.0,5,0,15,23,65.2,5,22,0,3,2,,,,,,,,,,,,,,,,,,,,,1,50
1,Chiedozie Ogbene,7.0,ie IRL,"LW,RM",26-145,90,0,0,0,0,1,0,0,0,40,0,0,0,0.0,0.0,0.3,9,0,23,33,69.7,2,29,13,4,2,,,,,,,,,,,,,,,,,,,,,1,50
2,Jacob Brown,19.0,sct SCO,RW,25-166,71,0,0,0,0,4,1,0,0,29,1,0,0,0.4,0.4,0.0,1,0,8,15,53.3,2,20,2,2,0,,,,,,,,,,,,,,,,,,,,,1,50
3,Cauley Woodrow,10.0,eng ENG,RW,28-295,19,0,0,0,0,2,0,0,0,11,0,0,0,0.3,0.3,0.1,1,0,3,5,60.0,0,8,1,0,0,,,,,,,,,,,,,,,,,,,,,1,50
4,Alfie Doughty,45.0,eng ENG,LM,23-276,71,0,0,0,0,3,0,0,0,70,0,2,2,0.1,0.1,0.5,9,0,43,60,71.7,6,38,4,1,0,,,,,,,,,,,,,,,,,,,,,1,50
5,Ryan John Giles,26.0,eng ENG,LM,23-240,19,0,0,0,0,0,0,0,0,10,0,0,0,0.0,0.0,0.0,0,0,3,9,33.3,1,4,0,0,0,,,,,,,,,,,,,,,,,,,,,1,50
6,Marvelous Nakamba,13.0,zw ZIM,CM,29-247,90,0,0,0,0,1,0,0,0,60,6,1,0,0.1,0.1,0.0,0,0,41,51,80.4,4,31,0,1,1,,,,,,,,,,,,,,,,,,,,,1,50
7,Albert Sambi Lokonga,28.0,be BEL,CM,23-336,56,0,0,0,0,2,1,0,0,43,1,0,0,0.1,0.1,0.0,1,0,30,37,81.1,3,29,0,0,0,,,,,,,,,,,,,,,,,,,,,1,50
8,Pelly Ruddock Mpanzu,17.0,cd COD,CM,30-068,34,0,0,0,0,2,0,0,0,32,0,0,0,0.1,0.1,0.2,3,0,24,28,85.7,6,19,1,0,0,,,,,,,,,,,,,,,,,,,,,1,50
9,Issa Kaboré,12.0,bf BFA,RM,22-134,84,0,0,0,0,1,0,0,0,55,5,1,0,0.0,0.0,0.0,1,1,30,42,71.4,3,24,4,1,0,,,,,,,,,,,,,,,,,,,,,1,50
10,Elijah Adebayo,11.0,eng ENG,LW,25-259,6,0,0,0,0,0,0,0,0,1,0,0,0,0.0,0.0,0.0,0,0,0,1,0.0,0,0,0,0,0,,,,,,,,,,,,,,,,,,,,,1,50
11,Amari'i Bell,29.0,jm JAM,CB,29-141,90,0,0,0,0,0,0,0,0,65,4,2,0,0.0,0.0,0.0,2,0,41,55,74.5,9,44,6,4,3,,,,,,,,,,,,,,,,,,,,,1,50
12,Tom Lockyer,4.0,wls WAL,CB,28-294,90,0,0,0,0,0,0,0,0,67,2,1,0,0.0,0.0,0.0,3,0,47,59,79.7,13,42,3,0,0,,,,,,,,,,,,,,,,,,,,,1,50
13,Reece Burke,16.0,eng ENG,CB,27-021,90,0,0,0,0,1,0,0,0,62,1,1,0,0.1,0.1,0.0,1,0,38,52,73.1,4,40,0,0,0,,,,,,,,,,,,,,,,,,,,,1,50
14,Thomas Kaminski,24.0,be BEL,GK,30-335,90,0,0,0,0,0,0,0,0,33,0,0,0,0.0,0.0,0.0,0,0,18,31,58.1,0,22,0,0,0,3.0,1.0,2.0,66.7,0.8,3.0,15.0,20.0,29.0,5.0,48.3,38.1,2.0,50.0,52.5,5.0,0.0,0.0,1.0,24.0,1,50
0,Matheus Cunha,12.0,br BRA,FW,24-119,70,0,0,0,0,0,0,0,0,26,1,0,0,0.0,0.0,0.0,0,0,16,22,72.7,0,15,0,3,2,,,,,,,,,,,,,,,,,,,,,0,50
1,Boubacar Traoré,6.0,ml MLI,FW,22-034,20,0,0,0,0,0,0,0,0,14,0,0,1,0.0,0.0,0.0,0,0,4,9,44.4,1,5,0,0,0,,,,,,,,,,,,,,,,,,,,,0,50
2,Hwang Hee-chan,11.0,kr KOR,LW,27-240,45,0,0,0,0,0,0,0,0,25,2,0,0,0.0,0.0,0.0,0,0,14,15,93.3,3,17,1,2,1,,,,,,,,,,,,,,,,,,,,,0,50
3,Toti Gomes,24.0,pt POR,CB,24-250,45,0,0,0,0,0,0,0,0,21,2,0,1,0.0,0.0,0.0,0,0,16,17,94.1,0,12,0,0,0,,,,,,,,,,,,,,,,,,,,,0,50
4,Pedro Neto,7.0,pt POR,"RM,RW",23-198,90,1,0,0,0,1,1,0,0,36,0,0,0,0.1,0.1,0.1,2,0,17,22,77.3,2,28,5,4,2,,,,,,,,,,,,,,,,,,,,,0,50
5,Jean-Ricner Bellegarde,27.0,fr FRA,AM,25-088,38,0,0,0,0,0,0,0,1,23,2,0,2,0.0,0.0,0.0,0,0,10,13,76.9,1,15,2,3,0,,,,,,,,,,,,,,,,,,,,,0,50
6,João Gomes,8.0,br BRA,"DM,CM",22-223,89,0,0,0,0,0,0,1,0,50,1,0,2,0.0,0.0,0.0,0,0,28,37,75.7,3,32,0,3,0,,,,,,,,,,,,,,,,,,,,,0,50
7,Tommy Doyle,20.0,eng ENG,CM,21-341,1,0,0,0,0,0,0,0,0,5,0,0,1,0.0,0.0,0.0,0,0,1,1,100.0,0,1,0,0,0,,,,,,,,,,,,,,,,,,,,,0,50
8,Mario Lemina,5.0,ga GAB,"CM,DM",30-022,90,0,0,0,0,1,1,1,0,49,0,3,1,0.1,0.1,0.0,1,0,24,30,80.0,3,21,0,0,0,,,,,,,,,,,,,,,,,,,,,0,50
9,Rayan Aït Nouri,3.0,dz ALG,LB,22-109,45,0,0,0,0,0,0,0,0,39,2,1,3,0.0,0.0,0.0,0,0,22,29,75.9,4,25,1,1,1,,,,,,,,,,,,,,,,,,,,,0,50
10,Matt Doherty,2.0,ie IRL,"LB,RB",31-250,45,0,0,0,0,0,0,0,0,24,0,0,1,0.0,0.0,0.0,0,0,10,16,62.5,0,10,1,1,0,,,,,,,,,,,,,,,,,,,,,0,50
11,Max Kilman,23.0,eng ENG,CB,26-123,90,0,0,0,0,1,1,0,0,69,3,0,2,0.4,0.4,0.0,0,0,38,53,71.7,1,34,1,2,2,,,,,,,,,,,,,,,,,,,,,0,50
12,Craig Dawson,15.0,eng ENG,CB,33-140,90,0,0,0,0,0,0,0,0,39,1,0,3,0.0,0.0,0.0,0,0,27,32,84.4,3,23,0,0,0,,,,,,,,,,,,,,,,,,,,,0,50
13,Nélson Semedo,22.0,pt POR,RB,29-311,83,0,0,0,0,0,0,0,0,47,0,0,1,0.0,0.0,0.0,0,0,30,41,73.2,0,28,0,0,0,,,,,,,,,,,,,,,,,,,,,0,50
14,Hugo Bueno,17.0,es ESP,LB,21-005,7,0,0,0,0,0,0,0,0,8,0,0,0,0.0,0.0,0.0,0,0,2,4,50.0,0,3,0,0,0,,,,,,,,,,,,,,,,,,,,,0,50
15,José Sá,1.0,pt POR,GK,30-249,90,0,0,0,0,0,0,0,0,48,0,0,0,0.0,0.0,0.0,0,0,20,44,45.5,0,28,0,0,0,4.0,1.0,3.0,100.0,2.0,6.0,28.0,21.4,30.0,6.0,50.0,44.0,14.0,92.9,64.9,34.0,1.0,2.9,2.0,14.2,0,50
0,Odsonne Édouard,22.0,fr FRA,"FW,AM",25-250,89,0,0,0,0,0,0,0,0,22,1,0,0,0.0,0.0,0.0,1,0,12,17,70.6,1,13,1,2,1,,,,,,,,,,,,,,,,,,,,,1,51
1,Jesuran Rak Sakyi,49.0,eng ENG,LW,20-353,1,0,0,0,0,0,0,0,0,2,0,0,0,0.0,0.0,0.0,0,0,2,2,100.0,0,1,0,0,0,,,,,,,,,,,,,,,,,,,,,1,51
2,Eberechi Eze,10.0,eng ENG,"LW,AM",25-086,90,0,0,0,0,3,1,0,0,61,1,1,0,0.1,0.1,0.2,3,0,28,40,70.0,3,38,2,12,5,,,,,,,,,,,,,,,,,,,,,1,51
3,Jordan Ayew,9.0,gh GHA,RW,32-012,90,0,0,0,0,0,0,1,0,54,2,0,1,0.0,0.0,0.0,1,0,31,48,64.6,3,34,4,2,2,,,,,,,,,,,,,,,,,,,,,1,51
4,Jeffrey Schlupp,15.0,gh GHA,AM,30-274,69,0,0,0,0,0,0,0,0,30,1,0,2,0.0,0.0,0.1,3,0,12,17,70.6,2,20,1,4,1,,,,,,,,,,,,,,,,,,,,,1,51
5,Jean-Philippe Mateta,14.0,fr FRA,FW,26-087,21,0,0,0,0,1,1,0,0,10,0,0,0,0.1,0.1,0.0,1,0,3,7,42.9,0,6,0,0,0,,,,,,,,,,,,,,,,,,,,,1,51
6,Will Hughes,19.0,eng ENG,DM,28-159,90,0,0,0,0,1,1,0,0,72,4,2,2,0.0,0.0,0.0,2,0,54,58,93.1,8,34,1,2,2,,,,,,,,,,,,,,,,,,,,,1,51
7,Cheick Doucouré,28.0,ml MLI,DM,23-258,90,0,0,0,0,0,0,1,0,56,1,2,0,0.0,0.0,0.0,0,0,43,50,86.0,4,33,1,3,2,,,,,,,,,,,,,,,,,,,,,1,51
8,Tyrick Mitchell,3.0,eng ENG,LB,24-022,90,0,0,0,0,0,0,1,0,58,1,0,3,0.0,0.0,0.0,0,0,32,47,68.1,1,21,0,1,0,,,,,,,,,,,,,,,,,,,,,1,51
9,Marc Guéhi,6.0,eng ENG,CB,23-072,90,0,0,0,0,0,0,0,0,71,1,0,0,0.0,0.0,0.0,1,0,58,64,90.6,2,45,1,1,1,,,,,,,,,,,,,,,,,,,,,1,51
10,Joachim Andersen,16.0,dk DEN,CB,27-115,90,0,0,0,0,1,0,0,0,76,1,0,0,0.1,0.1,0.0,0,0,60,71,84.5,3,46,0,1,1,,,,,,,,,,,,,,,,,,,,,1,51
11,Joel Ward,2.0,eng ENG,RB,33-329,90,0,0,0,0,1,0,0,0,71,1,0,0,0.0,0.0,0.0,0,0,54,67,80.6,6,35,1,1,0,,,,,,,,,,,,,,,,,,,,,1,51
12,Sam Johnstone,1.0,eng ENG,GK,30-182,90,0,0,0,0,0,0,0,0,37,0,0,0,0.0,0.0,0.0,1,0,22,33,66.7,0,21,0,0,0,5.0,0.0,5.0,100.0,0.5,4.0,14.0,28.6,26.0,6.0,30.8,33.4,6.0,100.0,62.2,14.0,0.0,0.0,0.0,8.0,1,51
0,Raúl Jiménez,7.0,mx MEX,FW,32-141,78,0,0,0,0,2,1,0,0,26,0,0,1,0.1,0.1,0.0,1,0,15,20,75.0,0,13,0,0,0,,,,,,,,,,,,,,,,,,,,,0,51
1,Carlos Vinícius,30.0,br BRA,FW,28-182,12,0,0,0,0,0,0,0,0,1,0,0,0,0.0,0.0,0.0,1,0,1,1,100.0,0,1,0,0,0,,,,,,,,,,,,,,,,,,,,,0,51
2,Willian,20.0,br BRA,LW,35-045,90,0,0,0,0,2,2,0,0,50,0,0,1,0.1,0.1,0.0,4,0,37,42,88.1,5,35,2,4,2,,,,,,,,,,,,,,,,,,,,,0,51
3,Bobby Reid,14.0,jm JAM,RW,30-233,78,0,0,0,0,0,0,0,0,35,3,0,2,0.0,0.0,0.0,0,0,22,27,81.5,5,16,4,2,1,,,,,,,,,,,,,,,,,,,,,0,51
4,Harry Wilson,8.0,wls WAL,RW,26-185,12,0,0,0,0,1,0,0,0,17,2,1,0,0.0,0.0,0.0,0,0,8,12,66.7,1,8,1,2,1,,,,,,,,,,,,,,,,,,,,,0,51
5,Andreas Pereira,18.0,br BRA,LM,27-265,74,0,0,0,0,2,1,0,0,34,3,0,0,0.2,0.2,0.1,2,0,17,23,73.9,2,13,2,0,0,,,,,,,,,,,,,,,,,,,,,0,51
6,Alex Iwobi,22.0,ng NGA,LM,27-143,16,0,0,0,0,0,0,0,0,11,0,0,0,0.0,0.0,0.0,1,0,9,11,81.8,3,8,1,0,0,,,,,,,,,,,,,,,,,,,,,0,51
7,João Palhinha,26.0,pt POR,CM,28-076,90,0,0,0,0,1,0,1,0,44,5,2,2,0.1,0.1,0.0,0,0,24,31,77.4,2,19,0,1,1,,,,,,,,,,,,,,,,,,,,,0,51
8,Harrison Reed,6.0,eng ENG,RM,28-239,90,0,0,0,0,1,0,0,0,56,4,1,1,0.0,0.0,0.1,4,0,32,41,78.0,4,21,0,0,0,,,,,,,,,,,,,,,,,,,,,0,51
9,Antonee Robinson,33.0,us USA,LB,26-046,90,0,0,0,0,0,0,0,0,77,2,4,0,0.0,0.0,0.1,2,0,40,58,69.0,6,41,3,2,1,,,,,,,,,,,,,,,,,,,,,0,51
10,Tim Ream,13.0,us USA,CB,35-353,90,0,0,0,0,0,0,1,0,71,3,0,0,0.0,0.0,0.0,0,0,51,59,86.4,8,39,4,0,0,,,,,,,,,,,,,,,,,,,,,0,51
11,Issa Diop,31.0,fr FRA,CB,26-257,90,0,0,0,0,0,0,0,0,88,2,1,0,0.0,0.0,0.0,1,0,67,79,84.8,9,59,3,0,0,,,,,,,,,,,,,,,,,,,,,0,51
12,Timothy Castagne,21.0,be BEL,RB,27-292,90,0,0,0,0,1,1,0,0,65,3,0,2,0.0,0.0,0.0,3,0,39,54,72.2,4,22,4,2,1,,,,,,,,,,,,,,,,,,,,,0,51
13,Bernd Leno,17.0,de GER,GK,31-203,90,0,0,0,0,0,0,0,0,45,0,0,0,0.0,0.0,0.0,0,0,42,44,95.5,0,32,0,0,0,3.0,0.0,3.0,100.0,0.7,1.0,3.0,33.3,42.0,6.0,7.1,20.4,2.0,0.0,14.5,11.0,1.0,9.1,2.0,15.6,0,51
0,Yoane Wissa,11.0,cd COD,FW,27-020,90,0,0,0,0,1,0,0,0,17,0,0,0,0.1,0.1,0.1,2,0,9,11,81.8,2,6,0,1,0,,,,,,,,,,,,,,,,,,,,,1,52
1,Keane Lewis-Potter,23.0,eng ENG,"LW,FW",22-213,88,0,0,0,0,1,0,0,0,17,1,0,0,0.2,0.2,0.0,1,0,10,13,76.9,2,13,4,3,1,,,,,,,,,,,,,,,,,,,,,1,52
2,Michael Olakigbe,37.0,eng ENG,FW,19-151,2,0,0,0,0,0,0,0,0,8,0,0,2,0.0,0.0,0.0,0,0,2,4,50.0,0,5,2,1,0,,,,,,,,,,,,,,,,,,,,,1,52
3,Bryan Mbeumo,19.0,cm CMR,"RW,WB",24-047,90,0,0,0,0,3,1,1,0,64,4,0,3,0.2,0.2,0.0,4,1,32,44,72.7,4,31,1,4,2,,,,,,,,,,,,,,,,,,,,,1,52
4,Vitaly Janelt,27.0,de GER,LM,25-136,60,0,1,0,0,1,0,0,0,35,2,1,0,0.0,0.0,0.1,4,1,22,31,71.0,4,19,0,0,0,,,,,,,,,,,,,,,,,,,,,1,52
5,Frank Onyeka,15.0,ng NGA,CM,25-265,30,0,0,0,0,0,0,0,0,17,1,0,1,0.0,0.0,0.0,1,0,9,11,81.8,0,12,0,2,1,,,,,,,,,,,,,,,,,,,,,1,52
6,Christian Nørgaard,6.0,dk DEN,CM,29-197,90,0,0,0,0,1,0,0,0,85,4,1,2,0.1,0.1,0.0,1,0,55,72,76.4,10,41,0,1,0,,,,,,,,,,,,,,,,,,,,,1,52
7,Mathias Jensen,8.0,dk DEN,"RM,CM",27-265,90,1,0,0,0,1,1,0,0,58,2,0,2,0.1,0.1,0.0,0,0,37,50,74.0,2,31,2,3,0,,,,,,,,,,,,,,,,,,,,,1,52
8,Aaron Hickey,2.0,sct SCO,"LB,WB",21-105,72,0,0,0,0,2,0,0,0,37,0,0,0,0.1,0.1,0.0,0,0,29,33,87.9,1,22,0,0,0,,,,,,,,,,,,,,,,,,,,,1,52
9,Saman Ghoddos,14.0,ir IRN,WB,30-017,18,0,0,0,0,0,0,1,0,16,1,0,0,0.0,0.0,0.1,1,0,12,14,85.7,3,9,2,0,0,,,,,,,,,,,,,,,,,,,,,1,52
10,Ethan Pinnock,5.0,jm JAM,CB,30-117,90,0,0,0,0,1,0,0,0,106,1,3,1,0.2,0.2,0.0,2,0,79,93,84.9,3,68,0,0,0,,,,,,,,,,,,,,,,,,,,,1,52
11,Nathan Collins,22.0,ie IRL,CB,22-146,90,0,0,0,0,0,0,0,0,113,3,2,0,0.0,0.0,0.2,1,0,88,101,87.1,7,77,2,2,1,,,,,,,,,,,,,,,,,,,,,1,52
12,Mads Roerslev,30.0,dk DEN,RB,24-091,60,0,0,0,0,0,0,0,0,58,0,0,0,0.0,0.0,0.0,2,0,40,54,74.1,3,31,1,2,1,,,,,,,,,,,,,,,,,,,,,1,52
13,Kristoffer Ajer,20.0,no NOR,CB,25-159,30,0,0,0,0,1,0,0,0,39,1,0,0,0.0,0.0,0.0,1,0,33,37,89.2,1,29,0,1,1,,,,,,,,,,,,,,,,,,,,,1,52
14,Mark Flekken,1.0,nl NED,GK,30-102,90,0,0,0,0,0,0,0,0,61,0,0,0,0.0,0.0,0.0,0,0,53,61,86.9,0,40,0,0,0,6.0,3.0,3.0,50.0,1.5,0.0,7.0,0.0,49.0,7.0,12.2,25.0,12.0,8.3,18.7,15.0,0.0,0.0,0.0,6.5,1,52
0,Beto,14.0,gw GNB,FW,25-235,62,0,0,0,0,4,1,0,0,32,1,0,2,0.4,0.4,0.0,3,0,10,18,55.6,3,16,1,0,0,,,,,,,,,,,,,,,,,,,,,0,52
1,Dominic Calvert-Lewin,9.0,eng ENG,FW,26-191,28,1,0,0,0,1,1,0,0,13,0,0,1,0.6,0.6,0.0,0,0,2,6,33.3,0,7,1,2,0,,,,,,,,,,,,,,,,,,,,,0,52
2,Abdoulaye Doucouré,16.0,ml MLI,"FW,CM",30-265,90,1,0,0,0,2,1,0,0,55,0,1,0,0.1,0.1,0.0,3,0,37,47,78.7,2,34,1,0,0,,,,,,,,,,,,,,,,,,,,,0,52
3,Dwight McNeil,7.0,eng ENG,LM,23-305,90,0,1,0,0,3,1,0,0,60,0,2,3,0.1,0.1,0.2,4,1,38,47,80.9,2,42,5,1,0,,,,,,,,,,,,,,,,,,,,,0,52
4,Idrissa Gana Gueye,27.0,sn SEN,CM,33-362,90,0,0,0,0,1,0,0,0,47,0,0,0,0.0,0.0,0.4,4,1,40,43,93.0,7,34,5,1,1,,,,,,,,,,,,,,,,,,,,,0,52
5,Amadou Onana,8.0,be BEL,CM,22-038,76,0,0,0,0,2,0,0,0,69,6,1,1,0.1,0.1,0.0,4,0,48,56,85.7,5,33,0,0,0,,,,,,,,,,,,,,,,,,,,,0,52
6,Arnaut Danjuma,10.0,nl NED,FW,26-235,14,0,0,0,0,0,0,0,0,4,0,0,0,0.0,0.0,0.0,1,0,2,2,100.0,0,4,0,3,1,,,,,,,,,,,,,,,,,,,,,0,52
7,James Garner,37.0,eng ENG,RM,22-194,90,0,1,0,0,2,0,0,0,41,3,0,2,0.0,0.0,0.7,6,3,26,33,78.8,5,22,3,0,0,,,,,,,,,,,,,,,,,,,,,0,52
8,Vitaliy Mykolenko,19.0,ua UKR,LB,24-117,90,0,0,0,0,1,1,0,0,65,2,1,2,0.1,0.1,0.0,0,0,37,49,75.5,2,27,1,2,2,,,,,,,,,,,,,,,,,,,,,0,52
9,Jarrad Branthwaite,32.0,eng ENG,CB,21-088,90,0,0,0,0,0,0,1,0,68,2,2,1,0.0,0.0,0.0,1,0,46,58,79.3,4,31,0,0,0,,,,,,,,,,,,,,,,,,,,,0,52
10,James Tarkowski,6.0,eng ENG,CB,30-308,90,1,1,0,0,2,1,0,0,52,0,0,1,0.3,0.3,0.3,4,1,33,43,76.7,6,23,0,0,0,,,,,,,,,,,,,,,,,,,,,0,52
11,Ashley Young,18.0,eng ENG,RB,38-076,90,0,0,0,0,0,0,1,0,44,2,0,1,0.0,0.0,0.0,0,0,26,36,72.2,0,16,3,1,0,,,,,,,,,,,,,,,,,,,,,0,52
12,Jordan Pickford,1.0,eng ENG,GK,29-200,90,0,0,0,0,0,0,0,0,36,0,0,0,0.0,0.0,0.0,0,0,22,35,62.9,0,21,0,0,0,2.0,1.0,1.0,50.0,0.9,7.0,20.0,35.0,31.0,5.0,51.6,39.7,4.0,100.0,63.3,9.0,1.0,11.1,0.0,11.3,0,52
0,Zeki Amdouni,25.0,ch SUI,FW,22-293,72,0,0,0,0,2,1,0,0,22,0,1,1,0.5,0.5,0.0,1,0,10,12,83.3,1,14,1,3,0,,,,,,,,,,,,,,,,,,,,,1,53
1,Jay Rodriguez,9.0,eng ENG,FW,34-056,18,0,0,0,0,1,0,0,0,3,0,0,1,0.1,0.1,0.0,0,0,0,1,0.0,0,2,0,0,0,,,,,,,,,,,,,,,,,,,,,1,53
2,Luca Koleosho,30.0,it ITA,"RW,LW",19-008,72,0,0,0,0,2,0,0,0,32,0,0,2,0.0,0.0,0.0,1,0,17,22,77.3,1,23,9,9,4,,,,,,,,,,,,,,,,,,,,,1,53
3,Jacob Bruun Larsen,34.0,dk DEN,RW,25-004,18,0,0,0,0,1,1,0,0,10,0,0,0,0.1,0.1,0.0,0,0,7,9,77.8,0,8,1,2,2,,,,,,,,,,,,,,,,,,,,,1,53
4,Jóhann Berg Guðmundsson,7.0,is ISL,RW,32-331,19,0,0,0,0,0,0,0,0,17,0,0,1,0.0,0.0,0.0,1,0,15,16,93.8,3,9,0,0,0,,,,,,,,,,,,,,,,,,,,,1,53
5,Mike Trésor,31.0,be BEL,LW,24-118,71,0,0,0,0,0,0,0,0,45,1,0,0,0.0,0.0,0.0,2,0,30,42,71.4,3,22,5,2,1,,,,,,,,,,,,,,,,,,,,,1,53
6,Josh Brownhill,8.0,eng ENG,LM,27-278,85,0,0,0,0,1,0,0,0,48,2,0,1,0.1,0.1,0.2,3,0,31,40,77.5,2,22,0,1,0,,,,,,,,,,,,,,,,,,,,,1,53
7,Benson Manuel,10.0,be BEL,LM,26-179,5,0,0,0,0,2,1,0,0,11,1,0,0,0.0,0.0,0.0,2,0,5,6,83.3,0,9,1,3,1,,,,,,,,,,,,,,,,,,,,,1,53
8,Josh Cullen,24.0,ie IRL,CM,27-169,90,0,0,0,0,0,0,0,0,70,1,1,1,0.0,0.0,0.1,5,0,59,66,89.4,7,31,1,0,0,,,,,,,,,,,,,,,,,,,,,1,53
9,Aaron Ramsey,21.0,eng ENG,RM,20-245,72,0,0,0,0,2,1,0,0,44,3,0,2,0.1,0.1,0.4,1,0,23,31,74.2,3,25,5,4,1,,,,,,,,,,,,,,,,,,,,,1,53
10,Sander Berge,16.0,no NOR,RM,25-221,18,0,0,0,0,1,0,0,0,17,0,0,0,0.2,0.2,0.0,1,0,14,16,87.5,3,8,1,1,1,,,,,,,,,,,,,,,,,,,,,1,53
11,Charlie Taylor,3.0,eng ENG,LB,30-005,90,0,0,0,0,0,0,0,0,61,1,2,4,0.0,0.0,0.0,1,0,40,50,80.0,3,34,1,0,0,,,,,,,,,,,,,,,,,,,,,1,53
12,Jordan Beyer,5.0,de GER,CB,23-127,90,0,0,0,0,0,0,1,0,116,2,1,2,0.0,0.0,0.0,0,0,101,109,92.7,0,87,3,0,0,,,,,,,,,,,,,,,,,,,,,1,53
13,Ameen Al-Dakhil,28.0,be BEL,CB,21-201,90,0,0,0,0,0,0,0,0,128,0,2,0,0.0,0.0,0.1,2,0,109,123,88.6,10,98,0,0,0,,,,,,,,,,,,,,,,,,,,,1,53
14,Connor Roberts,14.0,wls WAL,RB,28-000,90,0,0,0,0,0,0,0,0,69,2,0,0,0.0,0.0,0.0,1,0,50,63,79.4,9,37,0,0,0,,,,,,,,,,,,,,,,,,,,,1,53
15,James Trafford,1.0,eng ENG,GK,20-348,90,0,0,0,0,0,0,0,0,84,0,0,0,0.0,0.0,0.0,0,0,75,81,92.6,0,63,0,0,0,4.0,1.0,3.0,75.0,0.8,2.0,7.0,28.6,78.0,6.0,9.0,19.1,3.0,0.0,21.7,9.0,1.0,11.1,0.0,7.0,1,53
0,Rasmus Højlund,11.0,dk DEN,FW,20-231,90,0,0,0,0,2,0,0,0,31,0,0,0,0.1,0.1,0.0,1,0,11,17,64.7,0,11,0,1,0,,,,,,,,,,,,,,,,,,,,,0,53
1,Marcus Rashford,10.0,eng ENG,"LW,RW",25-327,90,0,0,0,0,3,0,0,0,40,1,0,0,0.4,0.4,0.2,5,0,25,33,75.8,3,19,5,5,2,,,,,,,,,,,,,,,,,,,,,0,53
2,Bruno Fernandes,8.0,pt POR,"RW,LW",29-015,90,1,0,0,0,4,3,0,0,48,0,2,0,0.4,0.4,0.1,2,0,19,34,55.9,4,16,1,2,0,,,,,,,,,,,,,,,,,,,,,0,53
3,Hannibal Mejbri,46.0,tn TUN,AM,20-245,90,0,0,0,0,0,0,0,0,33,2,0,1,0.0,0.0,0.4,5,0,22,25,88.0,5,16,2,1,0,,,,,,,,,,,,,,,,,,,,,0,53
4,Scott McTominay,39.0,sct SCO,DM,26-289,90,0,0,0,0,1,1,0,0,43,2,2,2,0.0,0.0,0.0,0,0,26,33,78.8,2,13,1,1,0,,,,,,,,,,,,,,,,,,,,,0,53
5,Casemiro,18.0,br BRA,DM,31-212,90,0,0,0,0,1,0,0,0,49,3,1,6,0.1,0.1,0.1,2,0,30,38,78.9,5,16,1,0,0,,,,,,,,,,,,,,,,,,,,,0,53
6,Sergio Reguilón,15.0,es ESP,LB,26-281,78,0,0,0,0,0,0,1,0,42,1,1,1,0.0,0.0,0.0,1,0,24,35,68.6,0,16,0,0,0,,,,,,,,,,,,,,,,,,,,,0,53
7,Raphaël Varane,19.0,fr FRA,CB,30-151,12,0,0,0,0,0,0,0,0,7,0,0,1,0.0,0.0,0.0,0,0,4,4,100.0,0,4,0,0,0,,,,,,,,,,,,,,,,,,,,,0,53
8,Jonny Evans,35.0,nir NIR,CB,35-263,88,0,1,0,0,0,0,0,0,79,0,1,0,0.0,0.0,0.1,1,1,59,67,88.1,3,40,0,0,0,,,,,,,,,,,,,,,,,,,,,0,53
9,Sofyan Amrabat,4.0,ma MAR,LB,27-033,2,0,0,0,0,0,0,0,0,0,0,0,0,0.0,0.0,0.0,0,0,0,0,,0,0,0,0,0,,,,,,,,,,,,,,,,,,,,,0,53
10,Victor Lindelöf,2.0,se SWE,"CB,LB",29-068,90,0,0,0,0,0,0,0,0,68,1,0,0,0.0,0.0,0.0,1,1,57,64,89.1,1,40,0,0,0,,,,,,,,,,,,,,,,,,,,,0,53
11,Diogo Dalot,20.0,pt POR,RB,24-189,90,0,0,0,0,0,0,1,0,49,3,0,0,0.0,0.0,0.1,1,0,37,45,82.2,2,19,2,0,0,,,,,,,,,,,,,,,,,,,,,0,53
12,André Onana,24.0,cm CMR,GK,27-174,90,0,0,0,0,0,0,0,0,44,0,0,0,0.0,0.0,0.0,0,0,28,42,66.7,0,23,0,0,0,4.0,0.0,4.0,100.0,0.6,4.0,17.0,23.5,38.0,3.0,39.5,34.5,4.0,50.0,40.5,17.0,1.0,5.9,0.0,3.0,0,53
0,Eddie Nketiah,14.0,eng ENG,FW,24-117,90,0,0,0,0,1,1,1,0,22,2,1,1,0.1,0.1,0.0,1,0,6,8,75.0,0,11,0,2,0,,,,,,,,,,,,,,,,,,,,,1,54
1,Gabriel Jesus,9.0,br BRA,LW,26-174,76,0,0,0,0,2,1,0,0,35,3,1,4,0.5,0.5,0.0,1,0,13,18,72.2,2,28,1,4,3,,,,,,,,,,,,,,,,,,,,,1,54
2,Reiss Nelson,24.0,eng ENG,"LW,RW",23-288,14,0,0,0,0,1,0,0,0,14,0,0,0,0.0,0.0,0.1,1,0,8,11,72.7,0,11,1,1,0,,,,,,,,,,,,,,,,,,,,,1,54
3,Bukayo Saka,7.0,eng ENG,RW,22-019,89,1,0,1,1,2,1,0,0,50,4,1,2,0.9,0.1,0.5,7,0,28,37,75.7,3,25,9,4,2,,,,,,,,,,,,,,,,,,,,,1,54
4,Emile Smith Rowe,10.0,eng ENG,"LW,RW",23-058,1,0,0,0,0,0,0,0,0,6,0,0,0,0.0,0.0,0.0,0,0,6,6,100.0,0,6,0,2,2,,,,,,,,,,,,,,,,,,,,,1,54
5,Fabio Vieira,21.0,pt POR,LM,23-117,45,0,0,0,0,0,0,0,0,17,1,0,0,0.0,0.0,0.0,0,0,11,14,78.6,0,12,3,1,0,,,,,,,,,,,,,,,,,,,,,1,54
6,Kai Havertz,29.0,de GER,LM,24-105,45,0,0,0,0,1,0,1,0,19,2,1,0,0.1,0.1,0.0,0,0,11,14,78.6,2,12,0,2,1,,,,,,,,,,,,,,,,,,,,,1,54
7,Declan Rice,41.0,eng ENG,CM,24-253,45,0,0,0,0,2,0,0,0,21,1,0,1,0.1,0.1,0.0,0,0,14,15,93.3,0,9,0,0,0,,,,,,,,,,,,,,,,,,,,,1,54
8,Jorginho,20.0,it ITA,CM,31-278,45,0,0,0,0,0,0,0,0,35,1,1,1,0.0,0.0,0.0,0,0,28,31,90.3,5,26,0,0,0,,,,,,,,,,,,,,,,,,,,,1,54
9,Martin Ødegaard,8.0,no NOR,RM,24-281,90,0,0,0,0,1,1,1,0,44,3,0,2,0.0,0.0,0.1,5,0,20,33,60.6,5,19,0,0,0,,,,,,,,,,,,,,,,,,,,,1,54
10,Oleksandr Zinchenko,35.0,ua UKR,LB,26-283,90,0,0,0,0,0,0,0,0,66,5,1,1,0.0,0.0,0.0,2,0,54,59,91.5,7,31,1,0,0,,,,,,,,,,,,,,,,,,,,,1,54
11,Gabriel Dos Santos,6.0,br BRA,CB,25-279,90,0,0,0,0,1,0,0,0,50,0,3,0,0.1,0.1,0.0,0,0,40,46,87.0,1,31,0,0,0,,,,,,,,,,,,,,,,,,,,,1,54
12,William Saliba,2.0,fr FRA,CB,22-184,90,0,0,0,0,0,0,0,0,58,2,0,4,0.0,0.0,0.0,1,0,44,50,88.0,4,43,0,1,0,,,,,,,,,,,,,,,,,,,,,1,54
13,Ben White,4.0,eng ENG,RB,25-351,90,0,0,0,0,1,0,0,0,52,0,2,1,0.3,0.3,0.0,3,1,37,44,84.1,3,19,2,0,0,,,,,,,,,,,,,,,,,,,,,1,54
14,David Raya,22.0,es ESP,GK,28-009,90,0,0,0,0,0,0,0,0,40,0,0,0,0.0,0.0,0.0,0,0,26,37,70.3,0,30,0,0,0,5.0,2.0,3.0,60.0,2.6,6.0,15.0,40.0,35.0,7.0,42.9,35.0,1.0,0.0,18.0,8.0,0.0,0.0,4.0,27.2,1,54
0,Son Heung-min,7.0,kr KOR,FW,31-078,78,2,0,0,0,3,2,0,0,17,0,0,0,0.5,0.5,0.4,2,0,13,14,92.9,2,11,0,0,0,,,,,,,,,,,,,,,,,,,,,0,54
1,Richarlison,9.0,br BRA,FW,26-137,12,0,0,0,0,3,1,0,0,7,0,0,0,0.2,0.2,0.0,0,0,2,3,66.7,0,4,0,1,0,,,,,,,,,,,,,,,,,,,,,0,54
2,Brennan Johnson,22.0,wls WAL,LW,22-124,62,0,0,0,0,3,2,0,0,18,0,1,0,0.6,0.6,0.0,1,0,7,10,70.0,0,14,3,1,0,,,,,,,,,,,,,,,,,,,,,0,54
3,Manor Solomon,27.0,il ISR,LW,24-062,28,0,0,0,0,0,0,0,0,9,0,1,0,0.0,0.0,0.0,0,0,5,7,71.4,0,5,1,1,1,,,,,,,,,,,,,,,,,,,,,0,54
4,Dejan Kulusevski,21.0,se SWE,RW,23-152,90,0,0,0,0,0,0,0,0,41,2,1,0,0.0,0.0,0.2,6,0,24,33,72.7,5,29,4,3,0,,,,,,,,,,,,,,,,,,,,,0,54
5,James Maddison,10.0,eng ENG,AM,26-305,77,0,2,0,0,1,0,0,0,37,2,0,0,0.0,0.0,0.5,8,4,25,30,83.3,3,24,3,5,2,,,,,,,,,,,,,,,,,,,,,0,54
6,Pierre Højbjerg,5.0,dk DEN,LM,28-050,13,0,0,0,0,0,0,0,0,15,0,0,0,0.0,0.0,0.0,0,0,11,15,73.3,1,11,0,0,0,,,,,,,,,,,,,,,,,,,,,0,54
7,Yves Bissouma,8.0,ml MLI,"DM,CM",27-025,90,0,0,0,0,1,0,1,0,71,4,0,3,0.0,0.0,0.0,2,0,56,60,93.3,1,35,1,1,1,,,,,,,,,,,,,,,,,,,,,0,54
8,Pape Matar Sarr,29.0,sn SEN,"DM,RM",21-010,90,0,0,0,0,2,0,1,0,68,3,0,1,0.1,0.1,0.0,2,0,46,54,85.2,7,43,1,2,1,,,,,,,,,,,,,,,,,,,,,0,54
9,Destiny Udogie,38.0,it ITA,LB,20-300,90,0,0,0,0,0,0,1,0,44,8,0,1,0.0,0.0,0.0,0,0,23,29,79.3,2,19,1,1,0,,,,,,,,,,,,,,,,,,,,,0,54
10,Micky van de Ven,37.0,nl NED,CB,22-158,90,0,0,0,0,0,0,0,0,57,1,1,0,0.0,0.0,0.0,0,0,49,52,94.2,1,34,0,1,0,,,,,,,,,,,,,,,,,,,,,0,54
11,Cristian Romero,17.0,ar ARG,CB,25-150,90,0,0,0,0,0,0,1,0,86,3,1,0,0.0,0.0,0.0,0,0,69,74,93.2,3,55,1,1,0,,,,,,,,,,,,,,,,,,,,,0,54
12,Pedro Porro,23.0,es ESP,RB,24-011,90,0,0,0,0,0,0,0,0,65,5,1,2,0.0,0.0,0.0,1,0,38,56,67.9,2,25,0,1,1,,,,,,,,,,,,,,,,,,,,,0,54
13,Guglielmo Vicario,13.0,it ITA,GK,26-352,90,0,0,0,0,0,0,0,0,53,0,0,0,0.0,0.0,0.0,0,0,36,48,75.0,0,29,0,0,0,5.0,2.0,4.0,80.0,1.8,3.0,12.0,25.0,39.0,6.0,25.6,28.9,9.0,22.2,23.1,17.0,2.0,11.8,2.0,13.5,0,54
0,Evan Ferguson,28.0,ie IRL,FW,18-340,45,0,0,0,0,1,1,0,0,15,0,0,0,0.0,0.0,0.1,2,0,6,8,75.0,0,9,0,0,0,,,,,,,,,,,,,,,,,,,,,1,55
1,Ansu Fati,31.0,es ESP,AM,20-328,45,0,0,0,0,2,0,0,0,28,1,0,1,0.6,0.6,0.0,2,1,21,21,100.0,3,19,0,1,0,,,,,,,,,,,,,,,,,,,,,1,55
2,Simon Adingra,24.0,ci CIV,"LW,RW",21-266,86,0,0,0,0,0,0,0,0,42,0,2,0,0.0,0.0,0.6,2,0,28,30,93.3,1,21,2,6,2,,,,,,,,,,,,,,,,,,,,,1,55
3,Tariq Lamptey,2.0,gh GHA,RW,22-359,4,0,0,0,0,0,0,0,0,6,0,0,0,0.0,0.0,0.0,0,0,3,3,100.0,0,4,0,1,0,,,,,,,,,,,,,,,,,,,,,1,55
4,Facundo Buonanotte,40.0,ar ARG,RW,18-275,45,0,0,0,0,1,1,0,0,21,2,2,0,0.0,0.0,0.0,0,0,10,14,71.4,0,13,0,1,0,,,,,,,,,,,,,,,,,,,,,1,55
5,Kaoru Mitoma,22.0,jp JPN,LW,26-127,45,2,0,0,0,2,2,0,0,19,1,0,0,0.7,0.7,0.0,0,0,8,11,72.7,1,14,0,3,0,,,,,,,,,,,,,,,,,,,,,1,55
6,Danny Welbeck,18.0,eng ENG,"AM,FW",32-302,62,0,0,0,0,0,0,0,0,25,0,1,0,0.0,0.0,0.0,2,0,17,20,85.0,2,18,1,2,0,,,,,,,,,,,,,,,,,,,,,1,55
7,João Pedro,9.0,br BRA,AM,21-363,28,0,0,0,0,1,0,0,0,17,1,0,0,0.1,0.1,0.1,2,0,9,9,100.0,2,12,1,5,4,,,,,,,,,,,,,,,,,,,,,1,55
8,Billy Gilmour,11.0,sct SCO,DM,22-105,90,0,0,0,0,1,0,1,0,86,3,0,0,0.0,0.0,0.3,5,1,66,79,83.5,5,44,2,1,1,,,,,,,,,,,,,,,,,,,,,1,55
9,Mahmoud Dahoud,8.0,de GER,DM,27-266,73,0,1,0,0,1,0,0,0,33,1,0,0,0.0,0.0,0.2,1,1,23,28,82.1,1,18,0,1,0,,,,,,,,,,,,,,,,,,,,,1,55
10,Carlos Baleba,20.0,cm CMR,DM,19-264,17,0,0,0,0,0,0,0,0,12,4,0,0,0.0,0.0,0.0,0,0,8,8,100.0,2,5,0,0,0,,,,,,,,,,,,,,,,,,,,,1,55
11,Pervis Estupiñán,30.0,ec ECU,LB,25-246,90,0,1,0,0,1,0,0,0,57,1,1,2,0.0,0.0,0.5,2,1,39,43,90.7,5,29,1,1,0,,,,,,,,,,,,,,,,,,,,,1,55
12,Lewis Dunk,5.0,eng ENG,CB,31-307,90,0,0,0,0,2,0,1,0,86,0,2,4,0.3,0.3,0.0,1,0,72,78,92.3,2,57,2,0,0,,,,,,,,,,,,,,,,,,,,,1,55
13,Adam Webster,4.0,eng ENG,CB,28-263,90,0,0,0,0,1,0,0,0,100,2,0,3,0.1,0.1,0.0,1,0,80,89,89.9,3,63,0,0,0,,,,,,,,,,,,,,,,,,,,,1,55
14,Joël Veltman,34.0,nl NED,RB,31-252,90,0,0,0,0,0,0,1,0,76,8,2,0,0.0,0.0,0.0,1,0,43,57,75.4,5,28,0,0,0,,,,,,,,,,,,,,,,,,,,,1,55
15,Bart Verbruggen,1.0,nl NED,GK,21-037,90,0,0,0,0,0,0,0,0,54,0,0,0,0.0,0.0,0.0,0,0,36,52,69.2,0,30,0,0,0,3.0,1.0,2.0,66.7,0.6,4.0,18.0,22.2,52.0,3.0,34.6,34.5,0.0,,,7.0,1.0,14.3,1.0,16.5,1,55
0,Dominic Solanke,9.0,eng ENG,FW,26-010,90,1,0,0,0,3,1,0,0,26,1,0,1,0.5,0.5,0.0,0,0,12,13,92.3,0,12,0,3,0,,,,,,,,,,,,,,,,,,,,,0,55
1,Justin Kluivert,19.0,nl NED,LW,24-142,63,0,0,0,0,0,0,0,0,22,1,1,1,0.0,0.0,0.0,1,0,9,14,64.3,1,15,2,3,2,,,,,,,,,,,,,,,,,,,,,0,55
2,Antoine Semenyo,24.0,gh GHA,"LW,AM",23-260,27,0,0,0,0,3,2,0,0,12,0,0,0,0.1,0.1,0.0,3,0,4,7,57.1,0,13,4,3,3,,,,,,,,,,,,,,,,,,,,,0,55
3,Marcus Tavernier,16.0,eng ENG,RW,24-186,62,0,0,0,0,0,0,0,0,29,2,2,2,0.0,0.0,0.1,1,0,14,19,73.7,2,15,0,5,4,,,,,,,,,,,,,,,,,,,,,0,55
4,Dango Ouattara,11.0,bf BFA,"RW,LW",21-225,28,0,0,0,0,1,0,0,0,15,0,0,0,0.1,0.1,0.0,4,0,9,11,81.8,1,10,2,3,2,,,,,,,,,,,,,,,,,,,,,0,55
5,Ryan Christie,10.0,sct SCO,AM,28-214,81,0,1,0,0,1,0,0,0,38,1,0,1,0.1,0.1,0.2,1,0,24,29,82.8,5,26,4,0,0,,,,,,,,,,,,,,,,,,,,,0,55
6,Hamed Junior Traorè,22.0,ci CIV,"DM,AM",23-220,9,0,0,0,0,1,0,0,0,10,1,0,1,0.0,0.0,0.0,0,0,4,4,100.0,0,3,0,2,1,,,,,,,,,,,,,,,,,,,,,0,55
7,Philip Billing,29.0,dk DEN,DM,27-105,81,0,0,0,0,1,0,0,0,36,4,1,1,0.0,0.0,0.0,1,0,20,26,76.9,1,27,2,2,0,,,,,,,,,,,,,,,,,,,,,0,55
8,David Brooks,7.0,wls WAL,"RW,DM",26-078,9,0,0,0,0,1,0,1,0,8,1,0,0,0.3,0.3,0.1,3,0,5,6,83.3,3,4,0,0,0,,,,,,,,,,,,,,,,,,,,,0,55
9,Lewis Cook,4.0,eng ENG,DM,26-233,90,0,0,0,0,0,0,0,0,56,0,0,1,0.0,0.0,0.2,2,0,47,53,88.7,1,41,0,1,1,,,,,,,,,,,,,,,,,,,,,0,55
10,Milos Kerkez,3.0,hu HUN,LB,19-321,90,0,0,0,0,0,0,0,0,39,3,1,0,0.0,0.0,0.0,0,0,23,30,76.7,0,20,3,1,1,,,,,,,,,,,,,,,,,,,,,0,55
11,Lloyd Kelly,5.0,eng ENG,CB,24-353,82,0,0,0,0,0,0,0,0,48,1,2,2,0.0,0.0,0.1,2,0,30,39,76.9,1,29,0,0,0,,,,,,,,,,,,,,,,,,,,,0,55
12,Marcos Senesi,25.0,ar ARG,CB,26-137,8,0,0,0,0,0,0,1,0,8,2,0,1,0.0,0.0,0.0,0,0,4,4,100.0,0,4,0,0,0,,,,,,,,,,,,,,,,,,,,,0,55
13,Illia Zabarnyi,27.0,ua UKR,CB,21-023,90,0,0,0,0,1,0,1,0,48,3,3,1,0.0,0.0,0.0,0,0,28,38,73.7,1,35,2,2,1,,,,,,,,,,,,,,,,,,,,,0,55
14,Max Aarons,37.0,eng ENG,RB,23-263,90,0,0,0,0,0,0,0,0,38,3,0,1,0.0,0.0,0.0,0,0,20,29,69.0,2,17,1,1,1,,,,,,,,,,,,,,,,,,,,,0,55
15,Neto,1.0,br BRA,GK,34-067,90,0,0,0,0,0,0,0,0,30,0,0,0,0.0,0.0,0.0,0,0,11,29,37.9,0,23,0,0,0,4.0,3.0,2.0,25.0,2.3,4.0,21.0,19.0,24.0,1.0,70.8,45.7,5.0,80.0,52.8,10.0,0.0,0.0,0.0,17.0,0,55
0,Nicolas Jackson,15.0,sn SEN,FW,22-096,67,0,0,0,0,1,1,1,0,19,1,0,1,0.5,0.5,0.0,1,0,7,10,70.0,2,11,0,1,0,,,,,,,,,,,,,,,,,,,,,1,56
1,Lesley Ugochukwu,16.0,fr FRA,DM,19-182,23,0,0,0,0,0,0,0,0,20,3,0,2,0.0,0.0,0.0,1,0,12,13,92.3,3,13,2,1,1,,,,,,,,,,,,,,,,,,,,,1,56
2,Mykhailo Mudryk,10.0,ua UKR,LW,22-262,60,0,0,0,0,0,0,0,0,25,2,0,1,0.0,0.0,0.5,1,0,9,16,56.3,3,15,2,6,2,,,,,,,,,,,,,,,,,,,,,1,56
3,Ben Chilwell,21.0,eng ENG,LB,26-277,30,0,0,0,0,1,1,1,0,28,1,1,0,0.2,0.2,0.0,0,0,20,24,83.3,1,18,2,0,0,,,,,,,,,,,,,,,,,,,,,1,56
4,Raheem Sterling,7.0,eng ENG,"RW,LW,FW",28-290,90,0,0,0,0,1,1,0,0,42,2,0,0,0.1,0.1,0.0,0,0,13,26,50.0,3,30,6,6,2,,,,,,,,,,,,,,,,,,,,,1,56
5,Enzo Fernández,8.0,ar ARG,AM,22-250,67,0,0,0,0,1,0,0,0,43,2,0,1,0.2,0.2,0.0,0,0,25,38,65.8,1,31,1,0,0,,,,,,,,,,,,,,,,,,,,,1,56
6,Cole Palmer,20.0,eng ENG,RW,21-141,23,0,0,0,0,2,0,0,0,26,0,0,0,0.2,0.2,0.2,3,0,17,20,85.0,4,23,1,1,0,,,,,,,,,,,,,,,,,,,,,1,56
7,Conor Gallagher,23.0,eng ENG,DM,23-230,90,0,0,0,0,1,0,0,0,64,3,2,2,0.0,0.0,0.0,1,0,44,54,81.5,1,49,2,4,2,,,,,,,,,,,,,,,,,,,,,1,56
8,Moisés Caicedo,25.0,ec ECU,"DM,AM",21-326,78,0,0,0,0,1,1,0,0,40,1,0,0,0.0,0.0,0.0,0,0,31,34,91.2,3,27,0,0,0,,,,,,,,,,,,,,,,,,,,,1,56
9,Armando Broja,19.0,al ALB,FW,22-014,12,0,0,0,0,1,0,0,0,4,0,0,0,0.0,0.0,0.0,1,0,1,1,100.0,0,4,2,0,0,,,,,,,,,,,,,,,,,,,,,1,56
10,Levi Colwill,26.0,eng ENG,"LB,CB",20-210,90,0,0,0,0,0,0,0,0,63,2,0,2,0.0,0.0,0.0,1,0,46,57,80.7,2,37,1,1,1,,,,,,,,,,,,,,,,,,,,,1,56
11,Thiago Silva,6.0,br BRA,CB,39-002,90,0,0,0,0,0,0,0,0,69,1,1,1,0.0,0.0,0.2,3,0,56,57,98.2,6,48,0,1,1,,,,,,,,,,,,,,,,,,,,,1,56
12,Axel Disasi,2.0,fr FRA,"CB,RB",25-197,90,0,0,0,0,1,0,0,0,74,1,0,1,0.0,0.0,0.2,4,0,58,65,89.2,4,52,2,3,0,,,,,,,,,,,,,,,,,,,,,1,56
13,Malo Gusto,27.0,fr FRA,RB,20-128,57,0,0,0,0,0,0,0,1,58,4,0,1,0.0,0.0,0.2,1,0,41,48,85.4,3,38,5,1,0,,,,,,,,,,,,,,,,,,,,,1,56
14,Robert Sánchez,1.0,es ESP,GK,25-310,90,0,0,0,0,0,0,0,0,34,0,0,0,0.0,0.0,0.0,0,0,25,29,86.2,0,20,0,0,0,7.0,1.0,6.0,85.7,1.7,4.0,8.0,50.0,25.0,7.0,28.0,30.9,4.0,25.0,33.8,16.0,2.0,12.5,5.0,21.0,1,56
0,Ollie Watkins,11.0,eng ENG,FW,27-268,89,1,0,0,0,2,1,0,0,17,0,0,2,0.2,0.2,0.1,3,1,6,8,75.0,1,9,2,1,0,,,,,,,,,,,,,,,,,,,,,0,56
1,Jhon Durán,24.0,co COL,FW,19-285,1,0,0,0,0,0,0,0,0,5,0,0,0,0.0,0.0,0.0,0,0,3,4,75.0,0,3,0,0,0,,,,,,,,,,,,,,,,,,,,,0,56
2,Nicolò Zaniolo,22.0,it ITA,LW,24-084,74,0,0,0,0,2,1,0,0,40,0,0,2,0.2,0.2,0.0,2,0,9,20,45.0,4,27,3,8,4,,,,,,,,,,,,,,,,,,,,,0,56
3,Leon Bailey,31.0,jm JAM,RM,26-046,16,0,0,0,0,0,0,0,0,11,0,0,0,0.0,0.0,0.2,2,0,4,6,66.7,0,8,0,4,0,,,,,,,,,,,,,,,,,,,,,0,56
4,John McGinn,7.0,sct SCO,RW,28-341,74,0,0,0,0,0,0,0,0,26,1,1,0,0.0,0.0,0.0,1,0,15,22,68.2,4,16,0,2,1,,,,,,,,,,,,,,,,,,,,,0,56
5,Jacob Ramsey,41.0,eng ENG,LM,22-119,16,0,0,0,0,1,1,0,0,18,4,0,2,0.1,0.1,0.0,1,0,4,6,66.7,0,8,1,1,0,,,,,,,,,,,,,,,,,,,,,0,56
6,Moussa Diaby,19.0,fr FRA,"AM,FW",24-079,80,0,0,0,0,2,1,0,0,26,1,0,1,0.2,0.2,0.1,2,0,17,19,89.5,1,19,3,1,0,,,,,,,,,,,,,,,,,,,,,0,56
7,Youri Tielemans,8.0,be BEL,FW,26-140,10,0,0,0,0,0,0,0,0,12,1,0,1,0.0,0.0,0.0,0,0,8,11,72.7,1,9,1,0,0,,,,,,,,,,,,,,,,,,,,,0,56
8,Douglas Luiz,6.0,br BRA,"DM,CM",25-138,90,0,0,0,0,2,0,1,0,72,2,1,1,0.1,0.1,0.0,2,0,47,63,74.6,7,42,2,1,1,,,,,,,,,,,,,,,,,,,,,0,56
9,Boubacar Kamara,44.0,fr FRA,"DM,CM",23-305,89,0,0,0,0,0,0,0,0,61,5,2,1,0.0,0.0,0.3,4,0,40,45,88.9,4,39,1,3,1,,,,,,,,,,,,,,,,,,,,,0,56
10,Leander Dendoncker,32.0,be BEL,CM,28-162,1,0,0,0,0,0,0,0,0,3,0,0,1,0.0,0.0,0.0,0,0,2,2,100.0,0,1,0,0,0,,,,,,,,,,,,,,,,,,,,,0,56
11,Lucas Digne,12.0,fr FRA,LB,30-066,90,0,0,0,0,2,1,1,0,59,4,3,0,0.0,0.0,0.0,3,0,33,48,68.8,4,28,1,0,0,,,,,,,,,,,,,,,,,,,,,0,56
12,Pau Torres,14.0,es ESP,CB,26-251,90,0,0,0,0,0,0,0,0,56,2,0,2,0.0,0.0,0.0,2,0,45,49,91.8,1,41,2,1,1,,,,,,,,,,,,,,,,,,,,,0,56
13,Ezri Konsa,4.0,eng ENG,CB,25-336,90,0,0,0,0,1,0,0,0,52,1,1,2,0.2,0.2,0.0,0,0,37,38,97.4,3,32,1,1,0,,,,,,,,,,,,,,,,,,,,,0,56
14,Matty Cash,2.0,pl POL,RB,26-048,90,0,0,0,0,3,2,0,0,46,0,1,1,0.1,0.1,0.0,0,0,36,40,90.0,1,31,3,0,0,,,,,,,,,,,,,,,,,,,,,0,56
15,Emiliano Martínez,1.0,ar ARG,GK,31-022,90,0,0,0,0,0,0,1,0,56,0,0,0,0.0,0.0,0.0,0,0,40,52,76.9,0,28,0,0,0,4.0,0.0,4.0,100.0,1.6,5.0,15.0,33.3,45.0,5.0,28.9,28.7,6.0,33.3,32.8,10.0,0.0,0.0,3.0,24.0,0,56
0,Darwin Núñez,9.0,uy URU,FW,24-092,80,1,0,0,0,3,2,0,0,28,0,0,3,0.9,0.9,0.0,0,0,14,19,73.7,1,16,1,2,1,,,,,,,,,,,,,,,,,,,,,1,57
1,Cody Gakpo,18.0,nl NED,FW,24-140,10,0,0,0,0,2,1,0,0,14,0,0,1,0.1,0.1,0.0,0,0,4,8,50.0,2,11,1,1,0,,,,,,,,,,,,,,,,,,,,,1,57
2,Luis Díaz,7.0,co COL,LW,26-254,80,0,0,0,0,1,0,0,0,36,1,0,0,0.0,0.0,0.2,7,1,21,27,77.8,1,26,3,3,1,,,,,,,,,,,,,,,,,,,,,1,57
3,Diogo Jota,20.0,pt POR,LW,26-294,10,1,0,0,0,2,1,0,0,9,0,0,0,0.5,0.5,0.0,1,0,4,6,66.7,0,6,2,0,0,,,,,,,,,,,,,,,,,,,,,1,57
4,Mohamed Salah,11.0,eg EGY,RW,31-101,90,1,0,1,1,4,1,0,0,57,1,0,0,1.0,0.2,0.6,5,1,29,43,67.4,8,51,7,4,2,,,,,,,,,,,,,,,,,,,,,1,57
5,Curtis Jones,17.0,eng ENG,LM,22-237,76,0,0,0,0,2,1,0,0,65,4,0,0,0.0,0.0,0.0,1,0,50,52,96.2,8,49,1,4,1,,,,,,,,,,,,,,,,,,,,,1,57
6,Ryan Gravenberch,38.0,nl NED,LM,21-131,14,0,0,0,0,0,0,0,0,14,1,0,0,0.0,0.0,0.0,0,0,7,10,70.0,2,5,1,1,0,,,,,,,,,,,,,,,,,,,,,1,57
7,Alexis Mac Allister,10.0,ar ARG,CM,24-274,87,0,1,0,0,1,0,0,0,98,2,1,2,0.0,0.0,0.3,4,1,86,90,95.6,10,78,3,3,2,,,,,,,,,,,,,,,,,,,,,1,57
8,Wataru Endo,3.0,jp JPN,CM,30-227,3,0,0,0,0,0,0,0,0,4,0,0,0,0.0,0.0,0.0,0,0,4,4,100.0,1,3,0,0,0,,,,,,,,,,,,,,,,,,,,,1,57
9,Dominik Szoboszlai,8.0,hu HUN,RM,22-334,90,0,0,0,0,3,0,0,0,101,2,1,0,0.1,0.1,0.1,8,0,84,92,91.3,15,68,1,0,0,,,,,,,,,,,,,,,,,,,,,1,57
10,Andrew Robertson,26.0,sct SCO,LB,29-197,90,0,0,0,0,0,0,0,0,91,0,0,2,0.0,0.0,0.4,7,1,68,85,80.0,8,52,6,0,0,,,,,,,,,,,,,,,,,,,,,1,57
11,Virgil van Dijk,4.0,nl NED,CB,32-078,90,0,1,0,0,3,0,0,0,100,2,3,2,0.3,0.3,0.6,4,0,78,84,92.9,7,66,2,0,0,,,,,,,,,,,,,,,,,,,,,1,57
12,Joël Matip,32.0,cm CMR,CB,32-047,90,0,0,0,0,0,0,0,0,77,1,2,1,0.0,0.0,0.0,1,1,59,66,89.4,3,47,1,1,0,,,,,,,,,,,,,,,,,,,,,1,57
13,Joe Gomez,2.0,eng ENG,RB,26-124,90,0,0,0,0,0,0,0,0,84,3,2,2,0.0,0.0,0.1,3,0,58,69,84.1,6,53,2,3,2,,,,,,,,,,,,,,,,,,,,,1,57
14,Alisson,1.0,br BRA,GK,30-357,90,0,0,0,0,0,0,0,0,39,0,0,0,0.0,0.0,0.0,0,0,34,36,94.4,0,35,0,0,0,4.0,1.0,3.0,75.0,1.4,2.0,4.0,50.0,36.0,7.0,11.1,23.9,0.0,,,14.0,1.0,7.1,2.0,17.2,1,57
0,Michail Antonio,9.0,jm JAM,FW,33-180,73,0,0,0,0,1,0,0,0,17,2,0,2,0.1,0.1,0.0,1,1,5,9,55.6,1,14,3,4,2,,,,,,,,,,,,,,,,,,,,,0,57
1,Kudus Mohammed,14.0,gh GHA,FW,23-053,17,0,0,0,0,0,0,0,0,7,1,0,1,0.0,0.0,0.0,0,0,4,4,100.0,1,3,0,2,1,,,,,,,,,,,,,,,,,,,,,0,57
2,Lucas Paquetá,10.0,br BRA,"LW,AM",26-028,86,0,0,0,0,0,0,0,0,60,2,1,1,0.0,0.0,0.1,3,0,40,50,80.0,6,35,1,7,6,,,,,,,,,,,,,,,,,,,,,0,57
3,Danny Ings,18.0,eng ENG,AM,31-063,4,0,0,0,0,0,0,0,0,2,0,0,0,0.0,0.0,0.0,0,0,0,2,0.0,0,1,0,0,0,,,,,,,,,,,,,,,,,,,,,0,57
4,Jarrod Bowen,20.0,eng ENG,RW,26-278,90,1,0,0,0,3,2,0,0,30,3,1,0,0.5,0.5,0.0,2,0,14,18,77.8,2,13,2,1,1,,,,,,,,,,,,,,,,,,,,,0,57
5,James Ward-Prowse,7.0,eng ENG,"AM,DM",28-327,90,0,0,0,0,0,0,0,0,49,3,2,1,0.0,0.0,0.5,3,0,37,43,86.0,4,18,0,0,0,,,,,,,,,,,,,,,,,,,,,0,57
6,Edson Álvarez,19.0,mx MEX,DM,25-335,90,0,0,0,0,0,0,1,0,52,5,0,1,0.0,0.0,0.0,2,0,30,37,81.1,0,25,0,2,2,,,,,,,,,,,,,,,,,,,,,0,57
7,Tomáš Souček,28.0,cz CZE,DM,28-209,73,0,0,0,0,3,1,0,0,42,2,0,4,0.3,0.3,0.1,4,0,24,29,82.8,3,11,0,0,0,,,,,,,,,,,,,,,,,,,,,0,57
8,Pablo Fornals,8.0,es ESP,LW,27-214,17,0,0,0,0,2,1,0,0,12,0,0,0,0.0,0.0,0.0,1,0,8,9,88.9,0,9,0,1,1,,,,,,,,,,,,,,,,,,,,,0,57
9,Emerson Palmieri,33.0,it ITA,LB,29-052,90,0,0,0,0,1,0,0,0,76,2,3,2,0.0,0.0,0.0,0,0,41,52,78.8,1,26,0,3,1,,,,,,,,,,,,,,,,,,,,,0,57
10,Nayef Aguerd,27.0,ma MAR,CB,27-178,90,0,0,0,0,1,0,0,0,46,0,0,3,0.0,0.0,0.0,0,0,27,37,73.0,0,12,0,0,0,,,,,,,,,,,,,,,,,,,,,0,57
11,Kurt Zouma,4.0,fr FRA,CB,28-332,90,0,0,0,0,0,0,1,0,36,2,0,1,0.0,0.0,0.0,0,0,25,31,80.6,2,16,0,0,0,,,,,,,,,,,,,,,,,,,,,0,57
12,Vladimír Coufal,5.0,cz CZE,RB,31-033,90,0,1,0,0,0,0,0,0,52,2,1,1,0.0,0.0,0.1,4,1,28,44,63.6,3,16,2,2,0,,,,,,,,,,,,,,,,,,,,,0,57
13,Alphonse Areola,23.0,fr FRA,GK,30-209,90,0,0,0,0,0,0,0,0,37,0,0,0,0.0,0.0,0.0,0,0,21,33,63.6,0,15,0,0,0,7.0,3.0,4.0,71.4,3.4,4.0,14.0,28.6,22.0,5.0,40.9,31.0,11.0,45.5,39.1,18.0,0.0,0.0,0.0,9.3,0,57
0,Cameron Archer,10.0,eng ENG,FW,22-065,90,0,0,0,0,0,0,0,0,24,0,0,0,0.0,0.0,0.0,1,0,17,18,94.4,2,13,1,2,1,,,,,,,,,,,,,,,,,,,,,1,58
1,Gustavo Hamer,8.0,nl NED,"AM,LM",26-092,65,0,0,0,0,2,0,0,0,32,0,1,1,0.1,0.1,0.0,2,0,18,23,78.3,1,14,0,0,0,,,,,,,,,,,,,,,,,,,,,1,58
2,Anis Ben Slimane,25.0,tn TUN,"CM,LM",22-192,25,0,0,0,0,0,0,1,0,20,1,0,1,0.0,0.0,0.0,1,0,12,15,80.0,2,12,0,1,0,,,,,,,,,,,,,,,,,,,,,1,58
3,James Mcatee,28.0,eng ENG,AM,20-341,74,0,0,0,0,0,0,0,0,27,0,0,1,0.0,0.0,0.2,4,0,18,23,78.3,4,14,2,3,1,,,,,,,,,,,,,,,,,,,,,1,58
4,Chris Basham,6.0,eng ENG,RB,35-066,16,0,0,0,0,0,0,0,0,14,1,0,0,0.0,0.0,0.1,1,0,11,13,84.6,1,3,1,1,1,,,,,,,,,,,,,,,,,,,,,1,58
5,Vinicius Souza,21.0,br BRA,"CM,RM",24-099,90,0,0,0,0,1,1,0,0,65,6,0,1,0.0,0.0,0.0,0,0,47,52,90.4,4,33,0,1,0,,,,,,,,,,,,,,,,,,,,,1,58
6,Oliver Norwood,16.0,nir NIR,CM,32-165,61,0,0,0,0,0,0,0,0,57,2,0,0,0.0,0.0,0.0,0,0,39,55,70.9,3,22,0,0,0,,,,,,,,,,,,,,,,,,,,,1,58
7,Tom Davies,22.0,eng ENG,CM,25-086,29,0,0,0,0,2,0,0,0,35,3,1,0,0.1,0.1,0.0,1,0,19,24,79.2,2,15,2,2,0,,,,,,,,,,,,,,,,,,,,,1,58
8,Luke Thomas,14.0,eng ENG,"LB,WB",22-106,90,0,0,0,0,2,0,0,0,50,0,1,1,0.3,0.3,0.0,1,0,32,38,84.2,4,24,1,4,3,,,,,,,,,,,,,,,,,,,,,1,58
9,Jayden Bogle,20.0,eng ENG,WB,23-059,45,0,0,0,0,0,0,0,0,25,0,2,0,0.0,0.0,0.1,3,0,16,20,80.0,2,11,1,1,0,,,,,,,,,,,,,,,,,,,,,1,58
10,Bénie Adama Traore,11.0,ci CIV,FW,20-298,45,0,0,0,0,0,0,0,0,21,2,0,1,0.0,0.0,0.1,1,0,12,15,80.0,2,12,1,2,2,,,,,,,,,,,,,,,,,,,,,1,58
11,Jack Robinson,19.0,eng ENG,CB,30-023,90,0,0,0,0,1,0,1,0,65,0,1,0,0.4,0.4,0.0,1,0,43,52,82.7,3,24,0,0,0,,,,,,,,,,,,,,,,,,,,,1,58
12,John Egan,12.0,ie IRL,CB,30-339,90,0,0,0,0,0,0,1,0,59,1,5,3,0.0,0.0,0.0,0,0,27,44,61.4,1,21,0,0,0,,,,,,,,,,,,,,,,,,,,,1,58
13,Anel Ahmedhodžić,15.0,ba BIH,"CB,RB",24-182,90,0,0,0,0,1,0,1,0,57,3,1,1,0.1,0.1,0.0,1,0,40,48,83.3,1,19,1,3,2,,,,,,,,,,,,,,,,,,,,,1,58
14,Wes Foderingham,18.0,eng ENG,GK,32-253,90,0,0,0,0,0,0,0,0,40,0,0,0,0.0,0.0,0.0,0,0,18,34,52.9,0,18,0,0,0,15.0,8.0,7.0,46.7,6.8,3.0,17.0,17.6,28.0,4.0,46.4,36.4,6.0,66.7,50.3,13.0,0.0,0.0,0.0,2.0,1,58
0,Callum Wilson,9.0,eng ENG,FW,31-209,69,1,0,0,0,5,5,0,0,24,0,0,2,1.2,1.2,0.0,1,0,6,12,50.0,0,18,2,1,0,,,,,,,,,,,,,,,,,,,,,0,58
1,Alexander Isak,14.0,se SWE,FW,24-003,21,1,0,0,0,1,1,0,0,13,1,0,0,0.6,0.6,0.0,1,1,7,8,87.5,1,10,1,1,1,,,,,,,,,,,,,,,,,,,,,0,58
2,Harvey Barnes,15.0,eng ENG,LW,25-289,11,0,0,0,0,0,0,0,0,4,0,0,0,0.0,0.0,0.0,0,0,4,4,100.0,2,2,0,0,0,,,,,,,,,,,,,,,,,,,,,0,58
3,Anthony Gordon,10.0,eng ENG,"LW,RM,RW",22-212,79,1,1,0,0,4,3,0,0,52,3,1,1,0.7,0.7,0.7,5,2,26,35,74.3,5,38,11,3,2,,,,,,,,,,,,,,,,,,,,,0,58
4,Miguel Almirón,24.0,py PAR,RW,29-226,69,1,0,0,0,3,1,0,0,42,2,1,3,0.4,0.4,0.0,2,2,24,29,82.8,3,27,0,1,1,,,,,,,,,,,,,,,,,,,,,0,58
5,Sandro Tonali,8.0,it ITA,CM,23-139,21,0,0,0,0,0,0,0,0,36,1,0,0,0.0,0.0,0.2,2,0,32,35,91.4,0,22,0,0,0,,,,,,,,,,,,,,,,,,,,,0,58
6,Elliot Anderson,32.0,sct SCO,"LM,LW",20-322,90,0,1,0,0,2,1,0,0,66,3,0,4,0.1,0.1,0.6,5,1,44,47,93.6,12,42,4,3,0,,,,,,,,,,,,,,,,,,,,,0,58
7,Bruno Guimarães,39.0,br BRA,"CM,LM",25-312,80,1,1,0,0,1,1,0,0,79,2,1,1,0.3,0.3,0.4,7,2,61,72,84.7,4,61,0,2,2,,,,,,,,,,,,,,,,,,,,,0,58
8,Lewis Hall,20.0,eng ENG,LB,19-016,10,0,0,0,0,0,0,0,0,5,0,0,0,0.0,0.0,0.0,0,0,2,2,100.0,0,2,0,0,0,,,,,,,,,,,,,,,,,,,,,0,58
9,Sean Longstaff,36.0,eng ENG,"RM,CM",25-329,90,1,0,0,0,2,1,0,0,72,0,1,1,0.3,0.3,0.0,4,2,50,61,82.0,6,47,0,0,0,,,,,,,,,,,,,,,,,,,,,0,58
10,Dan Burn,33.0,eng ENG,"LB,CB",31-138,90,1,0,0,0,2,1,0,0,77,2,1,0,0.4,0.4,0.0,1,0,53,66,80.3,5,47,2,1,1,,,,,,,,,,,,,,,,,,,,,0,58
11,Sven Botman,4.0,nl NED,CB,23-255,90,1,0,0,0,1,1,0,0,95,0,1,0,0.0,0.0,0.0,0,0,87,90,96.7,2,67,0,0,0,,,,,,,,,,,,,,,,,,,,,0,58
12,Fabian Schär,5.0,ch SUI,CB,31-278,90,0,0,0,0,1,0,0,0,77,1,1,1,0.0,0.0,0.0,2,1,61,69,88.4,4,53,1,2,2,,,,,,,,,,,,,,,,,,,,,0,58
13,Kieran Trippier,2.0,eng ENG,RB,33-005,69,0,3,0,0,0,0,0,0,74,2,0,1,0.0,0.0,0.9,5,3,57,70,81.4,7,46,2,1,1,,,,,,,,,,,,,,,,,,,,,0,58
14,Valentino Livramento,21.0,eng ENG,RB,20-316,21,0,0,0,0,0,0,0,0,18,2,0,0,0.0,0.0,0.0,1,0,12,15,80.0,3,11,2,0,0,,,,,,,,,,,,,,,,,,,,,0,58
15,Nick Pope,22.0,eng ENG,GK,31-158,90,0,0,0,0,0,0,0,0,28,0,0,0,0.0,0.0,0.0,0,0,23,27,85.2,0,14,0,0,0,1.0,0.0,1.0,100.0,0.2,4.0,6.0,66.7,21.0,6.0,19.0,27.1,6.0,33.3,34.2,5.0,0.0,0.0,4.0,23.2,0,58
0,Ollie Watkins,11.0,eng ENG,FW,27-274,90,3,1,0,0,6,4,0,0,38,0,0,2,0.8,0.8,0.4,10,4,17,24,70.8,3,30,5,3,2,,,,,,,,,,,,,,,,,,,,,1,59
1,Nicolò Zaniolo,22.0,it ITA,LW,24-090,56,0,0,0,0,2,1,0,0,16,1,0,0,0.0,0.0,0.0,3,0,2,6,33.3,1,9,0,4,0,,,,,,,,,,,,,,,,,,,,,1,59
2,Jacob Ramsey,41.0,eng ENG,LW,22-125,34,1,0,0,0,2,1,0,0,12,0,1,0,0.1,0.1,0.0,0,0,9,9,100.0,2,11,3,0,0,,,,,,,,,,,,,,,,,,,,,1,59
3,John McGinn,7.0,sct SCO,RW,28-347,90,0,1,0,0,1,0,0,0,36,5,1,1,0.0,0.0,0.3,4,2,20,24,83.3,6,19,1,2,2,,,,,,,,,,,,,,,,,,,,,1,59
4,Moussa Diaby,19.0,fr FRA,AM,24-085,78,0,1,0,0,5,2,0,0,27,0,0,0,0.4,0.4,0.1,3,1,13,17,76.5,2,16,2,5,4,,,,,,,,,,,,,,,,,,,,,1,59
5,Jhon Durán,24.0,co COL,AM,19-291,12,0,0,0,0,0,0,1,0,6,0,0,0,0.0,0.0,0.0,1,0,3,4,75.0,0,3,0,0,0,,,,,,,,,,,,,,,,,,,,,1,59
6,Douglas Luiz,6.0,br BRA,DM,25-144,90,1,0,0,0,2,1,1,0,50,3,0,1,0.1,0.1,0.0,3,1,37,42,88.1,6,29,2,0,0,,,,,,,,,,,,,,,,,,,,,1,59
7,Boubacar Kamara,44.0,fr FRA,DM,23-311,89,0,0,0,0,0,0,0,0,42,4,1,1,0.0,0.0,0.0,1,0,28,35,80.0,2,28,0,1,0,,,,,,,,,,,,,,,,,,,,,1,59
8,Youri Tielemans,8.0,be BEL,DM,26-146,1,0,0,0,0,0,0,0,0,3,0,0,0,0.0,0.0,0.0,1,0,3,3,100.0,1,2,0,0,0,,,,,,,,,,,,,,,,,,,,,1,59
9,Lucas Digne,12.0,fr FRA,LB,30-072,90,0,0,0,0,1,0,1,0,41,2,0,0,0.1,0.1,0.0,3,0,28,33,84.8,1,19,1,1,0,,,,,,,,,,,,,,,,,,,,,1,59
10,Pau Torres,14.0,es ESP,CB,26-257,90,0,0,0,0,0,0,0,0,44,0,0,3,0.0,0.0,0.0,0,0,33,41,80.5,2,30,1,1,1,,,,,,,,,,,,,,,,,,,,,1,59
11,Ezri Konsa,4.0,eng ENG,CB,25-342,90,0,0,0,0,0,0,1,0,46,0,0,2,0.0,0.0,0.0,0,0,31,36,86.1,2,34,0,3,0,,,,,,,,,,,,,,,,,,,,,1,59
12,Matty Cash,2.0,pl POL,RB,26-054,90,0,1,0,0,0,0,0,0,46,6,1,3,0.0,0.0,0.4,1,1,26,33,78.8,1,17,1,1,0,,,,,,,,,,,,,,,,,,,,,1,59
13,Emiliano Martínez,1.0,ar ARG,GK,31-028,90,0,0,0,0,0,0,0,0,43,0,0,0,0.0,0.0,0.0,0,0,20,41,48.8,0,23,0,0,0,3.0,1.0,2.0,66.7,1.1,6.0,25.0,24.0,33.0,0.0,57.6,43.0,8.0,75.0,48.6,10.0,0.0,0.0,0.0,,1,59
0,Evan Ferguson,28.0,ie IRL,FW,18-346,45,0,0,0,0,0,0,0,0,16,0,0,1,0.0,0.0,0.0,0,0,11,11,100.0,1,8,1,1,0,,,,,,,,,,,,,,,,,,,,,0,59
1,Ansu Fati,31.0,es ESP,FW,20-334,45,1,0,0,0,4,1,1,0,18,1,0,0,0.7,0.7,0.0,2,0,9,10,90.0,3,12,3,1,0,,,,,,,,,,,,,,,,,,,,,0,59
2,Kaoru Mitoma,22.0,jp JPN,"LM,LW",26-133,90,0,0,0,0,2,0,1,0,44,0,0,2,0.1,0.1,0.1,4,0,20,31,64.5,2,33,5,7,2,,,,,,,,,,,,,,,,,,,,,0,59
3,Solly March,7.0,eng ENG,"RW,RM",29-072,61,0,0,0,0,1,0,0,0,19,4,0,1,0.3,0.3,0.0,1,0,9,12,75.0,4,8,3,0,0,,,,,,,,,,,,,,,,,,,,,0,59
4,Simon Adingra,24.0,ci CIV,RM,21-272,29,0,0,0,0,1,1,0,0,10,0,0,0,0.0,0.0,0.0,0,0,5,7,71.4,0,8,1,1,0,,,,,,,,,,,,,,,,,,,,,0,59
5,Danny Welbeck,18.0,eng ENG,AM,32-308,45,0,0,0,0,0,0,1,0,19,3,0,1,0.0,0.0,0.0,1,0,10,13,76.9,1,11,0,0,0,,,,,,,,,,,,,,,,,,,,,0,59
6,João Pedro,9.0,br BRA,FW,22-004,45,0,1,0,0,1,0,0,0,28,0,0,0,0.0,0.0,0.5,6,2,20,26,76.9,2,22,2,4,3,,,,,,,,,,,,,,,,,,,,,0,59
7,Billy Gilmour,11.0,sct SCO,"CM,DM",22-111,90,0,0,0,0,1,0,0,0,95,0,0,1,0.0,0.0,0.5,4,0,79,85,92.9,8,55,1,2,1,,,,,,,,,,,,,,,,,,,,,0,59
8,Jack Hinshelwood,41.0,eng ENG,"DM,CM",18-172,85,0,0,0,0,0,0,0,0,55,0,3,1,0.0,0.0,0.1,2,0,45,51,88.2,3,34,1,0,0,,,,,,,,,,,,,,,,,,,,,0,59
9,Carlos Baleba,20.0,cm CMR,CM,19-270,5,0,0,0,0,0,0,0,0,7,0,0,0,0.0,0.0,0.0,1,0,7,7,100.0,0,4,0,0,0,,,,,,,,,,,,,,,,,,,,,0,59
10,Pervis Estupiñán,30.0,ec ECU,LB,25-252,45,0,0,0,0,1,1,0,0,29,2,1,0,0.5,0.5,0.0,0,0,21,23,91.3,2,20,2,2,0,,,,,,,,,,,,,,,,,,,,,0,59
11,Tariq Lamptey,2.0,gh GHA,LB,23-000,45,0,0,0,0,0,0,0,0,45,2,1,0,0.0,0.0,0.0,0,0,38,40,95.0,4,31,1,3,3,,,,,,,,,,,,,,,,,,,,,0,59
12,Lewis Dunk,5.0,eng ENG,CB,31-313,90,0,0,0,0,0,0,1,0,106,0,1,2,0.0,0.0,0.0,0,0,82,99,82.8,6,80,0,1,1,,,,,,,,,,,,,,,,,,,,,0,59
13,Adam Webster,4.0,eng ENG,CB,28-269,90,0,0,0,0,0,0,0,0,75,1,1,2,0.0,0.0,0.0,0,0,62,70,88.6,2,51,0,0,0,,,,,,,,,,,,,,,,,,,,,0,59
14,Joël Veltman,34.0,nl NED,RB,31-258,90,0,0,0,0,0,0,0,0,53,6,1,1,0.0,0.0,0.3,1,0,31,36,86.1,1,24,1,0,0,,,,,,,,,,,,,,,,,,,,,0,59
15,Jason Steele,23.0,eng ENG,GK,33-043,90,0,0,0,0,0,0,0,0,32,0,0,0,0.0,0.0,0.0,0,0,29,29,100.0,0,20,0,0,0,9.0,6.0,4.0,33.3,3.1,1.0,1.0,100.0,29.0,4.0,3.4,24.1,0.0,,,3.0,1.0,33.3,0.0,12.0,0,59
0,Matheus Cunha,12.0,br BRA,FW,24-126,85,0,1,0,0,0,0,0,0,37,3,0,3,0.0,0.0,0.4,2,1,16,19,84.2,2,18,3,5,3,,,,,,,,,,,,,,,,,,,,,1,60
1,Fábio Silva,9.0,pt POR,FW,21-073,5,0,0,0,0,0,0,1,0,6,0,0,0,0.0,0.0,0.0,0,0,2,4,50.0,1,3,0,1,0,,,,,,,,,,,,,,,,,,,,,1,60
2,Hwang Hee-chan,11.0,kr KOR,LW,27-247,85,1,0,0,0,3,1,1,0,24,0,1,1,0.4,0.4,0.0,1,1,11,16,68.8,0,18,1,4,4,,,,,,,,,,,,,,,,,,,,,1,60
3,Jonny Castro,19.0,es ESP,LM,29-211,5,0,0,0,0,0,0,0,0,2,0,0,1,0.0,0.0,0.0,0,0,0,0,,0,0,0,0,0,,,,,,,,,,,,,,,,,,,,,1,60
4,Pedro Neto,7.0,pt POR,RW,23-205,90,0,0,0,0,0,0,1,0,33,0,0,1,0.0,0.0,0.0,0,0,14,21,66.7,0,27,5,3,1,,,,,,,,,,,,,,,,,,,,,1,60
5,Rayan Aït Nouri,3.0,dz ALG,LM,22-116,73,0,0,0,0,0,0,0,0,28,0,1,1,0.0,0.0,0.0,0,0,13,20,65.0,0,21,0,3,1,,,,,,,,,,,,,,,,,,,,,1,60
6,Matt Doherty,2.0,ie IRL,"LM,LW",31-257,17,0,0,0,0,0,0,0,0,9,0,1,1,0.0,0.0,0.0,0,0,4,5,80.0,0,4,0,0,0,,,,,,,,,,,,,,,,,,,,,1,60
7,Mario Lemina,5.0,ga GAB,CM,30-029,90,0,0,0,0,0,0,1,0,28,1,1,0,0.0,0.0,0.0,0,0,16,21,76.2,1,17,0,0,0,,,,,,,,,,,,,,,,,,,,,1,60
8,João Gomes,8.0,br BRA,CM,22-230,66,0,0,0,0,0,0,0,0,34,1,1,2,0.0,0.0,0.0,1,0,22,28,78.6,0,24,0,1,0,,,,,,,,,,,,,,,,,,,,,1,60
9,Boubacar Traoré,6.0,ml MLI,CM,22-041,24,0,0,0,0,0,0,0,0,12,2,0,1,0.0,0.0,0.0,0,0,4,9,44.4,1,7,1,0,0,,,,,,,,,,,,,,,,,,,,,1,60
10,Nélson Semedo,22.0,pt POR,RM,29-318,90,0,0,0,0,0,0,0,0,55,3,3,5,0.0,0.0,0.0,0,0,28,39,71.8,1,31,0,0,0,,,,,,,,,,,,,,,,,,,,,1,60
11,Toti Gomes,24.0,pt POR,CB,24-257,90,0,0,0,0,0,0,0,0,33,2,1,0,0.0,0.0,0.0,0,0,24,27,88.9,1,24,0,1,0,,,,,,,,,,,,,,,,,,,,,1,60
12,Craig Dawson,15.0,eng ENG,CB,33-147,90,0,0,0,0,0,0,0,0,36,0,0,3,0.0,0.0,0.0,0,0,23,26,88.5,0,24,0,0,0,,,,,,,,,,,,,,,,,,,,,1,60
13,Max Kilman,23.0,eng ENG,CB,26-130,90,0,0,0,0,0,0,0,0,46,0,1,3,0.0,0.0,0.0,1,0,29,33,87.9,2,30,2,1,0,,,,,,,,,,,,,,,,,,,,,1,60
14,José Sá,1.0,pt POR,GK,30-256,90,0,0,0,0,0,0,1,0,39,0,0,1,0.0,0.0,0.0,1,0,19,33,57.6,0,21,0,0,0,8.0,1.0,7.0,87.5,1.4,8.0,20.0,40.0,23.0,2.0,60.9,45.3,9.0,66.7,50.3,18.0,3.0,16.7,2.0,14.5,1,60
0,Erling Haaland,9.0,no NOR,FW,23-071,90,0,0,0,0,1,1,0,0,14,0,0,0,0.1,0.1,0.1,1,0,10,12,83.3,1,3,0,2,1,,,,,,,,,,,,,,,,,,,,,0,60
1,Jeremy Doku,11.0,be BEL,"LW,RW",21-126,90,0,0,0,0,6,1,1,0,69,1,1,1,0.2,0.2,0.1,7,0,38,55,69.1,2,53,14,7,6,,,,,,,,,,,,,,,,,,,,,0,60
2,Phil Foden,47.0,eng ENG,"RW,AM,RM",23-125,90,0,0,0,0,1,0,0,0,45,2,0,0,0.1,0.1,0.1,6,0,27,38,71.1,0,22,2,2,1,,,,,,,,,,,,,,,,,,,,,0,60
3,Julián Álvarez,19.0,ar ARG,"AM,RW",23-242,90,1,0,0,0,2,2,1,0,40,2,0,0,0.1,0.1,0.1,5,0,27,35,77.1,4,20,0,1,1,,,,,,,,,,,,,,,,,,,,,0,60
4,Mateo Kovačić,8.0,hr CRO,DM,29-147,64,0,0,0,0,1,0,1,0,61,3,0,0,0.0,0.0,0.0,3,0,48,56,85.7,4,46,1,2,0,,,,,,,,,,,,,,,,,,,,,0,60
5,Kalvin Phillips,4.0,eng ENG,DM,27-302,26,0,0,0,0,2,0,0,0,30,0,0,0,0.1,0.1,0.0,1,0,23,25,92.0,2,23,5,0,0,,,,,,,,,,,,,,,,,,,,,0,60
6,Matheus Nunes,27.0,pt POR,DM,25-034,45,0,0,0,0,0,0,0,0,35,0,0,1,0.0,0.0,0.0,4,0,26,29,89.7,4,25,3,2,1,,,,,,,,,,,,,,,,,,,,,0,60
7,Oscar Bobb,52.0,no NOR,"DM,LM",20-080,45,0,0,0,0,0,0,0,0,18,1,0,0,0.0,0.0,0.1,3,1,10,12,83.3,3,12,1,1,1,,,,,,,,,,,,,,,,,,,,,0,60
8,Nathan Aké,6.0,nl NED,LB,28-224,79,0,0,0,0,3,1,0,0,70,1,0,1,0.1,0.1,0.0,2,1,60,64,93.8,16,43,3,0,0,,,,,,,,,,,,,,,,,,,,,0,60
9,Jack Grealish,10.0,eng ENG,LW,28-020,11,0,0,0,0,0,0,0,0,13,0,0,0,0.0,0.0,0.0,1,0,11,11,100.0,1,13,2,0,0,,,,,,,,,,,,,,,,,,,,,0,60
10,Rúben Dias,3.0,pt POR,CB,26-139,90,0,0,0,0,3,1,0,0,133,1,2,2,0.2,0.2,0.0,2,0,110,121,90.9,17,98,6,0,0,,,,,,,,,,,,,,,,,,,,,0,60
11,Manuel Akanji,25.0,ch SUI,CB,28-073,90,0,0,0,0,3,1,0,0,112,4,0,1,0.1,0.1,0.0,3,0,92,101,91.1,5,70,2,1,1,,,,,,,,,,,,,,,,,,,,,0,60
12,Kyle Walker,2.0,eng ENG,"RB,CB",33-125,90,0,0,0,0,1,1,1,0,74,0,1,1,0.0,0.0,0.0,3,0,58,68,85.3,9,50,2,0,0,,,,,,,,,,,,,,,,,,,,,0,60
13,Ederson,31.0,br BRA,GK,30-044,90,0,0,0,0,0,0,0,0,18,0,0,0,0.0,0.0,0.0,0,0,17,18,94.4,0,10,0,0,0,1.0,2.0,0.0,-100.0,0.8,0.0,1.0,0.0,15.0,2.0,6.7,21.3,3.0,0.0,22.3,5.0,0.0,0.0,0.0,9.0,0,60
0,Dominic Solanke,9.0,eng ENG,FW,26-016,90,0,0,0,0,2,0,0,0,35,1,0,1,0.2,0.2,0.1,3,0,13,16,81.3,2,18,2,6,1,,,,,,,,,,,,,,,,,,,,,1,61
1,Justin Kluivert,19.0,nl NED,LW,24-148,58,0,0,0,0,0,0,0,0,11,0,0,0,0.0,0.0,0.0,1,0,5,7,71.4,1,9,0,3,1,,,,,,,,,,,,,,,,,,,,,1,61
2,Dango Ouattara,11.0,bf BFA,RW,21-231,32,0,0,0,0,1,0,0,0,22,2,0,0,0.1,0.1,0.0,1,0,12,19,63.2,1,15,1,1,1,,,,,,,,,,,,,,,,,,,,,1,61
3,Marcus Tavernier,16.0,eng ENG,RW,24-192,58,0,0,0,0,1,0,0,0,26,0,0,1,0.0,0.0,0.1,2,0,9,18,50.0,1,13,4,4,2,,,,,,,,,,,,,,,,,,,,,1,61
4,Luis Sinisterra,17.0,co COL,LW,24-105,32,0,0,0,0,0,0,0,0,22,3,1,1,0.0,0.0,0.1,1,0,13,16,81.3,1,16,0,2,1,,,,,,,,,,,,,,,,,,,,,1,61
5,Philip Billing,29.0,dk DEN,"AM,DM",27-111,74,0,0,0,0,2,0,0,0,36,2,2,1,0.2,0.2,0.0,1,0,17,23,73.9,1,25,2,0,0,,,,,,,,,,,,,,,,,,,,,1,61
6,Joe Rothwell,8.0,eng ENG,DM,28-262,16,0,0,0,0,0,0,0,0,9,0,0,0,0.0,0.0,0.0,0,0,9,9,100.0,1,6,0,0,0,,,,,,,,,,,,,,,,,,,,,1,61
7,Lewis Cook,4.0,eng ENG,DM,26-239,90,0,0,0,0,0,0,0,0,58,0,4,0,0.0,0.0,0.0,0,0,46,52,88.5,6,35,1,4,1,,,,,,,,,,,,,,,,,,,,,1,61
8,Ryan Christie,10.0,sct SCO,"DM,AM",28-220,82,0,0,0,0,1,1,0,0,41,2,1,2,0.1,0.1,0.1,3,0,22,33,66.7,2,26,2,4,2,,,,,,,,,,,,,,,,,,,,,1,61
9,Adam Smith,15.0,eng ENG,LB,32-154,8,0,0,0,0,0,0,0,0,12,0,0,0,0.0,0.0,0.0,0,0,9,11,81.8,2,6,0,1,0,,,,,,,,,,,,,,,,,,,,,1,61
10,Milos Kerkez,3.0,hu HUN,LB,19-327,82,0,0,0,0,1,0,0,0,45,2,0,1,0.1,0.1,0.0,0,0,28,37,75.7,1,24,1,2,1,,,,,,,,,,,,,,,,,,,,,1,61
11,Antoine Semenyo,24.0,gh GHA,AM,23-266,8,0,0,0,0,0,0,0,0,7,0,0,0,0.0,0.0,0.0,0,0,5,5,100.0,1,6,0,2,1,,,,,,,,,,,,,,,,,,,,,1,61
12,Marcos Senesi,25.0,ar ARG,CB,26-143,90,0,0,0,0,0,0,0,0,75,1,0,3,0.0,0.0,0.0,1,0,52,67,77.6,4,57,3,4,2,,,,,,,,,,,,,,,,,,,,,1,61
13,Illia Zabarnyi,27.0,ua UKR,CB,21-029,90,0,0,0,0,0,0,0,0,51,2,0,2,0.0,0.0,0.0,1,0,39,42,92.9,4,39,2,1,1,,,,,,,,,,,,,,,,,,,,,1,61
14,Max Aarons,37.0,eng ENG,RB,23-269,90,0,0,0,0,0,0,0,0,48,1,0,0,0.0,0.0,0.1,1,0,37,44,84.1,1,33,4,1,0,,,,,,,,,,,,,,,,,,,,,1,61
15,Neto,1.0,br BRA,GK,34-073,90,0,0,0,0,0,0,0,0,35,0,1,1,0.0,0.0,0.0,0,0,20,27,74.1,0,22,0,0,0,8.0,4.0,4.0,75.0,4.7,2.0,8.0,25.0,23.0,3.0,30.4,33.3,4.0,25.0,31.5,4.0,1.0,25.0,1.0,12.0,1,61
0,Eddie Nketiah,14.0,eng ENG,FW,24-123,68,0,0,0,0,2,0,0,0,27,0,1,0,0.1,0.1,0.0,3,1,16,16,100.0,3,21,5,6,4,,,,,,,,,,,,,,,,,,,,,0,61
1,Reiss Nelson,24.0,eng ENG,LW,23-294,22,0,0,0,0,0,0,0,0,7,1,0,0,0.0,0.0,0.4,1,0,5,5,100.0,0,4,0,0,0,,,,,,,,,,,,,,,,,,,,,0,61
2,Gabriel Jesus,9.0,br BRA,"LW,FW",26-180,90,0,0,0,0,2,0,0,0,54,1,1,0,0.1,0.1,0.2,5,1,33,42,78.6,5,44,2,4,3,,,,,,,,,,,,,,,,,,,,,0,61
3,Bukayo Saka,7.0,eng ENG,RW,22-025,75,1,0,0,0,3,2,0,0,42,2,0,2,1.0,1.0,0.0,3,1,25,32,78.1,1,30,2,1,1,,,,,,,,,,,,,,,,,,,,,0,61
4,Fabio Vieira,21.0,pt POR,RW,23-123,15,0,0,0,0,0,0,0,0,15,1,1,0,0.0,0.0,0.1,2,1,10,12,83.3,2,9,1,1,0,,,,,,,,,,,,,,,,,,,,,0,61
5,Kai Havertz,29.0,de GER,LM,24-111,80,1,0,1,1,1,0,1,0,36,4,0,2,0.8,0.1,0.0,1,0,19,24,79.2,3,21,2,0,0,,,,,,,,,,,,,,,,,,,,,0,61
6,Emile Smith Rowe,10.0,eng ENG,LM,23-064,10,0,0,0,0,2,2,0,0,7,0,0,1,0.5,0.5,0.0,0,0,4,4,100.0,0,5,0,0,0,,,,,,,,,,,,,,,,,,,,,0,61
7,Declan Rice,41.0,eng ENG,CM,24-259,80,0,0,0,0,0,0,0,0,73,4,1,4,0.0,0.0,0.1,1,0,58,61,95.1,3,42,2,0,0,,,,,,,,,,,,,,,,,,,,,0,61
8,Jorginho,20.0,it ITA,CM,31-284,10,0,0,0,0,0,0,0,0,16,1,0,0,0.0,0.0,0.0,0,0,15,15,100.0,1,13,0,0,0,,,,,,,,,,,,,,,,,,,,,0,61
9,Martin Ødegaard,8.0,no NOR,RM,24-287,90,1,1,1,1,0,0,0,0,67,2,0,1,0.8,0.0,0.2,6,2,49,56,87.5,4,43,2,2,1,,,,,,,,,,,,,,,,,,,,,0,61
10,Oleksandr Zinchenko,35.0,ua UKR,LB,26-289,68,0,0,0,0,2,1,0,0,78,4,2,2,0.1,0.1,0.1,5,1,60,66,90.9,5,50,3,2,1,,,,,,,,,,,,,,,,,,,,,0,61
11,Takehiro Tomiyasu,18.0,jp JPN,LB,24-329,22,0,0,0,0,0,0,0,0,11,0,0,0,0.0,0.0,0.0,0,0,7,9,77.8,0,8,0,0,0,,,,,,,,,,,,,,,,,,,,,0,61
12,Gabriel Dos Santos,6.0,br BRA,CB,25-285,90,0,0,0,0,0,0,0,0,74,3,0,2,0.0,0.0,0.0,0,0,60,65,92.3,0,47,0,0,0,,,,,,,,,,,,,,,,,,,,,0,61
13,William Saliba,2.0,fr FRA,CB,22-190,90,0,0,0,0,0,0,0,0,51,1,1,0,0.0,0.0,0.0,1,0,45,47,95.7,1,36,0,0,0,,,,,,,,,,,,,,,,,,,,,0,61
14,Ben White,4.0,eng ENG,RB,25-357,90,1,0,0,0,1,1,0,0,73,4,2,3,0.1,0.1,0.0,0,0,41,55,74.5,3,34,1,1,0,,,,,,,,,,,,,,,,,,,,,0,61
15,David Raya,22.0,es ESP,GK,28-015,90,0,0,0,0,0,0,0,0,55,0,0,0,0.0,0.0,0.0,0,0,48,55,87.3,0,43,0,0,0,1.0,0.0,1.0,100.0,0.2,5.0,10.0,50.0,51.0,3.0,15.7,23.0,4.0,50.0,39.8,12.0,3.0,25.0,1.0,15.3,0,61
0,Dominic Calvert-Lewin,9.0,eng ENG,FW,26-198,90,1,0,0,0,6,2,0,0,40,0,0,1,1.4,1.4,0.0,1,0,12,22,54.5,0,24,2,4,0,,,,,,,,,,,,,,,,,,,,,1,62
1,Abdoulaye Doucouré,16.0,ml MLI,FW,30-272,59,0,0,0,0,1,1,0,0,51,0,0,2,0.4,0.4,0.2,5,1,36,41,87.8,4,27,4,1,1,,,,,,,,,,,,,,,,,,,,,1,62
2,Beto,14.0,gw GNB,FW,25-242,31,0,0,0,0,4,0,0,0,14,0,0,0,0.4,0.4,0.0,0,0,3,4,75.0,1,8,0,1,1,,,,,,,,,,,,,,,,,,,,,1,62
3,Dwight McNeil,7.0,eng ENG,LM,23-312,83,0,0,0,0,3,0,0,0,69,2,0,5,0.1,0.1,0.7,7,0,36,51,70.6,4,40,3,5,2,,,,,,,,,,,,,,,,,,,,,1,62
4,Arnaut Danjuma,10.0,nl NED,LM,26-242,7,0,0,0,0,0,0,0,0,9,0,0,1,0.0,0.0,0.0,0,0,3,6,50.0,0,7,0,0,0,,,,,,,,,,,,,,,,,,,,,1,62
5,Idrissa Gana Gueye,27.0,sn SEN,CM,34-004,45,0,0,0,0,1,0,0,0,50,2,0,0,0.1,0.1,0.0,0,0,36,43,83.7,1,35,0,1,1,,,,,,,,,,,,,,,,,,,,,1,62
6,Jack Harrison,11.0,eng ENG,RM,26-314,45,0,0,0,0,0,0,0,0,24,2,1,1,0.0,0.0,0.2,2,0,10,16,62.5,1,14,4,1,0,,,,,,,,,,,,,,,,,,,,,1,62
7,Amadou Onana,8.0,be BEL,CM,22-045,90,0,0,0,0,3,1,0,0,104,3,1,1,0.5,0.5,0.0,6,0,71,86,82.6,8,49,2,7,2,,,,,,,,,,,,,,,,,,,,,1,62
8,James Garner,37.0,eng ENG,"CM,RM",22-201,90,0,0,0,0,4,0,0,0,57,0,0,2,0.7,0.7,0.6,6,0,33,47,70.2,6,37,0,2,0,,,,,,,,,,,,,,,,,,,,,1,62
9,Vitaliy Mykolenko,19.0,ua UKR,LB,24-124,90,0,0,0,0,0,0,0,0,114,8,0,4,0.0,0.0,0.3,6,0,75,98,76.5,3,48,0,1,1,,,,,,,,,,,,,,,,,,,,,1,62
10,Jarrad Branthwaite,32.0,eng ENG,CB,21-095,90,0,0,0,0,0,0,0,0,65,4,2,0,0.0,0.0,0.0,1,0,46,55,83.6,4,29,0,0,0,,,,,,,,,,,,,,,,,,,,,1,62
11,James Tarkowski,6.0,eng ENG,CB,30-315,90,0,0,0,0,0,0,0,0,78,1,0,2,0.0,0.0,0.1,2,0,56,68,82.4,9,34,0,1,1,,,,,,,,,,,,,,,,,,,,,1,62
12,Ashley Young,18.0,eng ENG,RB,38-083,77,0,0,0,0,1,0,0,0,59,1,1,2,0.0,0.0,0.0,4,0,42,51,82.4,6,28,3,2,0,,,,,,,,,,,,,,,,,,,,,1,62
13,Nathan Patterson,2.0,sct SCO,RB,21-349,13,0,0,0,0,0,0,0,0,19,0,0,1,0.0,0.0,0.0,2,0,12,14,85.7,2,8,1,2,1,,,,,,,,,,,,,,,,,,,,,1,62
14,Jordan Pickford,1.0,eng ENG,GK,29-207,90,0,0,0,0,0,0,0,0,48,0,0,0,0.0,0.0,0.0,0,0,31,47,66.0,0,30,0,0,0,2.0,2.0,0.0,0.0,1.4,3.0,18.0,16.7,39.0,2.0,28.2,33.8,8.0,87.5,59.6,10.0,1.0,10.0,2.0,21.7,1,62
0,Carlton Morris,9.0,eng ENG,FW,27-288,77,1,0,0,0,3,1,0,0,31,0,0,0,0.3,0.3,0.0,4,2,10,17,58.8,2,10,0,3,0,,,,,,,,,,,,,,,,,,,,,0,62
1,Elijah Adebayo,11.0,eng ENG,FW,25-266,13,0,0,0,0,0,0,0,0,7,0,0,0,0.0,0.0,0.0,0,0,1,1,100.0,0,3,0,1,0,,,,,,,,,,,,,,,,,,,,,0,62
2,Chiedozie Ogbene,7.0,ie IRL,AM,26-152,90,0,0,0,0,1,0,0,0,32,2,0,0,0.0,0.0,0.0,2,0,11,19,57.9,0,13,5,6,2,,,,,,,,,,,,,,,,,,,,,0,62
3,Jacob Brown,19.0,sct SCO,AM,25-173,90,0,0,0,0,1,0,0,0,51,0,1,2,0.0,0.0,0.0,0,0,13,34,38.2,2,22,1,2,0,,,,,,,,,,,,,,,,,,,,,0,62
4,Marvelous Nakamba,13.0,zw ZIM,CM,29-254,90,0,0,0,0,1,0,0,0,45,6,2,2,0.0,0.0,0.0,2,0,23,31,74.2,5,15,0,3,1,,,,,,,,,,,,,,,,,,,,,0,62
5,Pelly Ruddock Mpanzu,17.0,cd COD,CM,30-075,90,0,0,0,0,0,0,0,0,29,2,1,0,0.0,0.0,0.0,1,0,9,22,40.9,3,12,1,1,1,,,,,,,,,,,,,,,,,,,,,0,62
6,Alfie Doughty,45.0,eng ENG,WB,23-283,82,0,1,0,0,0,0,0,0,50,1,1,1,0.0,0.0,0.5,6,1,23,40,57.5,3,16,0,0,0,,,,,,,,,,,,,,,,,,,,,0,62
7,Cauley Woodrow,10.0,eng ENG,WB,28-302,8,0,0,0,0,0,0,0,0,8,2,0,0,0.0,0.0,0.0,0,0,0,5,0.0,0,2,0,1,1,,,,,,,,,,,,,,,,,,,,,0,62
8,Issa Kaboré,12.0,bf BFA,WB,22-141,90,0,0,0,0,0,0,1,0,66,5,2,3,0.0,0.0,0.0,0,0,24,44,54.5,3,17,1,1,0,,,,,,,,,,,,,,,,,,,,,0,62
9,Amari'i Bell,29.0,jm JAM,CB,29-148,90,0,0,0,0,0,0,0,0,24,3,0,2,0.0,0.0,0.0,1,0,8,17,47.1,1,10,0,1,0,,,,,,,,,,,,,,,,,,,,,0,62
10,Tom Lockyer,4.0,wls WAL,CB,28-301,55,1,0,0,0,2,1,0,0,22,0,0,3,0.5,0.5,0.0,0,0,9,14,64.3,0,9,0,0,0,,,,,,,,,,,,,,,,,,,,,0,62
11,Teden Mengi,15.0,eng ENG,CB,21-153,35,0,0,0,0,0,0,0,0,12,2,1,0,0.0,0.0,0.0,0,0,3,4,75.0,0,1,0,0,0,,,,,,,,,,,,,,,,,,,,,0,62
12,Reece Burke,16.0,eng ENG,CB,27-028,45,0,0,0,0,0,0,0,0,22,1,2,2,0.0,0.0,0.0,0,0,5,15,33.3,1,4,0,0,0,,,,,,,,,,,,,,,,,,,,,0,62
13,Mads Juel Andersen,5.0,dk DEN,CB,25-277,45,0,0,0,0,1,0,0,0,31,0,0,2,0.1,0.1,0.0,0,0,12,17,70.6,0,7,0,1,0,,,,,,,,,,,,,,,,,,,,,0,62
14,Thomas Kaminski,24.0,be BEL,GK,30-342,90,0,0,0,0,0,0,0,0,44,0,0,0,0.0,0.0,0.0,0,0,21,41,51.2,0,17,0,0,0,4.0,1.0,3.0,75.0,1.3,13.0,33.0,39.4,23.0,5.0,73.9,50.2,18.0,88.9,59.2,28.0,2.0,7.1,1.0,13.7,0,62
0,Alexander Isak,14.0,se SWE,FW,24-009,89,1,0,1,1,5,3,0,0,22,0,0,1,1.8,1.0,0.1,4,0,9,10,90.0,2,10,2,2,0,,,,,,,,,,,,,,,,,,,,,1,63
1,Valentino Livramento,21.0,eng ENG,FW,20-322,1,0,0,0,0,0,0,0,0,0,0,0,0,0.0,0.0,0.0,0,0,0,0,,0,0,0,0,0,,,,,,,,,,,,,,,,,,,,,1,63
2,Anthony Gordon,10.0,eng ENG,LW,22-218,90,0,0,0,0,3,1,1,0,41,4,0,2,0.1,0.1,0.0,3,1,16,24,66.7,0,24,4,2,2,,,,,,,,,,,,,,,,,,,,,1,63
3,Miguel Almirón,24.0,py PAR,RW,29-232,89,1,0,0,0,1,1,0,0,53,2,1,0,0.1,0.1,0.0,4,0,28,42,66.7,7,22,5,4,2,,,,,,,,,,,,,,,,,,,,,1,63
4,Jacob Murphy,23.0,eng ENG,RW,28-218,1,0,0,0,0,0,0,0,0,0,0,0,0,0.0,0.0,0.0,0,0,0,0,,0,0,0,0,0,,,,,,,,,,,,,,,,,,,,,1,63
5,Elliot Anderson,32.0,sct SCO,LM,20-328,63,0,0,0,0,3,1,0,0,36,1,0,0,0.5,0.5,0.0,4,0,18,21,85.7,3,21,0,4,2,,,,,,,,,,,,,,,,,,,,,1,63
6,Joelinton,7.0,br BRA,LM,27-047,4,0,0,0,0,0,0,0,0,1,0,0,0,0.0,0.0,0.0,0,0,1,1,100.0,0,0,0,0,0,,,,,,,,,,,,,,,,,,,,,1,63
7,Sandro Tonali,8.0,it ITA,LM,23-145,23,0,0,0,0,0,0,0,0,14,1,0,0,0.0,0.0,0.1,2,0,12,12,100.0,1,5,0,1,0,,,,,,,,,,,,,,,,,,,,,1,63
8,Bruno Guimarães,39.0,br BRA,CM,25-318,90,0,0,0,0,0,0,0,0,66,5,2,5,0.0,0.0,0.5,10,0,35,47,74.5,7,37,0,4,2,,,,,,,,,,,,,,,,,,,,,1,63
9,Sean Longstaff,36.0,eng ENG,RM,25-335,90,0,0,0,0,2,0,0,0,53,3,1,4,0.1,0.1,0.3,2,0,31,39,79.5,6,17,1,1,0,,,,,,,,,,,,,,,,,,,,,1,63
10,Dan Burn,33.0,eng ENG,LB,31-144,90,0,0,0,0,1,0,0,0,67,0,0,4,0.2,0.2,0.0,0,0,45,58,77.6,3,12,0,0,0,,,,,,,,,,,,,,,,,,,,,1,63
11,Fabian Schär,5.0,ch SUI,CB,31-284,90,0,0,0,0,1,0,0,0,93,1,0,0,0.3,0.3,0.0,0,0,71,86,82.6,5,41,0,0,0,,,,,,,,,,,,,,,,,,,,,1,63
12,Jamaal Lascelles,6.0,eng ENG,CB,29-323,90,0,0,0,0,2,0,0,0,80,0,0,0,0.1,0.1,0.0,1,0,68,77,88.3,0,41,0,1,1,,,,,,,,,,,,,,,,,,,,,1,63
13,Kieran Trippier,2.0,eng ENG,RB,33-011,90,0,1,0,0,1,0,0,0,116,4,0,1,0.0,0.0,0.7,6,1,84,110,76.4,6,39,0,0,0,,,,,,,,,,,,,,,,,,,,,1,63
14,Nick Pope,22.0,eng ENG,GK,31-164,90,0,0,0,0,0,0,0,0,28,0,0,0,0.0,0.0,0.0,0,0,23,26,88.5,0,14,0,0,0,2.0,0.0,2.0,100.0,0.4,1.0,3.0,33.3,24.0,5.0,8.3,25.2,2.0,50.0,36.5,5.0,0.0,0.0,0.0,19.0,1,63
0,Zeki Amdouni,25.0,ch SUI,FW,22-300,57,0,0,0,0,2,1,1,0,15,1,0,1,0.3,0.3,0.0,1,0,6,8,75.0,1,10,0,2,2,,,,,,,,,,,,,,,,,,,,,0,63
1,Jay Rodriguez,9.0,eng ENG,FW,34-063,33,0,0,0,0,0,0,0,0,5,1,0,0,0.0,0.0,0.0,0,0,2,3,66.7,0,2,0,1,0,,,,,,,,,,,,,,,,,,,,,0,63
2,Aaron Ramsey,21.0,eng ENG,LW,20-252,66,0,0,0,0,0,0,0,0,27,0,0,3,0.0,0.0,0.0,0,0,14,16,87.5,0,14,1,4,1,,,,,,,,,,,,,,,,,,,,,0,63
3,Wilson Odobert,47.0,fr FRA,LW,18-306,24,0,0,0,0,1,0,0,0,16,0,0,0,0.1,0.1,0.1,2,0,10,13,76.9,0,13,3,2,2,,,,,,,,,,,,,,,,,,,,,0,63
4,Luca Koleosho,30.0,it ITA,RW,19-015,57,0,0,0,0,0,0,0,0,25,0,0,2,0.0,0.0,0.3,1,0,7,15,46.7,0,14,2,6,2,,,,,,,,,,,,,,,,,,,,,0,63
5,Jacob Bruun Larsen,34.0,dk DEN,RW,25-011,33,0,0,0,0,1,0,0,0,13,0,0,0,0.1,0.1,0.0,2,0,6,8,75.0,0,9,2,1,1,,,,,,,,,,,,,,,,,,,,,0,63
6,Josh Brownhill,8.0,eng ENG,AM,27-285,90,0,0,0,0,0,0,0,0,46,2,1,3,0.0,0.0,0.1,2,0,26,36,72.2,4,18,0,1,0,,,,,,,,,,,,,,,,,,,,,0,63
7,Sander Berge,16.0,no NOR,DM,25-228,87,0,0,0,0,1,0,0,0,50,2,1,1,0.1,0.1,0.1,3,0,33,38,86.8,1,27,1,0,0,,,,,,,,,,,,,,,,,,,,,0,63
8,Anass Zaroury,19.0,ma MAR,DM,22-327,3,0,0,0,0,0,0,0,0,8,0,0,0,0.0,0.0,0.0,1,0,3,6,50.0,0,5,0,1,0,,,,,,,,,,,,,,,,,,,,,0,63
9,Josh Cullen,24.0,ie IRL,DM,27-176,90,0,0,0,0,1,0,0,0,75,2,1,0,0.0,0.0,0.0,0,0,56,67,83.6,6,50,0,0,0,,,,,,,,,,,,,,,,,,,,,0,63
10,Charlie Taylor,3.0,eng ENG,LB,30-012,90,0,0,0,0,0,0,1,0,66,1,0,1,0.0,0.0,0.0,0,0,52,58,89.7,1,38,0,1,0,,,,,,,,,,,,,,,,,,,,,0,63
11,Jordan Beyer,5.0,de GER,CB,23-134,90,0,0,0,0,0,0,1,0,70,1,1,3,0.0,0.0,0.0,0,0,55,61,90.2,0,52,1,0,0,,,,,,,,,,,,,,,,,,,,,0,63
12,Ameen Al-Dakhil,28.0,be BEL,CB,21-208,90,0,0,0,0,1,1,0,0,59,1,0,0,0.1,0.1,0.0,0,0,38,50,76.0,0,43,0,0,0,,,,,,,,,,,,,,,,,,,,,0,63
13,Connor Roberts,14.0,wls WAL,RB,28-007,87,0,0,0,0,0,0,0,0,56,2,0,1,0.0,0.0,0.0,0,0,34,45,75.6,0,25,2,1,0,,,,,,,,,,,,,,,,,,,,,0,63
14,Vitinho,22.0,br BRA,RB,24-069,3,0,0,0,0,1,0,0,0,10,0,0,0,0.0,0.0,0.0,1,0,7,9,77.8,1,8,2,1,1,,,,,,,,,,,,,,,,,,,,,0,63
15,James Trafford,1.0,eng ENG,GK,20-355,90,0,0,0,0,0,0,0,0,70,0,0,0,0.0,0.0,0.0,0,0,42,67,62.7,0,52,0,0,0,7.0,2.0,5.0,85.7,2.1,5.0,27.0,18.5,57.0,9.0,36.8,30.1,9.0,66.7,44.3,17.0,1.0,5.9,0.0,7.0,0,63
0,Michail Antonio,9.0,jm JAM,FW,33-186,71,0,1,0,0,1,0,0,0,20,0,0,1,0.1,0.1,0.2,2,1,9,11,81.8,3,17,2,0,0,,,,,,,,,,,,,,,,,,,,,1,64
1,Kudus Mohammed,14.0,gh GHA,"RW,FW",23-059,19,0,0,0,0,0,0,0,0,13,1,0,1,0.0,0.0,0.0,2,0,8,9,88.9,2,9,2,4,4,,,,,,,,,,,,,,,,,,,,,1,64
2,Lucas Paquetá,10.0,br BRA,"LW,AM",26-034,89,0,0,0,0,1,0,0,0,65,0,0,0,0.1,0.1,0.1,2,0,43,57,75.4,5,56,3,2,1,,,,,,,,,,,,,,,,,,,,,1,64
3,Konstantinos Mavropanos,15.0,gr GRE,"CB,AM",25-293,1,0,0,0,0,0,0,0,0,4,0,0,0,0.0,0.0,0.0,0,0,3,4,75.0,0,3,0,0,0,,,,,,,,,,,,,,,,,,,,,1,64
4,Jarrod Bowen,20.0,eng ENG,"RW,FW",26-284,89,1,0,0,0,6,2,0,0,39,2,0,3,0.7,0.7,0.4,4,0,21,25,84.0,0,28,2,1,1,,,,,,,,,,,,,,,,,,,,,1,64
5,Pablo Fornals,8.0,es ESP,"RM,FW",27-220,1,0,0,0,0,0,0,0,0,2,0,0,0,0.0,0.0,0.0,0,0,1,2,50.0,0,2,0,0,0,,,,,,,,,,,,,,,,,,,,,1,64
6,James Ward-Prowse,7.0,eng ENG,"AM,DM,CM",28-333,90,0,0,0,0,2,2,0,0,79,2,1,3,0.1,0.1,0.6,8,0,62,68,91.2,1,40,2,0,0,,,,,,,,,,,,,,,,,,,,,1,64
7,Edson Álvarez,19.0,mx MEX,DM,25-341,71,0,0,0,0,1,1,1,0,54,2,0,3,0.0,0.0,0.0,2,0,43,46,93.5,3,40,0,1,1,,,,,,,,,,,,,,,,,,,,,1,64
8,Saïd Benrahma,22.0,dz ALG,"LW,LM",28-051,19,0,0,0,0,1,1,0,0,15,0,0,1,0.1,0.1,0.1,3,0,10,12,83.3,3,14,2,0,0,,,,,,,,,,,,,,,,,,,,,1,64
9,Tomáš Souček,28.0,cz CZE,"DM,CM",28-215,90,1,0,0,0,6,2,0,0,41,1,0,0,0.8,0.8,0.0,1,1,21,30,70.0,2,27,1,0,0,,,,,,,,,,,,,,,,,,,,,1,64
10,Emerson Palmieri,33.0,it ITA,LB,29-058,90,0,0,0,0,0,0,0,0,75,3,2,2,0.0,0.0,0.0,5,1,57,62,91.9,5,52,4,1,1,,,,,,,,,,,,,,,,,,,,,1,64
11,Nayef Aguerd,27.0,ma MAR,CB,27-184,90,0,0,0,0,2,0,0,0,75,1,2,6,0.3,0.3,0.0,0,0,55,61,90.2,2,51,0,0,0,,,,,,,,,,,,,,,,,,,,,1,64
12,Kurt Zouma,4.0,fr FRA,CB,28-338,90,0,0,0,0,0,0,0,0,55,0,1,2,0.0,0.0,0.0,1,0,40,43,93.0,2,35,0,0,0,,,,,,,,,,,,,,,,,,,,,1,64
13,Vladimír Coufal,5.0,cz CZE,RB,31-039,90,0,1,0,0,0,0,0,0,72,4,1,2,0.0,0.0,0.3,7,1,49,63,77.8,6,49,7,2,1,,,,,,,,,,,,,,,,,,,,,1,64
14,Alphonse Areola,23.0,fr FRA,GK,30-215,90,0,0,0,0,0,0,0,0,38,0,0,0,0.0,0.0,0.0,0,0,24,37,64.9,0,18,0,0,0,2.0,0.0,2.0,100.0,0.8,6.0,17.0,35.3,26.0,1.0,46.2,38.8,11.0,45.5,42.9,12.0,0.0,0.0,0.0,15.0,1,64
0,Oliver McBurnie,9.0,sct SCO,FW,27-118,90,0,0,0,0,2,0,0,0,38,0,0,0,0.1,0.1,0.1,3,0,27,34,79.4,2,19,2,0,0,,,,,,,,,,,,,,,,,,,,,0,64
1,Cameron Archer,10.0,eng ENG,FW,22-071,78,0,0,0,0,2,0,0,0,24,1,0,0,0.2,0.2,0.2,4,0,16,17,94.1,1,15,0,1,0,,,,,,,,,,,,,,,,,,,,,0,64
2,Rhian Brewster,7.0,eng ENG,FW,23-182,12,0,0,0,0,0,0,0,0,9,1,0,1,0.0,0.0,0.1,1,0,5,5,100.0,0,3,0,1,0,,,,,,,,,,,,,,,,,,,,,0,64
3,James Mcatee,28.0,eng ENG,CM,20-347,69,0,0,0,0,1,0,1,0,35,1,0,2,0.0,0.0,0.0,1,0,18,27,66.7,4,21,4,1,1,,,,,,,,,,,,,,,,,,,,,0,64
4,Tom Davies,22.0,eng ENG,CM,25-092,21,0,0,0,0,0,0,0,0,18,0,0,0,0.0,0.0,0.1,1,0,13,16,81.3,2,14,1,1,1,,,,,,,,,,,,,,,,,,,,,0,64
5,Vinicius Souza,21.0,br BRA,CM,24-105,90,0,0,0,0,1,0,0,0,79,4,1,0,0.1,0.1,0.0,2,0,57,67,85.1,10,41,2,0,0,,,,,,,,,,,,,,,,,,,,,0,64
6,Gustavo Hamer,8.0,nl NED,CM,26-098,78,0,0,0,0,2,0,0,0,50,1,0,1,0.1,0.1,0.1,5,0,31,45,68.9,6,21,1,1,1,,,,,,,,,,,,,,,,,,,,,0,64
7,Anis Ben Slimane,25.0,tn TUN,CM,22-198,12,0,0,0,0,2,1,0,0,17,0,0,0,0.1,0.1,0.0,2,0,9,12,75.0,3,9,0,1,0,,,,,,,,,,,,,,,,,,,,,0,64
8,Luke Thomas,14.0,eng ENG,WB,22-112,90,0,0,0,0,1,0,0,0,62,0,0,5,0.1,0.1,0.0,2,0,43,52,82.7,6,34,1,2,2,,,,,,,,,,,,,,,,,,,,,0,64
9,Jayden Bogle,20.0,eng ENG,WB,23-065,78,0,0,0,0,1,0,0,0,41,1,0,2,0.1,0.1,0.0,1,0,24,32,75.0,2,22,1,2,0,,,,,,,,,,,,,,,,,,,,,0,64
10,Auston Trusty,5.0,us USA,CB,25-049,12,0,0,0,0,0,0,0,0,9,0,0,0,0.0,0.0,0.0,0,0,6,8,75.0,0,5,0,0,0,,,,,,,,,,,,,,,,,,,,,0,64
11,Jack Robinson,19.0,eng ENG,CB,30-029,90,0,0,0,0,0,0,0,0,65,3,0,2,0.0,0.0,0.1,3,0,41,51,80.4,2,21,0,0,0,,,,,,,,,,,,,,,,,,,,,0,64
12,John Egan,12.0,ie IRL,CB,30-345,55,0,0,0,0,1,0,0,0,22,0,0,1,0.1,0.1,0.0,1,0,14,17,82.4,2,10,0,0,0,,,,,,,,,,,,,,,,,,,,,0,64
13,Chris Basham,6.0,eng ENG,"CB,WB",35-072,35,0,0,0,0,1,0,0,0,29,1,0,1,0.0,0.0,0.2,1,0,24,24,100.0,1,16,0,0,0,,,,,,,,,,,,,,,,,,,,,0,64
14,Anel Ahmedhodžić,15.0,ba BIH,CB,24-188,90,0,0,0,0,2,1,0,0,58,1,0,1,0.3,0.3,0.0,0,0,46,52,88.5,4,28,0,0,0,,,,,,,,,,,,,,,,,,,,,0,64
15,Wes Foderingham,18.0,eng ENG,GK,32-259,90,0,0,0,0,0,0,0,0,35,0,0,0,0.0,0.0,0.0,0,0,26,34,76.5,0,23,0,0,0,8.0,2.0,6.0,75.0,2.4,7.0,14.0,50.0,26.0,9.0,42.3,31.4,8.0,37.5,32.6,15.0,0.0,0.0,0.0,6.0,0,64
0,Rasmus Højlund,11.0,dk DEN,FW,20-238,90,0,0,0,0,3,1,0,0,19,0,0,0,0.3,0.3,0.0,3,0,13,15,86.7,3,15,3,3,3,,,,,,,,,,,,,,,,,,,,,1,65
1,Marcus Rashford,10.0,eng ENG,"LW,RW",25-334,76,0,0,0,0,2,0,0,0,57,1,0,1,0.2,0.2,0.1,6,0,34,47,72.3,5,39,7,4,2,,,,,,,,,,,,,,,,,,,,,1,65
2,Christian Eriksen,14.0,dk DEN,DM,31-228,14,0,0,0,0,0,0,0,0,18,2,0,0,0.0,0.0,0.0,1,0,13,16,81.3,2,9,0,0,0,,,,,,,,,,,,,,,,,,,,,1,65
3,Facundo Pellistri,28.0,uy URU,RW,21-284,60,0,0,0,0,0,0,0,0,35,1,1,1,0.0,0.0,0.0,0,0,20,28,71.4,1,27,1,2,1,,,,,,,,,,,,,,,,,,,,,1,65
4,Alejandro Garnacho,17.0,ar ARG,LW,19-091,30,0,0,0,0,3,1,0,0,28,1,0,0,0.2,0.2,0.0,0,0,14,19,73.7,1,20,6,1,0,,,,,,,,,,,,,,,,,,,,,1,65
5,Bruno Fernandes,8.0,pt POR,"AM,RW",29-022,90,0,0,0,0,2,1,0,0,94,3,0,0,0.1,0.1,0.4,6,0,63,86,73.3,15,44,2,1,0,,,,,,,,,,,,,,,,,,,,,1,65
6,Mason Mount,7.0,eng ENG,DM,24-263,76,0,0,0,0,2,0,1,0,64,7,1,0,0.1,0.1,0.1,7,0,41,46,89.1,5,28,3,4,3,,,,,,,,,,,,,,,,,,,,,1,65
7,Anthony Martial,9.0,fr FRA,"RW,AM",27-299,14,0,0,0,0,0,0,0,0,14,0,0,0,0.0,0.0,0.1,2,0,12,13,92.3,2,9,1,0,0,,,,,,,,,,,,,,,,,,,,,1,65
8,Casemiro,18.0,br BRA,DM,31-219,90,0,0,0,0,4,0,1,0,89,4,0,2,0.2,0.2,0.0,2,0,59,74,79.7,9,54,1,2,2,,,,,,,,,,,,,,,,,,,,,1,65
9,Sofyan Amrabat,4.0,ma MAR,LB,27-040,90,0,0,0,0,0,0,1,0,133,6,2,2,0.0,0.0,0.0,0,0,102,118,86.4,15,90,1,0,0,,,,,,,,,,,,,,,,,,,,,1,65
10,Victor Lindelöf,2.0,se SWE,CB,29-075,87,0,0,0,0,0,0,0,0,103,2,0,0,0.0,0.0,0.0,0,0,91,96,94.8,6,80,3,0,0,,,,,,,,,,,,,,,,,,,,,1,65
11,Donny van de Beek,34.0,nl NED,CB,26-165,3,0,0,0,0,1,0,0,0,4,0,0,1,0.0,0.0,0.1,1,0,1,1,100.0,0,1,0,0,0,,,,,,,,,,,,,,,,,,,,,1,65
12,Raphaël Varane,19.0,fr FRA,CB,30-158,86,0,0,0,0,1,0,0,0,131,3,0,0,0.1,0.1,0.1,2,0,113,121,93.4,14,103,1,0,0,,,,,,,,,,,,,,,,,,,,,1,65
13,Harry Maguire,5.0,eng ENG,CB,30-209,4,0,0,0,0,0,0,0,0,6,1,0,0,0.0,0.0,0.0,0,0,3,5,60.0,0,3,0,0,0,,,,,,,,,,,,,,,,,,,,,1,65
14,Diogo Dalot,20.0,pt POR,RB,24-196,90,0,0,0,0,1,0,0,0,93,1,0,1,0.0,0.0,0.1,3,0,74,89,83.1,8,61,6,4,2,,,,,,,,,,,,,,,,,,,,,1,65
15,André Onana,24.0,cm CMR,GK,27-181,90,0,0,0,0,0,0,0,0,37,0,0,0,0.0,0.0,0.0,0,0,35,36,97.2,0,27,1,0,0,2.0,1.0,1.0,50.0,0.4,2.0,3.0,66.7,30.0,3.0,10.0,20.6,6.0,0.0,17.7,9.0,0.0,0.0,3.0,33.3,1,65
0,Jean-Philippe Mateta,14.0,fr FRA,FW,26-094,90,0,0,0,0,0,0,0,0,20,2,0,1,0.0,0.0,0.2,2,0,7,10,70.0,1,18,1,1,0,,,,,,,,,,,,,,,,,,,,,0,65
1,Jeffrey Schlupp,15.0,gh GHA,LW,30-281,77,0,0,0,0,2,0,0,0,25,2,0,1,0.1,0.1,0.0,0,0,7,10,70.0,0,15,3,2,0,,,,,,,,,,,,,,,,,,,,,0,65
2,Jaïro Riedewald,44.0,nl NED,LW,27-021,13,0,0,0,0,0,0,0,0,6,0,1,0,0.0,0.0,0.0,0,0,2,4,50.0,1,2,0,1,0,,,,,,,,,,,,,,,,,,,,,0,65
3,Jordan Ayew,9.0,gh GHA,RW,32-019,90,0,0,0,0,0,0,0,0,46,4,2,3,0.0,0.0,0.1,3,1,13,26,50.0,4,30,3,10,6,,,,,,,,,,,,,,,,,,,,,0,65
4,Will Hughes,19.0,eng ENG,LM,28-166,90,0,0,0,0,1,1,1,0,37,1,1,2,0.1,0.1,0.0,2,0,25,27,92.6,2,11,0,0,0,,,,,,,,,,,,,,,,,,,,,0,65
5,Cheick Doucouré,28.0,ml MLI,CM,23-265,90,0,0,0,0,0,0,0,0,48,5,5,0,0.0,0.0,0.0,2,1,21,27,77.8,3,13,0,2,1,,,,,,,,,,,,,,,,,,,,,0,65
6,Eberechi Eze,10.0,eng ENG,RM,25-093,87,0,0,0,0,1,0,0,0,37,1,0,1,0.1,0.1,0.4,3,0,15,24,62.5,3,18,2,5,2,,,,,,,,,,,,,,,,,,,,,0,65
7,Chris Richards,26.0,us USA,RW,23-186,3,0,0,0,0,0,0,0,0,2,0,0,0,0.0,0.0,0.0,0,0,0,0,,0,0,0,0,0,,,,,,,,,,,,,,,,,,,,,0,65
8,Tyrick Mitchell,3.0,eng ENG,LB,24-029,90,0,0,0,0,0,0,0,0,43,3,3,4,0.0,0.0,0.0,0,0,15,24,62.5,0,12,2,1,0,,,,,,,,,,,,,,,,,,,,,0,65
9,Marc Guéhi,6.0,eng ENG,CB,23-079,90,0,0,0,0,1,0,0,0,35,2,2,2,0.2,0.2,0.0,0,0,16,20,80.0,1,13,0,0,0,,,,,,,,,,,,,,,,,,,,,0,65
10,Joachim Andersen,16.0,dk DEN,CB,27-122,90,1,0,0,0,3,1,0,0,44,2,1,3,0.4,0.4,0.2,2,0,16,24,66.7,2,7,0,1,1,,,,,,,,,,,,,,,,,,,,,0,65
11,Joel Ward,2.0,eng ENG,RB,33-336,90,0,0,0,0,0,0,1,0,43,4,2,1,0.0,0.0,0.0,0,0,19,28,67.9,0,5,0,0,0,,,,,,,,,,,,,,,,,,,,,0,65
12,Sam Johnstone,1.0,eng ENG,GK,30-189,90,0,0,0,0,0,0,0,0,27,0,0,0,0.0,0.0,0.0,0,0,10,24,41.7,0,5,0,0,0,3.0,0.0,3.0,100.0,0.3,6.0,20.0,30.0,13.0,0.0,76.9,49.4,11.0,90.9,60.5,24.0,2.0,8.3,0.0,7.0,0,65
0,Son Heung-min,7.0,kr KOR,FW,31-084,68,1,0,0,0,4,3,0,0,24,0,0,0,0.9,0.9,0.0,3,0,13,16,81.3,1,16,2,1,0,,,,,,,,,,,,,,,,,,,,,1,66
1,Manor Solomon,27.0,il ISR,LW,24-068,22,0,0,0,0,1,0,0,0,28,1,1,2,0.0,0.0,0.1,5,0,22,23,95.7,3,23,6,2,1,,,,,,,,,,,,,,,,,,,,,1,66
2,Richarlison,9.0,br BRA,"LW,FW",26-143,90,0,1,0,0,5,2,0,0,44,2,2,4,0.8,0.8,0.7,3,1,17,24,70.8,6,26,2,2,1,,,,,,,,,,,,,,,,,,,,,1,66
3,Dejan Kulusevski,21.0,se SWE,RW,23-158,90,0,0,0,0,2,0,0,0,62,0,0,0,0.1,0.1,0.3,6,0,40,53,75.5,7,45,13,7,4,,,,,,,,,,,,,,,,,,,,,1,66
4,James Maddison,10.0,eng ENG,AM,26-311,89,0,0,0,0,4,2,0,0,99,0,0,1,0.1,0.1,0.2,14,1,66,88,75.0,15,64,1,4,0,,,,,,,,,,,,,,,,,,,,,1,66
5,Alejo Véliz,36.0,ar ARG,AM,20-011,1,0,0,0,0,0,0,1,0,1,0,0,0,0.0,0.0,0.0,0,0,1,1,100.0,0,0,0,0,0,,,,,,,,,,,,,,,,,,,,,1,66
6,Yves Bissouma,8.0,ml MLI,DM,27-031,89,0,0,0,0,2,0,1,0,133,4,1,0,0.1,0.1,0.0,0,0,114,121,94.2,12,91,1,1,0,,,,,,,,,,,,,,,,,,,,,1,66
7,Pierre Højbjerg,5.0,dk DEN,DM,28-056,1,0,0,0,0,1,0,0,0,14,0,0,0,0.0,0.0,0.0,2,0,13,13,100.0,3,11,0,0,0,,,,,,,,,,,,,,,,,,,,,1,66
8,Pape Matar Sarr,29.0,sn SEN,DM,21-016,82,0,0,0,0,2,1,0,0,80,2,1,1,0.1,0.1,0.0,1,0,65,72,90.3,7,55,0,1,1,,,,,,,,,,,,,,,,,,,,,1,66
9,Oliver Skipp,4.0,eng ENG,DM,23-014,8,0,0,0,0,0,0,0,0,1,0,0,0,0.0,0.0,0.0,0,0,0,1,0.0,0,0,0,0,0,,,,,,,,,,,,,,,,,,,,,1,66
10,Destiny Udogie,38.0,it ITA,LB,20-306,82,0,0,0,0,0,0,1,0,58,2,2,0,0.0,0.0,0.2,3,0,41,46,89.1,12,35,2,4,1,,,,,,,,,,,,,,,,,,,,,1,66
11,Ben Davies,33.0,wls WAL,LB,30-159,8,0,0,0,0,0,0,0,0,12,1,0,0,0.0,0.0,0.0,0,0,11,11,100.0,4,6,0,0,0,,,,,,,,,,,,,,,,,,,,,1,66
12,Micky van de Ven,37.0,nl NED,CB,22-164,90,0,0,0,0,0,0,0,0,59,2,0,1,0.0,0.0,0.0,0,0,53,54,98.1,2,38,1,0,0,,,,,,,,,,,,,,,,,,,,,1,66
13,Cristian Romero,17.0,ar ARG,CB,25-156,90,0,0,0,0,2,0,1,0,109,3,3,2,0.1,0.1,0.0,6,0,95,100,95.0,8,80,1,1,0,,,,,,,,,,,,,,,,,,,,,1,66
14,Pedro Porro,23.0,es ESP,RB,24-017,90,0,0,0,0,1,0,1,0,92,6,1,6,0.0,0.0,0.1,3,0,59,74,79.7,6,38,1,2,1,,,,,,,,,,,,,,,,,,,,,1,66
15,Guglielmo Vicario,13.0,it ITA,GK,26-358,90,0,0,0,0,0,0,0,0,24,0,0,0,0.0,0.0,0.0,0,0,19,22,86.4,0,13,0,0,0,4.0,1.0,3.0,75.0,0.3,1.0,3.0,33.3,18.0,4.0,16.7,22.4,4.0,0.0,15.0,9.0,1.0,11.1,1.0,18.3,1,66
0,Cody Gakpo,18.0,nl NED,"FW,RM",24-146,45,1,0,0,0,3,2,0,0,16,0,1,0,0.4,0.4,0.0,2,0,9,11,81.8,1,15,0,0,0,,,,,,,,,,,,,,,,,,,,,0,66
1,Diogo Jota,20.0,pt POR,RM,26-300,23,0,0,0,0,0,0,2,1,11,1,0,1,0.0,0.0,0.0,0,0,3,4,75.0,0,5,0,2,0,,,,,,,,,,,,,,,,,,,,,0,66
2,Luis Díaz,7.0,co COL,"LM,LW",26-260,72,0,0,0,0,2,0,0,0,32,1,0,1,0.7,0.7,0.0,3,0,16,24,66.7,2,25,2,4,3,,,,,,,,,,,,,,,,,,,,,0,66
3,Wataru Endo,3.0,jp JPN,CM,30-233,18,0,0,0,0,0,0,0,0,9,0,0,0,0.0,0.0,0.0,1,0,4,8,50.0,1,5,0,0,0,,,,,,,,,,,,,,,,,,,,,0,66
4,Mohamed Salah,11.0,eg EGY,"FW,RW,RM",31-107,73,0,0,0,0,1,0,1,0,30,0,0,0,0.0,0.0,0.7,3,0,13,21,61.9,3,22,6,5,1,,,,,,,,,,,,,,,,,,,,,0,66
5,Trent Alexander-Arnold,66.0,eng ENG,WB,24-358,17,0,0,0,0,0,0,0,0,9,1,0,0,0.0,0.0,0.0,1,0,3,6,50.0,0,3,0,2,0,,,,,,,,,,,,,,,,,,,,,0,66
6,Curtis Jones,17.0,eng ENG,LM,22-243,25,0,0,0,0,1,0,0,1,15,1,0,3,0.1,0.1,0.0,1,0,9,9,100.0,1,7,0,0,0,,,,,,,,,,,,,,,,,,,,,0,66
7,Alexis Mac Allister,10.0,ar ARG,CM,24-280,79,0,0,0,0,1,0,1,0,51,4,0,2,0.0,0.0,0.0,0,0,36,41,87.8,1,32,0,0,0,,,,,,,,,,,,,,,,,,,,,0,66
8,Ryan Gravenberch,38.0,nl NED,CM,21-137,11,0,0,0,0,0,0,0,0,2,0,0,0,0.0,0.0,0.0,0,0,1,1,100.0,0,1,0,0,0,,,,,,,,,,,,,,,,,,,,,0,66
9,Dominik Szoboszlai,8.0,hu HUN,"CM,RM",22-340,90,0,0,0,0,1,1,0,0,60,1,1,2,0.0,0.0,0.1,3,1,38,49,77.6,5,33,1,4,1,,,,,,,,,,,,,,,,,,,,,0,66
10,Andrew Robertson,26.0,sct SCO,"LB,WB",29-203,90,0,0,0,0,1,1,1,0,59,1,1,0,0.0,0.0,0.2,5,0,41,51,80.4,5,34,5,1,1,,,,,,,,,,,,,,,,,,,,,0,66
11,Virgil van Dijk,4.0,nl NED,CB,32-084,90,0,1,0,0,1,0,1,0,65,2,2,7,0.0,0.0,0.3,2,1,40,42,95.2,0,38,0,0,0,,,,,,,,,,,,,,,,,,,,,0,66
12,Joël Matip,32.0,cm CMR,CB,32-053,90,0,0,0,0,1,0,0,0,64,1,1,3,0.0,0.0,0.0,1,0,33,41,80.5,1,34,0,1,0,,,,,,,,,,,,,,,,,,,,,0,66
13,Joe Gomez,2.0,eng ENG,RB,26-130,72,0,0,0,0,0,0,0,0,51,2,0,0,0.0,0.0,0.0,0,0,31,44,70.5,5,30,2,1,1,,,,,,,,,,,,,,,,,,,,,0,66
14,Ibrahima Konaté,5.0,fr FRA,CB,24-128,18,0,0,0,0,0,0,0,0,1,0,0,1,0.0,0.0,0.0,0,0,0,0,,0,0,0,0,0,,,,,,,,,,,,,,,,,,,,,0,66
15,Alisson,1.0,br BRA,GK,30-363,90,0,0,0,0,0,0,0,0,56,0,0,0,0.0,0.0,0.0,0,0,37,54,68.5,0,39,0,0,0,8.0,2.0,7.0,75.0,2.2,8.0,21.0,38.1,48.0,7.0,39.6,33.4,6.0,33.3,32.5,21.0,1.0,4.8,0.0,11.3,0,66
0,Taiwo Awoniyi,9.0,ng NGA,FW,26-050,80,0,0,0,0,0,0,0,0,21,0,0,0,0.0,0.0,0.1,2,0,7,12,58.3,0,12,1,0,0,,,,,,,,,,,,,,,,,,,,,1,67
1,Chris Wood,11.0,nz NZL,FW,31-298,10,0,0,0,0,1,0,0,0,5,0,0,0,0.2,0.2,0.0,0,0,1,3,33.3,0,3,0,0,0,,,,,,,,,,,,,,,,,,,,,1,67
2,Callum Hudson-Odoi,14.0,eng ENG,LW,22-328,59,0,0,0,0,0,0,0,0,25,0,0,1,0.0,0.0,0.1,3,0,12,19,63.2,1,15,5,3,2,,,,,,,,,,,,,,,,,,,,,1,67
3,Harry Toffolo,15.0,eng ENG,LB,28-043,31,0,1,0,0,0,0,0,0,11,0,0,3,0.0,0.0,0.0,1,1,4,6,66.7,0,1,0,0,0,,,,,,,,,,,,,,,,,,,,,1,67
4,Anthony Elanga,21.0,se SWE,RW,21-157,59,0,0,0,0,1,0,0,0,34,1,0,0,0.1,0.1,0.0,0,0,21,24,87.5,0,20,2,4,2,,,,,,,,,,,,,,,,,,,,,1,67
5,Morgan Gibbs-White,10.0,eng ENG,"LM,AM",23-247,31,0,0,0,0,0,0,0,0,19,0,0,2,0.0,0.0,0.0,3,1,11,15,73.3,2,6,0,0,0,,,,,,,,,,,,,,,,,,,,,1,67
6,Nicolás Domínguez,16.0,ar ARG,LM,25-095,79,1,0,0,0,1,1,0,0,55,6,0,2,0.0,0.0,0.0,0,0,34,42,81.0,5,24,1,0,0,,,,,,,,,,,,,,,,,,,,,1,67
7,Divock Origi,27.0,be BEL,AM,28-166,11,0,0,0,0,0,0,0,0,3,0,0,0,0.0,0.0,0.2,1,0,1,1,100.0,0,2,0,0,0,,,,,,,,,,,,,,,,,,,,,1,67
8,Orel Mangala,5.0,be BEL,"CM,DM",25-197,90,0,0,0,0,0,0,0,0,57,1,3,0,0.0,0.0,0.0,0,0,47,48,97.9,2,34,0,2,2,,,,,,,,,,,,,,,,,,,,,1,67
9,Ibrahim Sangaré,6.0,ci CIV,RM,25-303,76,0,0,0,0,1,0,1,0,40,1,1,3,0.0,0.0,0.0,0,0,25,30,83.3,4,22,1,3,2,,,,,,,,,,,,,,,,,,,,,1,67
10,Cheikhou Kouyaté,8.0,sn SEN,RM,33-284,14,0,0,0,0,0,0,0,0,15,0,0,0,0.0,0.0,0.0,0,0,2,10,20.0,0,4,0,0,0,,,,,,,,,,,,,,,,,,,,,1,67
11,Moussa Niakhate,19.0,sn SEN,LB,27-207,55,0,0,0,0,0,0,2,1,38,3,0,0,0.0,0.0,0.0,0,0,22,33,66.7,0,12,1,0,0,,,,,,,,,,,,,,,,,,,,,1,67
12,Murillo,40.0,br BRA,CB,21-089,90,0,0,0,0,1,0,0,0,63,1,1,2,0.1,0.1,0.0,0,0,39,48,81.3,1,31,1,1,1,,,,,,,,,,,,,,,,,,,,,1,67
13,Willy Boly,30.0,ci CIV,CB,32-240,90,0,0,0,0,1,0,0,0,77,1,0,5,0.0,0.0,0.0,0,0,45,62,72.6,2,41,0,0,0,,,,,,,,,,,,,,,,,,,,,1,67
14,Serge Aurier,24.0,ci CIV,RB,30-281,90,0,0,0,0,0,0,0,0,59,3,1,3,0.0,0.0,0.0,0,0,41,49,83.7,2,24,1,1,0,,,,,,,,,,,,,,,,,,,,,1,67
15,Matt Turner,1.0,us USA,GK,29-099,90,0,0,0,0,0,0,0,0,45,0,0,0,0.0,0.0,0.0,1,0,25,41,61.0,0,23,0,0,0,3.0,1.0,2.0,66.7,0.7,8.0,21.0,38.1,29.0,3.0,37.9,31.6,11.0,90.9,58.0,24.0,3.0,12.5,5.0,22.3,1,67
0,Yoane Wissa,11.0,cd COD,FW,27-028,90,0,0,0,0,2,0,0,0,20,1,1,1,0.4,0.4,0.2,3,1,8,11,72.7,0,8,1,1,0,,,,,,,,,,,,,,,,,,,,,0,67
1,Keane Lewis-Potter,23.0,eng ENG,LW,22-221,74,0,0,0,0,1,0,0,0,46,1,1,0,0.0,0.0,0.0,0,0,26,35,74.3,3,36,4,5,2,,,,,,,,,,,,,,,,,,,,,0,67
2,Neal Maupay,7.0,fr FRA,FW,27-048,16,0,0,0,0,3,1,0,0,15,0,0,1,0.3,0.3,0.0,3,0,7,10,70.0,0,10,0,1,0,,,,,,,,,,,,,,,,,,,,,0,67
3,Bryan Mbeumo,19.0,cm CMR,"RW,WB",24-055,90,0,0,0,0,2,0,0,0,73,0,0,1,0.2,0.2,0.3,7,0,53,65,81.5,6,48,3,4,3,,,,,,,,,,,,,,,,,,,,,0,67
4,Vitaly Janelt,27.0,de GER,"LM,CM,DM",25-144,88,0,0,0,0,1,0,0,0,56,2,0,2,0.0,0.0,0.2,3,0,45,51,88.2,4,41,0,0,0,,,,,,,,,,,,,,,,,,,,,0,67
5,Michael Olakigbe,37.0,eng ENG,WB,19-159,2,0,0,0,0,1,0,0,0,10,0,0,0,0.1,0.1,0.0,0,0,4,6,66.7,0,7,1,1,0,,,,,,,,,,,,,,,,,,,,,0,67
6,Christian Nørgaard,6.0,dk DEN,"CM,DM",29-205,90,1,0,0,0,4,1,0,0,83,0,1,2,0.5,0.5,0.1,3,0,57,73,78.1,7,56,0,0,0,,,,,,,,,,,,,,,,,,,,,0,67
7,Mathias Jensen,8.0,dk DEN,RM,27-273,68,0,1,0,0,0,0,0,0,42,2,1,0,0.0,0.0,0.3,3,1,20,31,64.5,5,22,0,0,0,,,,,,,,,,,,,,,,,,,,,0,67
8,Frank Onyeka,15.0,ng NGA,"CM,AM",25-273,22,0,0,0,0,1,0,1,0,16,1,0,0,0.0,0.0,0.2,2,0,12,14,85.7,2,12,1,0,0,,,,,,,,,,,,,,,,,,,,,0,67
9,Aaron Hickey,2.0,sct SCO,LB,21-113,68,0,0,0,0,0,0,1,0,33,1,0,1,0.0,0.0,0.0,0,0,21,25,84.0,3,21,1,1,0,,,,,,,,,,,,,,,,,,,,,0,67
10,Saman Ghoddos,14.0,ir IRN,"CM,WB,RB",30-025,22,0,0,0,0,0,0,0,0,26,1,0,1,0.0,0.0,0.0,2,0,18,22,81.8,3,17,2,0,0,,,,,,,,,,,,,,,,,,,,,0,67
11,Ethan Pinnock,5.0,jm JAM,"CB,LB",30-125,90,0,0,0,0,2,1,0,0,95,0,1,1,0.1,0.1,0.0,2,0,80,88,90.9,10,68,4,0,0,,,,,,,,,,,,,,,,,,,,,0,67
12,Nathan Collins,22.0,ie IRL,CB,22-154,90,0,0,0,0,0,0,0,0,94,0,4,0,0.0,0.0,0.0,1,0,76,85,89.4,9,77,0,0,0,,,,,,,,,,,,,,,,,,,,,0,67
13,Kristoffer Ajer,20.0,no NOR,"RB,CB",25-167,88,0,0,0,0,1,0,0,0,74,2,1,0,0.1,0.1,0.0,0,0,51,66,77.3,3,53,4,0,0,,,,,,,,,,,,,,,,,,,,,0,67
14,Mads Roerslev,30.0,dk DEN,CB,24-099,2,0,0,0,0,0,0,0,0,18,0,0,0,0.0,0.0,0.1,2,0,12,18,66.7,1,15,1,0,0,,,,,,,,,,,,,,,,,,,,,0,67
15,Mark Flekken,1.0,nl NED,GK,30-110,90,0,0,0,0,0,0,0,0,37,0,0,0,0.0,0.0,0.0,0,0,35,37,94.6,0,30,0,0,0,1.0,1.0,0.0,0.0,0.1,1.0,2.0,50.0,32.0,4.0,6.3,23.6,5.0,0.0,16.4,8.0,0.0,0.0,1.0,41.0,0,67
0,Raúl Jiménez,7.0,mx MEX,FW,32-150,52,0,0,0,0,1,0,0,0,13,0,0,0,0.0,0.0,0.0,0,0,7,9,77.8,2,8,2,1,1,,,,,,,,,,,,,,,,,,,,,1,68
1,Carlos Vinícius,30.0,br BRA,FW,28-191,38,0,0,0,0,3,1,0,0,10,0,0,1,0.2,0.2,0.1,1,0,2,2,100.0,0,5,1,1,0,,,,,,,,,,,,,,,,,,,,,1,68
2,Willian,20.0,br BRA,LW,35-054,90,0,0,0,0,1,1,0,0,46,0,0,1,0.0,0.0,0.0,3,0,38,41,92.7,9,32,5,3,0,,,,,,,,,,,,,,,,,,,,,1,68
3,Harry Wilson,8.0,wls WAL,RW,26-194,53,0,0,0,0,0,0,0,0,35,0,1,1,0.0,0.0,0.0,0,0,20,28,71.4,4,24,2,0,0,,,,,,,,,,,,,,,,,,,,,1,68
4,Alex Iwobi,22.0,ng NGA,RW,27-152,37,0,0,0,0,2,0,0,0,29,2,0,0,0.2,0.2,0.1,1,0,15,24,62.5,2,16,3,0,0,,,,,,,,,,,,,,,,,,,,,1,68
5,Andreas Pereira,18.0,br BRA,LM,27-274,74,0,0,0,0,0,0,1,0,27,0,1,0,0.0,0.0,0.0,3,0,19,24,79.2,2,9,0,0,0,,,,,,,,,,,,,,,,,,,,,1,68
6,Saša Lukić,28.0,rs SRB,LM,27-050,16,0,0,0,0,1,1,0,0,14,1,1,0,0.6,0.6,0.0,2,0,10,10,100.0,1,8,1,0,0,,,,,,,,,,,,,,,,,,,,,1,68
7,João Palhinha,26.0,pt POR,CM,28-085,90,0,0,0,0,0,0,0,0,64,3,2,0,0.0,0.0,0.0,0,0,46,51,90.2,5,33,1,0,0,,,,,,,,,,,,,,,,,,,,,1,68
8,Harrison Reed,6.0,eng ENG,RM,28-248,64,0,0,0,0,0,0,0,0,32,0,0,2,0.0,0.0,0.1,1,0,23,26,88.5,3,21,1,0,0,,,,,,,,,,,,,,,,,,,,,1,68
9,Tom Cairney,10.0,sct SCO,RM,32-255,26,0,0,0,0,0,0,0,0,30,0,0,3,0.0,0.0,0.6,2,0,23,24,95.8,2,19,0,1,0,,,,,,,,,,,,,,,,,,,,,1,68
10,Antonee Robinson,33.0,us USA,LB,26-055,90,0,0,0,0,0,0,0,0,69,4,6,1,0.0,0.0,0.1,2,0,43,59,72.9,1,38,2,1,1,,,,,,,,,,,,,,,,,,,,,1,68
11,Tim Ream,13.0,us USA,CB,35-362,90,0,0,0,0,0,0,0,0,85,1,1,1,0.0,0.0,0.0,1,0,71,79,89.9,3,52,0,0,0,,,,,,,,,,,,,,,,,,,,,1,68
12,Issa Diop,31.0,fr FRA,CB,26-266,90,0,0,0,0,0,0,0,0,101,2,1,0,0.0,0.0,0.0,0,0,85,94,90.4,7,72,1,0,0,,,,,,,,,,,,,,,,,,,,,1,68
13,Timothy Castagne,21.0,be BEL,RB,27-301,90,0,0,0,0,2,0,0,0,93,3,0,0,0.1,0.1,0.0,3,0,67,85,78.8,7,54,2,3,1,,,,,,,,,,,,,,,,,,,,,1,68
14,Bernd Leno,17.0,de GER,GK,31-212,90,0,0,0,0,0,0,0,0,62,0,0,0,0.0,0.0,0.0,0,0,61,61,100.0,0,41,0,0,0,4.0,2.0,2.0,50.0,0.8,5.0,5.0,100.0,57.0,11.0,7.0,20.6,4.0,25.0,26.0,4.0,1.0,25.0,1.0,16.8,1,68
0,Armando Broja,19.0,al ALB,FW,22-022,64,1,0,0,0,2,1,0,0,22,1,0,0,0.4,0.4,0.0,1,0,10,13,76.9,1,17,2,3,2,,,,,,,,,,,,,,,,,,,,,0,68
1,Raheem Sterling,7.0,eng ENG,FW,28-298,26,0,0,0,0,0,0,1,0,11,0,0,0,0.0,0.0,0.0,0,0,6,6,100.0,0,7,1,3,1,,,,,,,,,,,,,,,,,,,,,0,68
2,Mykhailo Mudryk,10.0,ua UKR,LW,22-270,45,1,0,0,0,2,1,0,0,15,1,0,0,0.6,0.6,0.0,0,0,3,7,42.9,1,12,4,1,0,,,,,,,,,,,,,,,,,,,,,0,68
3,Ian Maatsen,29.0,nl NED,LW,21-206,45,0,0,0,0,1,0,0,0,18,1,0,1,0.1,0.1,0.1,2,0,7,13,53.8,0,9,1,0,0,,,,,,,,,,,,,,,,,,,,,0,68
4,Cole Palmer,20.0,eng ENG,RW,21-149,77,0,0,0,0,2,1,1,0,43,0,2,1,0.1,0.1,0.2,3,1,27,33,81.8,3,36,5,2,0,,,,,,,,,,,,,,,,,,,,,0,68
5,Lesley Ugochukwu,16.0,fr FRA,DM,19-190,13,0,0,0,0,0,0,0,0,12,0,0,1,0.0,0.0,0.0,0,0,7,11,63.6,0,8,0,0,0,,,,,,,,,,,,,,,,,,,,,0,68
6,Enzo Fernández,8.0,ar ARG,"LM,AM",22-258,89,0,0,0,0,2,1,0,0,76,3,1,3,0.4,0.4,0.0,2,0,51,58,87.9,6,50,3,1,1,,,,,,,,,,,,,,,,,,,,,0,68
7,Alex Matos,52.0,eng ENG,AM,18-364,1,0,0,0,0,0,0,0,0,0,0,0,0,0.0,0.0,0.0,0,0,0,0,,0,1,0,0,0,,,,,,,,,,,,,,,,,,,,,0,68
8,Moisés Caicedo,25.0,ec ECU,"CM,DM",21-334,89,0,0,0,0,0,0,0,0,58,3,1,2,0.0,0.0,0.0,2,1,43,49,87.8,1,47,2,3,2,,,,,,,,,,,,,,,,,,,,,0,68
9,Noni Madueke,11.0,eng ENG,DM,21-206,1,0,0,0,0,0,0,0,0,0,0,0,0,0.0,0.0,0.0,0,0,0,0,,0,0,0,0,0,,,,,,,,,,,,,,,,,,,,,0,68
10,Conor Gallagher,23.0,eng ENG,"RM,RW",23-238,90,0,0,0,0,1,0,0,0,58,6,1,2,0.1,0.1,0.1,3,0,39,46,84.8,7,38,5,2,1,,,,,,,,,,,,,,,,,,,,,0,68
11,Levi Colwill,26.0,eng ENG,LB,20-218,90,0,1,0,0,0,0,0,0,56,3,1,2,0.0,0.0,0.5,1,1,35,44,79.5,4,31,3,0,0,,,,,,,,,,,,,,,,,,,,,0,68
12,Thiago Silva,6.0,br BRA,CB,39-010,90,0,0,0,0,0,0,0,0,57,4,1,0,0.0,0.0,0.0,0,0,42,45,93.3,0,28,0,0,0,,,,,,,,,,,,,,,,,,,,,0,68
13,Axel Disasi,2.0,fr FRA,CB,25-205,90,0,0,0,0,1,0,0,0,70,0,0,0,0.1,0.1,0.0,0,0,56,65,86.2,1,52,0,1,1,,,,,,,,,,,,,,,,,,,,,0,68
14,Marc Cucurella,3.0,es ESP,RB,25-072,90,0,0,0,0,0,0,1,0,70,2,1,1,0.0,0.0,0.0,0,0,52,58,89.7,2,43,0,0,0,,,,,,,,,,,,,,,,,,,,,0,68
15,Robert Sánchez,1.0,es ESP,GK,25-318,90,0,0,0,0,0,0,1,0,46,0,0,0,0.0,0.0,0.0,0,0,38,45,84.4,0,31,0,0,0,3.0,0.0,3.0,100.0,1.0,8.0,13.0,61.5,43.0,6.0,27.9,30.4,2.0,50.0,49.0,19.0,1.0,5.3,0.0,3.0,0,68
0,Carlton Morris,9.0,eng ENG,FW,27-291,90,0,0,0,0,4,0,0,0,46,0,0,1,0.3,0.3,0.0,7,0,20,30,66.7,3,20,1,4,3,,,,,,,,,,,,,,,,,,,,,1,69
1,Chiedozie Ogbene,7.0,ie IRL,AM,26-155,90,0,0,0,0,2,0,0,0,57,1,0,2,0.2,0.2,0.0,4,0,31,41,75.6,4,28,3,3,1,,,,,,,,,,,,,,,,,,,,,1,69
2,Jacob Brown,19.0,sct SCO,AM,25-176,68,0,0,0,0,3,0,1,0,32,1,1,1,0.4,0.4,0.2,4,0,13,19,68.4,2,9,3,1,1,,,,,,,,,,,,,,,,,,,,,1,69
3,Tahith Chong,14.0,nl NED,AM,23-303,22,0,0,0,0,1,0,1,0,13,0,0,0,0.0,0.0,0.0,2,1,10,12,83.3,2,10,1,1,1,,,,,,,,,,,,,,,,,,,,,1,69
4,Marvelous Nakamba,13.0,zw ZIM,CM,29-257,90,0,0,0,0,0,0,1,0,50,5,0,3,0.0,0.0,0.0,2,0,31,36,86.1,5,16,0,0,0,,,,,,,,,,,,,,,,,,,,,1,69
5,Pelly Ruddock Mpanzu,17.0,cd COD,CM,30-078,90,0,0,0,0,2,0,0,0,42,0,0,1,0.1,0.1,0.1,1,0,22,32,68.8,4,23,1,1,0,,,,,,,,,,,,,,,,,,,,,1,69
6,Alfie Doughty,45.0,eng ENG,WB,23-286,90,0,0,0,0,1,0,0,0,51,0,1,2,0.0,0.0,0.3,9,0,25,43,58.1,5,19,4,1,1,,,,,,,,,,,,,,,,,,,,,1,69
7,Issa Kaboré,12.0,bf BFA,WB,22-144,61,0,0,0,0,0,0,0,0,43,2,0,0,0.0,0.0,0.1,1,0,22,38,57.9,0,14,2,0,0,,,,,,,,,,,,,,,,,,,,,1,69
8,Elijah Adebayo,11.0,eng ENG,WB,25-269,29,1,0,0,0,2,1,0,0,16,0,0,0,0.2,0.2,0.0,1,0,4,5,80.0,0,9,1,4,1,,,,,,,,,,,,,,,,,,,,,1,69
9,Amari'i Bell,29.0,jm JAM,CB,29-151,20,0,0,0,0,0,0,0,0,8,0,0,0,0.0,0.0,0.0,0,0,3,7,42.9,0,2,0,0,0,,,,,,,,,,,,,,,,,,,,,1,69
10,Reece Burke,16.0,eng ENG,CB,27-031,70,0,1,0,0,1,1,1,0,30,1,0,0,0.0,0.0,0.1,2,1,15,25,60.0,4,9,0,1,1,,,,,,,,,,,,,,,,,,,,,1,69
11,Tom Lockyer,4.0,wls WAL,CB,28-304,90,0,0,0,0,2,0,0,0,65,2,2,0,0.1,0.1,0.0,0,0,34,51,66.7,2,28,0,0,0,,,,,,,,,,,,,,,,,,,,,1,69
12,Teden Mengi,15.0,eng ENG,CB,21-156,90,0,0,0,0,0,0,0,0,67,2,4,1,0.0,0.0,0.0,0,0,43,57,75.4,4,34,1,0,0,,,,,,,,,,,,,,,,,,,,,1,69
13,Thomas Kaminski,24.0,be BEL,GK,30-345,90,0,0,0,0,0,0,0,0,43,0,0,0,0.0,0.0,0.0,0,0,19,41,46.3,0,18,0,0,0,4.0,2.0,2.0,50.0,1.7,11.0,33.0,33.3,31.0,4.0,77.4,50.0,10.0,90.0,56.7,8.0,0.0,0.0,3.0,30.0,1,69
0,Lyle Foster,17.0,za RSA,FW,23-030,79,1,0,0,0,2,1,0,0,36,0,1,3,0.5,0.5,0.0,2,0,14,22,63.6,1,22,2,1,1,,,,,,,,,,,,,,,,,,,,,0,69
1,Jay Rodriguez,9.0,eng ENG,FW,34-066,11,0,0,0,0,2,0,0,0,9,0,0,1,0.0,0.0,0.0,2,0,5,6,83.3,0,7,0,1,1,,,,,,,,,,,,,,,,,,,,,0,69
2,Zeki Amdouni,25.0,ch SUI,LW,22-303,73,0,0,0,0,2,1,0,0,53,3,0,2,0.3,0.3,0.1,5,0,17,27,63.0,1,30,2,11,2,,,,,,,,,,,,,,,,,,,,,0,69
3,Aaron Ramsey,21.0,eng ENG,LW,20-255,16,0,0,0,0,0,0,0,0,10,1,0,0,0.0,0.0,0.0,0,0,6,7,85.7,0,6,0,0,0,,,,,,,,,,,,,,,,,,,,,0,69
4,Hannes Delcroix,44.0,be BEL,LW,24-217,1,0,0,0,0,0,0,0,0,1,0,0,0,0.0,0.0,0.0,0,0,1,1,100.0,0,0,0,0,0,,,,,,,,,,,,,,,,,,,,,0,69
5,Luca Koleosho,30.0,it ITA,RW,19-018,74,0,0,0,0,3,1,0,0,24,0,0,0,0.1,0.1,0.1,2,0,14,17,82.4,3,20,6,4,1,,,,,,,,,,,,,,,,,,,,,0,69
6,Jacob Bruun Larsen,34.0,dk DEN,RW,25-014,16,1,0,0,0,1,1,0,0,2,0,0,0,0.0,0.0,0.0,0,0,1,1,100.0,0,1,0,0,0,,,,,,,,,,,,,,,,,,,,,0,69
7,Josh Brownhill,8.0,eng ENG,LM,27-288,90,0,0,0,0,3,0,0,0,76,1,1,0,0.1,0.1,0.3,4,0,47,66,71.2,3,34,2,1,0,,,,,,,,,,,,,,,,,,,,,0,69
8,Josh Cullen,24.0,ie IRL,CM,27-179,90,0,0,0,0,1,0,0,0,63,2,2,3,0.0,0.0,0.0,1,1,42,53,79.2,6,33,1,3,1,,,,,,,,,,,,,,,,,,,,,0,69
9,Sander Berge,16.0,no NOR,RM,25-231,90,0,1,0,0,0,0,0,0,52,2,1,1,0.0,0.0,0.4,1,1,31,42,73.8,5,21,3,1,1,,,,,,,,,,,,,,,,,,,,,0,69
10,Charlie Taylor,3.0,eng ENG,LB,30-015,90,0,0,0,0,0,0,1,0,75,2,0,2,0.0,0.0,0.0,1,0,40,60,66.7,1,28,3,1,1,,,,,,,,,,,,,,,,,,,,,0,69
11,Jordan Beyer,5.0,de GER,CB,23-137,90,0,0,0,0,0,0,0,0,47,2,2,1,0.0,0.0,0.0,1,0,26,32,81.3,2,14,0,0,0,,,,,,,,,,,,,,,,,,,,,0,69
12,Ameen Al-Dakhil,28.0,be BEL,CB,21-211,90,0,0,0,0,0,0,0,0,34,1,0,0,0.0,0.0,0.0,1,1,21,26,80.8,0,18,0,0,0,,,,,,,,,,,,,,,,,,,,,0,69
13,Connor Roberts,14.0,wls WAL,RB,28-010,90,0,1,0,0,0,0,1,0,56,1,0,2,0.0,0.0,0.1,3,1,28,45,62.2,2,21,0,0,0,,,,,,,,,,,,,,,,,,,,,0,69
14,James Trafford,1.0,eng ENG,GK,20-358,90,0,0,0,0,0,0,0,0,48,0,0,0,0.0,0.0,0.0,0,0,20,47,42.6,0,25,0,0,0,2.0,1.0,1.0,50.0,0.3,8.0,31.0,25.8,35.0,4.0,54.3,43.4,12.0,100.0,70.3,25.0,1.0,4.0,2.0,15.7,0,69
0,Elijah Adebayo,11.0,eng ENG,FW,25-273,66,0,0,0,0,0,0,0,0,22,1,2,1,0.0,0.0,0.1,1,0,2,6,33.3,1,10,1,3,0,,,,,,,,,,,,,,,,,,,,,1,70
1,Cauley Woodrow,10.0,eng ENG,FW,28-309,24,0,0,0,0,1,1,0,0,11,2,0,0,0.2,0.2,0.0,0,0,7,8,87.5,0,3,1,0,0,,,,,,,,,,,,,,,,,,,,,1,70
2,Carlton Morris,9.0,eng ENG,FW,27-295,90,0,0,0,0,3,1,1,0,32,0,0,1,0.2,0.2,0.2,5,0,15,26,57.7,1,15,2,2,2,,,,,,,,,,,,,,,,,,,,,1,70
3,Chiedozie Ogbene,7.0,ie IRL,LM,26-159,90,0,0,0,0,2,0,0,0,49,2,0,0,0.1,0.1,0.0,3,0,23,38,60.5,3,30,5,7,4,,,,,,,,,,,,,,,,,,,,,1,70
4,Marvelous Nakamba,13.0,zw ZIM,CM,29-261,90,0,0,0,0,1,0,0,0,44,5,0,3,0.0,0.0,0.1,1,0,25,32,78.1,4,20,0,2,1,,,,,,,,,,,,,,,,,,,,,1,70
5,Pelly Ruddock Mpanzu,17.0,cd COD,CM,30-082,66,0,0,0,0,0,0,0,0,23,1,1,2,0.0,0.0,0.1,3,0,10,14,71.4,3,7,0,0,0,,,,,,,,,,,,,,,,,,,,,1,70
6,Tahith Chong,14.0,nl NED,CM,23-307,24,0,0,0,0,0,0,0,0,16,2,1,0,0.0,0.0,0.0,1,0,7,9,77.8,1,8,1,0,0,,,,,,,,,,,,,,,,,,,,,1,70
7,Jacob Brown,19.0,sct SCO,RM,25-180,65,0,0,0,0,2,0,0,0,20,0,0,2,0.2,0.2,0.0,0,0,5,13,38.5,0,11,2,1,0,,,,,,,,,,,,,,,,,,,,,1,70
8,Luke Berry,8.0,eng ENG,RM,31-087,25,0,0,0,0,0,0,0,0,3,0,0,0,0.0,0.0,0.0,0,0,0,0,,0,0,0,0,0,,,,,,,,,,,,,,,,,,,,,1,70
9,Alfie Doughty,45.0,eng ENG,LB,23-290,90,0,0,0,0,2,0,0,0,67,4,0,6,0.1,0.1,0.2,4,0,24,48,50.0,2,15,1,2,0,,,,,,,,,,,,,,,,,,,,,1,70
10,Mads Juel Andersen,5.0,dk DEN,CB,25-284,58,0,0,0,0,0,0,0,0,15,3,2,0,0.0,0.0,0.0,0,0,5,8,62.5,1,4,0,0,0,,,,,,,,,,,,,,,,,,,,,1,70
11,Teden Mengi,15.0,eng ENG,CB,21-160,32,0,0,0,0,1,0,0,0,20,0,2,1,0.0,0.0,0.0,0,0,12,16,75.0,1,8,0,0,0,,,,,,,,,,,,,,,,,,,,,1,70
12,Tom Lockyer,4.0,wls WAL,CB,28-308,80,0,0,0,0,0,0,1,0,25,2,3,0,0.0,0.0,0.0,0,0,11,15,73.3,0,8,0,1,1,,,,,,,,,,,,,,,,,,,,,1,70
13,Ross Barkley,6.0,eng ENG,CB,29-306,10,0,0,0,0,0,0,0,0,14,0,0,1,0.0,0.0,0.0,0,0,10,13,76.9,0,5,0,0,0,,,,,,,,,,,,,,,,,,,,,1,70
14,Reece Burke,16.0,eng ENG,RB,27-035,90,0,0,0,0,0,0,0,0,41,4,1,2,0.0,0.0,0.1,2,0,19,25,76.0,6,12,0,1,0,,,,,,,,,,,,,,,,,,,,,1,70
15,Thomas Kaminski,24.0,be BEL,GK,30-349,90,0,0,0,0,0,0,0,0,38,0,0,0,0.0,0.0,0.0,0,0,20,35,57.1,0,12,0,0,0,4.0,1.0,3.0,75.0,1.1,13.0,26.0,50.0,24.0,3.0,70.8,47.1,10.0,90.0,60.2,10.0,0.0,0.0,0.0,9.0,1,70
0,Son Heung-min,7.0,kr KOR,FW,31-091,75,0,0,0,0,3,1,0,0,28,1,0,0,0.2,0.2,0.5,4,0,18,20,90.0,2,21,0,1,0,,,,,,,,,,,,,,,,,,,,,0,70
1,Emerson,12.0,br BRA,CB,24-266,15,0,0,0,0,0,0,0,0,19,0,0,0,0.0,0.0,0.0,0,0,13,15,86.7,0,9,0,1,0,,,,,,,,,,,,,,,,,,,,,0,70
2,Richarlison,9.0,br BRA,LW,26-150,45,0,0,0,0,4,1,0,0,34,2,1,0,0.9,0.9,0.0,2,0,19,25,76.0,3,20,1,2,0,,,,,,,,,,,,,,,,,,,,,0,70
3,Pierre Højbjerg,5.0,dk DEN,"DM,CM",28-063,45,0,0,0,0,1,0,1,0,36,1,1,1,0.0,0.0,0.0,0,0,21,28,75.0,0,16,0,0,0,,,,,,,,,,,,,,,,,,,,,0,70
4,Dejan Kulusevski,21.0,se SWE,"RW,FW",23-165,89,0,0,0,0,1,1,0,0,43,0,0,0,0.0,0.0,0.5,3,0,26,33,78.8,2,32,5,6,3,,,,,,,,,,,,,,,,,,,,,0,70
5,Alejo Véliz,36.0,ar ARG,FW,20-018,1,0,0,0,0,0,0,0,0,3,0,0,0,0.0,0.0,0.0,0,0,1,2,50.0,0,0,0,0,0,,,,,,,,,,,,,,,,,,,,,0,70
6,James Maddison,10.0,eng ENG,AM,26-318,75,0,1,0,0,2,0,0,0,50,2,0,0,0.2,0.2,0.6,7,2,29,40,72.5,6,29,2,5,1,,,,,,,,,,,,,,,,,,,,,0,70
7,Oliver Skipp,4.0,eng ENG,CM,23-021,15,0,0,0,0,0,0,0,0,12,0,0,0,0.0,0.0,0.0,0,0,9,9,100.0,0,9,0,1,0,,,,,,,,,,,,,,,,,,,,,0,70
8,Yves Bissouma,8.0,ml MLI,DM,27-038,44,0,0,0,0,0,0,2,1,52,1,0,0,0.0,0.0,0.0,1,0,43,49,87.8,7,28,4,1,1,,,,,,,,,,,,,,,,,,,,,0,70
9,Pape Matar Sarr,29.0,sn SEN,"DM,CM",21-023,90,0,0,0,0,0,0,0,0,72,2,3,2,0.0,0.0,0.1,4,0,50,57,87.7,9,44,1,6,3,,,,,,,,,,,,,,,,,,,,,0,70
10,Destiny Udogie,38.0,it ITA,LB,20-313,81,0,0,0,0,0,0,0,0,52,3,0,3,0.0,0.0,0.0,0,0,29,38,76.3,3,18,1,2,1,,,,,,,,,,,,,,,,,,,,,0,70
11,Ben Davies,33.0,wls WAL,LB,30-166,9,0,0,0,0,0,0,0,0,7,1,0,0,0.0,0.0,0.0,0,0,2,4,50.0,0,1,0,0,0,,,,,,,,,,,,,,,,,,,,,0,70
12,Micky van de Ven,37.0,nl NED,CB,22-171,90,1,0,0,0,2,1,0,0,77,2,0,2,0.2,0.2,0.0,0,0,64,68,94.1,8,56,2,0,0,,,,,,,,,,,,,,,,,,,,,0,70
13,Cristian Romero,17.0,ar ARG,CB,25-163,90,0,0,0,0,0,0,0,0,102,3,3,0,0.0,0.0,0.0,3,0,73,81,90.1,11,63,2,0,0,,,,,,,,,,,,,,,,,,,,,0,70
14,Pedro Porro,23.0,es ESP,RB,24-024,90,0,0,0,0,2,0,0,0,96,2,1,4,0.4,0.4,0.0,1,0,62,77,80.5,6,45,1,2,0,,,,,,,,,,,,,,,,,,,,,0,70
15,Guglielmo Vicario,13.0,it ITA,GK,27-000,90,0,0,0,0,0,0,0,0,57,0,0,0,0.0,0.0,0.0,0,0,43,56,76.8,0,34,0,0,0,2.0,0.0,2.0,100.0,0.1,2.0,13.0,15.4,45.0,3.0,24.4,28.1,9.0,22.2,26.9,18.0,1.0,5.6,1.0,16.0,0,70
0,Dominic Calvert-Lewin,9.0,eng ENG,FW,26-205,82,0,0,0,0,3,0,0,0,29,0,1,0,0.4,0.4,0.0,2,0,9,17,52.9,1,14,2,2,2,,,,,,,,,,,,,,,,,,,,,1,71
1,Beto,14.0,gw GNB,FW,25-249,8,0,0,0,0,1,0,0,0,5,0,0,0,0.3,0.3,0.0,1,0,2,3,66.7,0,4,0,2,1,,,,,,,,,,,,,,,,,,,,,1,71
2,Abdoulaye Doucouré,16.0,ml MLI,FW,30-279,89,1,0,0,0,5,3,0,0,53,2,0,1,0.7,0.7,0.2,6,0,34,39,87.2,7,31,2,2,2,,,,,,,,,,,,,,,,,,,,,1,71
3,Youssef Chermiti,28.0,pt POR,FW,19-136,1,0,0,0,0,0,0,0,0,2,0,0,0,0.0,0.0,0.0,0,0,1,1,100.0,0,1,0,1,0,,,,,,,,,,,,,,,,,,,,,1,71
4,Dwight McNeil,7.0,eng ENG,LM,23-319,90,0,0,0,0,2,1,0,0,53,3,0,2,0.2,0.2,0.8,9,0,21,38,55.3,2,26,8,2,2,,,,,,,,,,,,,,,,,,,,,1,71
5,Amadou Onana,8.0,be BEL,CM,22-052,90,0,0,0,0,3,1,0,0,55,4,0,0,0.2,0.2,0.0,5,0,39,45,86.7,7,29,0,2,0,,,,,,,,,,,,,,,,,,,,,1,71
6,James Garner,37.0,eng ENG,CM,22-208,90,1,0,0,0,4,2,0,0,67,6,1,2,0.2,0.2,0.0,2,1,35,44,79.5,5,35,3,2,0,,,,,,,,,,,,,,,,,,,,,1,71
7,Jack Harrison,11.0,eng ENG,RM,26-321,77,1,1,0,0,4,1,0,0,41,3,0,0,0.3,0.3,0.3,5,1,16,24,66.7,1,26,2,5,2,,,,,,,,,,,,,,,,,,,,,1,71
8,Nathan Patterson,2.0,sct SCO,RM,21-356,13,0,0,0,0,0,0,0,0,13,0,0,1,0.0,0.0,0.0,0,0,7,11,63.6,0,7,2,0,0,,,,,,,,,,,,,,,,,,,,,1,71
9,Vitaliy Mykolenko,19.0,ua UKR,LB,24-131,90,0,0,0,0,1,0,0,0,54,3,1,1,0.1,0.1,0.0,1,0,32,43,74.4,2,19,1,1,1,,,,,,,,,,,,,,,,,,,,,1,71
10,Jarrad Branthwaite,32.0,eng ENG,CB,21-102,90,0,0,0,0,0,0,0,0,37,2,0,4,0.0,0.0,0.1,2,1,22,27,81.5,0,16,0,0,0,,,,,,,,,,,,,,,,,,,,,1,71
11,James Tarkowski,6.0,eng ENG,CB,30-322,90,0,0,0,0,0,0,0,0,66,3,1,3,0.0,0.0,0.0,2,0,37,50,74.0,1,33,0,0,0,,,,,,,,,,,,,,,,,,,,,1,71
12,Ashley Young,18.0,eng ENG,RB,38-090,90,0,0,0,0,2,0,1,0,69,2,1,1,0.1,0.1,0.0,3,0,44,59,74.6,5,30,3,3,2,,,,,,,,,,,,,,,,,,,,,1,71
13,Jordan Pickford,1.0,eng ENG,GK,29-214,90,0,0,0,0,0,0,0,0,46,0,0,0,0.0,0.0,0.0,2,0,33,42,78.6,0,28,0,0,0,3.0,0.0,3.0,100.0,0.4,17.0,26.0,65.4,34.0,7.0,55.9,43.3,8.0,87.5,64.5,15.0,1.0,6.7,4.0,20.6,1,71
0,Dominic Solanke,9.0,eng ENG,FW,26-023,90,0,0,0,0,3,1,1,0,26,0,0,1,0.1,0.1,0.1,1,0,8,9,88.9,3,23,2,3,1,,,,,,,,,,,,,,,,,,,,,0,71
1,Dango Ouattara,11.0,bf BFA,LW,21-238,56,0,0,0,0,1,0,0,0,18,1,0,1,0.0,0.0,0.1,1,0,5,7,71.4,0,6,0,0,0,,,,,,,,,,,,,,,,,,,,,0,71
2,Luis Sinisterra,17.0,co COL,"LM,LW",24-112,34,0,0,0,0,0,0,0,0,17,2,0,0,0.0,0.0,0.1,2,0,9,13,69.2,2,10,4,2,2,,,,,,,,,,,,,,,,,,,,,0,71
3,Marcus Tavernier,16.0,eng ENG,"RW,LB",24-199,90,0,0,0,0,2,1,0,0,64,1,0,3,0.0,0.0,0.0,2,0,36,46,78.3,4,32,5,10,7,,,,,,,,,,,,,,,,,,,,,0,71
4,Philip Billing,29.0,dk DEN,"AM,CM",27-118,90,0,0,0,0,1,0,0,0,56,5,0,1,0.1,0.1,0.0,4,0,37,42,88.1,3,26,2,1,0,,,,,,,,,,,,,,,,,,,,,0,71
5,Lewis Cook,4.0,eng ENG,DM,26-246,65,0,0,0,0,0,0,0,0,55,1,2,2,0.0,0.0,0.0,3,0,41,48,85.4,2,30,1,0,0,,,,,,,,,,,,,,,,,,,,,0,71
6,Kieffer Moore,21.0,wls WAL,FW,31-060,25,0,0,0,0,2,1,0,0,12,0,0,0,0.2,0.2,0.2,3,0,5,9,55.6,1,6,0,1,0,,,,,,,,,,,,,,,,,,,,,0,71
7,Ryan Christie,10.0,sct SCO,DM,28-227,45,0,0,0,0,0,0,0,0,30,1,1,3,0.0,0.0,0.0,1,0,19,24,79.2,0,18,0,0,0,,,,,,,,,,,,,,,,,,,,,0,71
8,Joe Rothwell,8.0,eng ENG,"CM,DM",28-269,45,0,0,0,0,0,0,0,0,25,1,0,0,0.0,0.0,0.0,2,0,19,22,86.4,2,15,1,0,0,,,,,,,,,,,,,,,,,,,,,0,71
9,Milos Kerkez,3.0,hu HUN,LB,19-334,66,0,0,0,0,1,0,0,0,45,2,1,1,0.0,0.0,0.0,0,0,21,31,67.7,0,15,2,1,1,,,,,,,,,,,,,,,,,,,,,0,71
10,David Brooks,7.0,wls WAL,RM,26-091,24,0,0,0,0,0,0,0,0,14,0,1,1,0.0,0.0,0.0,1,0,6,10,60.0,0,9,1,0,0,,,,,,,,,,,,,,,,,,,,,0,71
11,Marcos Senesi,25.0,ar ARG,CB,26-150,90,0,0,0,0,0,0,0,0,83,5,0,0,0.0,0.0,0.0,0,0,51,67,76.1,7,42,3,1,1,,,,,,,,,,,,,,,,,,,,,0,71
12,Illia Zabarnyi,27.0,ua UKR,CB,21-036,90,0,0,0,0,1,0,0,0,75,1,1,1,0.2,0.2,0.0,0,0,48,59,81.4,2,43,1,0,0,,,,,,,,,,,,,,,,,,,,,0,71
13,Adam Smith,15.0,eng ENG,RB,32-161,85,0,0,0,0,0,0,0,0,55,0,0,1,0.0,0.0,0.0,1,0,40,48,83.3,8,27,1,0,0,,,,,,,,,,,,,,,,,,,,,0,71
14,Max Aarons,37.0,eng ENG,RB,23-276,5,0,0,0,0,0,0,0,0,6,0,0,0,0.0,0.0,0.0,0,0,5,5,100.0,0,3,0,0,0,,,,,,,,,,,,,,,,,,,,,0,71
15,Neto,1.0,br BRA,GK,34-080,90,0,0,0,0,0,0,1,0,51,0,0,0,0.0,0.0,0.0,0,0,36,48,75.0,0,27,0,0,0,8.0,3.0,5.0,62.5,1.6,3.0,14.0,21.4,37.0,12.0,29.7,32.9,11.0,27.3,32.9,17.0,0.0,0.0,3.0,14.3,0,71
0,Rasmus Højlund,11.0,dk DEN,FW,20-245,90,0,0,0,0,2,0,0,0,39,0,0,0,0.1,0.1,0.0,2,0,18,26,69.2,1,23,1,4,1,,,,,,,,,,,,,,,,,,,,,1,72
1,Marcus Rashford,10.0,eng ENG,LW,25-341,62,0,0,0,0,3,1,0,0,38,0,0,2,0.1,0.1,0.0,3,0,20,28,71.4,3,21,4,6,4,,,,,,,,,,,,,,,,,,,,,1,72
2,Alejandro Garnacho,17.0,ar ARG,"LW,WB",19-098,28,0,0,0,0,1,0,0,0,24,0,0,0,0.0,0.0,0.2,5,0,15,19,78.9,2,19,2,2,1,,,,,,,,,,,,,,,,,,,,,1,72
3,Bruno Fernandes,8.0,pt POR,"RW,AM,DM,CM",29-029,90,0,0,0,0,4,2,0,0,97,1,2,0,0.2,0.2,0.1,7,1,65,88,73.9,13,55,0,2,1,,,,,,,,,,,,,,,,,,,,,1,72
4,Mason Mount,7.0,eng ENG,"AM,RW",24-270,62,0,0,0,0,1,0,0,0,35,0,0,0,0.1,0.1,0.1,3,0,24,30,80.0,2,20,0,1,0,,,,,,,,,,,,,,,,,,,,,1,72
5,Antony,21.0,br BRA,"RW,WB",23-225,28,0,0,0,0,3,0,0,0,23,0,0,1,0.1,0.1,0.0,1,0,15,19,78.9,4,21,2,0,0,,,,,,,,,,,,,,,,,,,,,1,72
6,Sofyan Amrabat,4.0,ma MAR,"DM,LB",27-047,86,0,0,0,0,0,0,0,0,75,0,0,2,0.0,0.0,0.1,3,0,65,68,95.6,12,56,1,1,0,,,,,,,,,,,,,,,,,,,,,1,72
7,Scott McTominay,39.0,sct SCO,FW,26-303,4,2,0,0,0,2,2,0,0,5,1,0,0,0.4,0.4,0.0,0,0,2,2,100.0,1,2,0,0,0,,,,,,,,,,,,,,,,,,,,,1,72
8,Casemiro,18.0,br BRA,DM,31-226,45,0,0,0,0,1,0,0,0,30,1,1,0,0.1,0.1,0.1,1,0,22,27,81.5,1,14,0,0,0,,,,,,,,,,,,,,,,,,,,,1,72
9,Christian Eriksen,14.0,dk DEN,"DM,CM",31-235,45,0,0,0,0,1,1,0,0,39,0,0,0,0.0,0.0,0.0,3,0,29,35,82.9,4,26,1,0,0,,,,,,,,,,,,,,,,,,,,,1,72
10,Victor Lindelöf,2.0,se SWE,LB,29-082,70,0,0,0,0,0,0,0,0,67,0,2,2,0.0,0.0,0.0,1,0,53,58,91.4,3,40,2,0,0,,,,,,,,,,,,,,,,,,,,,1,72
11,Anthony Martial,9.0,fr FRA,AM,27-306,20,0,0,0,0,1,1,0,0,9,0,0,0,0.2,0.2,0.0,0,0,7,7,100.0,1,5,0,0,0,,,,,,,,,,,,,,,,,,,,,1,72
12,Jonny Evans,35.0,nir NIR,CB,35-277,90,0,0,0,0,0,0,0,0,58,1,1,1,0.0,0.0,0.0,1,0,48,54,88.9,3,29,0,0,0,,,,,,,,,,,,,,,,,,,,,1,72
13,Harry Maguire,5.0,eng ENG,CB,30-216,90,0,1,0,0,0,0,0,0,68,0,2,0,0.0,0.0,0.3,4,1,57,65,87.7,4,41,2,0,0,,,,,,,,,,,,,,,,,,,,,1,72
14,Diogo Dalot,20.0,pt POR,"RB,CB",24-203,90,0,0,0,0,2,1,0,0,84,0,2,0,0.2,0.2,0.2,6,1,66,76,86.8,12,49,3,3,1,,,,,,,,,,,,,,,,,,,,,1,72
15,André Onana,24.0,cm CMR,GK,27-188,90,0,0,0,0,0,0,0,0,32,0,0,0,0.0,0.0,0.0,1,0,22,31,71.0,0,24,0,0,0,3.0,1.0,2.0,66.7,0.3,7.0,15.0,46.7,28.0,3.0,50.0,39.4,2.0,50.0,48.0,6.0,0.0,0.0,1.0,42.0,1,72
0,Yoane Wissa,11.0,cd COD,FW,27-034,69,0,1,0,0,2,0,0,0,24,1,2,0,0.1,0.1,0.1,2,0,8,13,61.5,0,16,3,3,2,,,,,,,,,,,,,,,,,,,,,0,72
1,Neal Maupay,7.0,fr FRA,FW,27-054,21,0,0,0,0,1,1,1,0,5,0,0,0,0.0,0.0,0.0,1,0,2,3,66.7,0,1,0,0,0,,,,,,,,,,,,,,,,,,,,,0,72
2,Bryan Mbeumo,19.0,cm CMR,FW,24-061,90,0,0,0,0,2,0,0,0,37,1,2,1,0.1,0.1,0.2,4,0,21,26,80.8,4,16,4,1,0,,,,,,,,,,,,,,,,,,,,,0,72
3,Vitaly Janelt,27.0,de GER,CM,25-150,69,0,0,0,0,0,0,1,0,28,2,2,0,0.0,0.0,0.0,2,0,17,19,89.5,3,9,0,0,0,,,,,,,,,,,,,,,,,,,,,0,72
4,Frank Onyeka,15.0,ng NGA,CM,25-279,21,0,0,0,0,0,0,0,0,8,0,3,0,0.0,0.0,0.0,0,0,2,4,50.0,0,2,0,0,0,,,,,,,,,,,,,,,,,,,,,0,72
5,Christian Nørgaard,6.0,dk DEN,CM,29-211,90,0,0,0,0,2,1,1,0,49,1,2,2,0.4,0.4,0.0,0,0,29,38,76.3,3,14,0,0,0,,,,,,,,,,,,,,,,,,,,,0,72
6,Mathias Jensen,8.0,dk DEN,CM,27-279,82,1,0,0,0,1,1,0,0,43,3,0,3,0.1,0.1,0.1,5,0,26,34,76.5,2,17,0,1,1,,,,,,,,,,,,,,,,,,,,,0,72
7,Saman Ghoddos,14.0,ir IRN,CM,30-031,8,0,0,0,0,0,0,0,0,3,0,0,0,0.0,0.0,0.2,1,0,1,3,33.3,0,0,0,0,0,,,,,,,,,,,,,,,,,,,,,0,72
8,Aaron Hickey,2.0,sct SCO,WB,21-119,90,0,0,0,0,2,0,1,0,30,0,0,0,0.0,0.0,0.0,0,0,19,24,79.2,0,15,4,0,0,,,,,,,,,,,,,,,,,,,,,0,72
9,Mads Roerslev,30.0,dk DEN,WB,24-105,90,0,0,0,0,0,0,0,0,30,4,0,0,0.0,0.0,0.1,2,0,13,22,59.1,2,12,5,0,0,,,,,,,,,,,,,,,,,,,,,0,72
10,Nathan Collins,22.0,ie IRL,CB,22-160,90,0,0,0,0,1,0,1,0,58,1,2,1,0.2,0.2,0.0,0,0,35,46,76.1,0,24,0,1,1,,,,,,,,,,,,,,,,,,,,,0,72
11,Ethan Pinnock,5.0,jm JAM,CB,30-131,90,0,0,0,0,0,0,0,0,61,2,3,3,0.0,0.0,0.0,0,0,27,35,77.1,1,16,0,0,0,,,,,,,,,,,,,,,,,,,,,0,72
12,Kristoffer Ajer,20.0,no NOR,CB,25-173,90,0,0,0,0,0,0,0,0,47,3,0,1,0.0,0.0,0.2,1,0,19,35,54.3,1,15,0,1,1,,,,,,,,,,,,,,,,,,,,,0,72
13,Thomas Strakosha,21.0,al ALB,GK,28-202,90,0,0,0,0,0,0,0,0,53,0,0,0,0.0,0.0,0.0,0,0,33,49,67.3,0,18,0,0,0,8.0,2.0,6.0,75.0,1.5,7.0,22.0,31.8,39.0,3.0,48.7,38.4,10.0,30.0,34.3,28.0,1.0,3.6,1.0,11.7,0,72
0,Lyle Foster,17.0,za RSA,FW,23-034,90,0,1,0,0,1,0,0,0,24,3,0,1,0.1,0.1,0.1,1,1,11,17,64.7,1,12,1,1,1,,,,,,,,,,,,,,,,,,,,,1,73
1,Wilson Odobert,47.0,fr FRA,LW,18-313,78,1,0,0,0,3,2,1,0,26,2,0,0,0.1,0.1,0.3,2,0,11,13,84.6,0,18,3,6,3,,,,,,,,,,,,,,,,,,,,,1,73
2,Jacob Bruun Larsen,34.0,dk DEN,LW,25-018,12,0,0,0,0,1,0,0,0,13,1,0,0,0.1,0.1,0.0,1,0,5,7,71.4,0,10,1,3,1,,,,,,,,,,,,,,,,,,,,,1,73
3,Mike Trésor,31.0,be BEL,RW,24-132,60,0,0,0,0,1,0,0,0,23,3,0,0,0.3,0.3,0.0,0,0,7,12,58.3,0,15,0,5,0,,,,,,,,,,,,,,,,,,,,,1,73
4,Luca Koleosho,30.0,it ITA,RW,19-022,30,0,0,0,0,1,1,0,0,8,0,0,0,0.0,0.0,0.0,2,0,2,4,50.0,0,8,2,3,2,,,,,,,,,,,,,,,,,,,,,1,73
5,Josh Brownhill,8.0,eng ENG,LM,27-292,90,0,0,0,0,0,0,0,0,43,2,2,0,0.0,0.0,0.1,5,0,26,35,74.3,1,10,0,0,0,,,,,,,,,,,,,,,,,,,,,1,73
6,Josh Cullen,24.0,ie IRL,CM,27-183,60,0,0,0,0,0,0,1,0,28,2,0,0,0.0,0.0,0.0,1,0,22,24,91.7,2,16,0,1,0,,,,,,,,,,,,,,,,,,,,,1,73
7,Aaron Ramsey,21.0,eng ENG,CM,20-259,30,0,0,0,0,0,0,0,0,11,3,0,0,0.0,0.0,0.0,0,0,8,8,100.0,0,4,0,0,0,,,,,,,,,,,,,,,,,,,,,1,73
8,Sander Berge,16.0,no NOR,RM,25-235,90,0,0,0,0,1,0,0,0,44,1,0,0,0.0,0.0,0.0,1,0,36,39,92.3,2,31,1,0,0,,,,,,,,,,,,,,,,,,,,,1,73
9,Charlie Taylor,3.0,eng ENG,LB,30-019,90,0,0,0,0,2,0,0,0,74,2,0,1,0.1,0.1,0.0,2,0,48,64,75.0,3,41,0,2,1,,,,,,,,,,,,,,,,,,,,,1,73
10,Hannes Delcroix,44.0,be BEL,CB,24-221,90,0,0,0,0,0,0,0,0,72,3,0,3,0.0,0.0,0.0,0,0,53,62,85.5,0,51,0,0,0,,,,,,,,,,,,,,,,,,,,,1,73
11,Ameen Al-Dakhil,28.0,be BEL,CB,21-215,45,0,0,0,0,0,0,0,0,23,1,0,1,0.0,0.0,0.0,0,0,18,19,94.7,0,19,0,0,0,,,,,,,,,,,,,,,,,,,,,1,73
12,Dara O'Shea,2.0,ie IRL,CB,24-217,45,0,0,0,0,0,0,0,0,27,0,1,0,0.0,0.0,0.0,0,0,21,25,84.0,0,17,0,0,0,,,,,,,,,,,,,,,,,,,,,1,73
13,Vitinho,22.0,br BRA,RB,24-076,60,0,0,0,0,0,0,0,0,24,0,1,0,0.0,0.0,0.0,1,1,12,15,80.0,2,16,3,2,0,,,,,,,,,,,,,,,,,,,,,1,73
14,Connor Roberts,14.0,wls WAL,RB,28-014,30,0,0,0,0,0,0,0,0,21,1,0,0,0.0,0.0,0.1,3,0,14,18,77.8,2,10,0,1,0,,,,,,,,,,,,,,,,,,,,,1,73
15,James Trafford,1.0,eng ENG,GK,20-362,90,0,0,0,0,0,0,0,0,71,0,0,0,0.0,0.0,0.0,0,0,59,70,84.3,0,55,0,0,0,5.0,4.0,2.0,40.0,2.8,9.0,18.0,50.0,63.0,9.0,22.2,24.7,5.0,80.0,58.2,10.0,2.0,20.0,0.0,5.0,1,73
0,Armando Broja,19.0,al ALB,FW,22-027,45,0,0,0,0,1,0,0,0,14,1,0,0,0.1,0.1,0.0,0,0,10,10,100.0,1,8,0,3,1,,,,,,,,,,,,,,,,,,,,,0,73
1,Nicolas Jackson,15.0,sn SEN,FW,22-109,45,1,0,0,0,1,1,0,0,13,0,1,1,0.3,0.3,0.1,2,1,5,7,71.4,0,9,0,2,2,,,,,,,,,,,,,,,,,,,,,0,73
2,Raheem Sterling,7.0,eng ENG,LW,28-303,82,1,0,0,0,3,2,0,0,34,1,0,0,0.5,0.5,0.1,4,1,13,22,59.1,4,26,6,7,2,,,,,,,,,,,,,,,,,,,,,0,73
3,Mykhailo Mudryk,10.0,ua UKR,LW,22-275,8,0,0,0,0,0,0,0,0,5,0,0,0,0.0,0.0,0.0,0,0,4,4,100.0,0,4,1,0,0,,,,,,,,,,,,,,,,,,,,,0,73
4,Cole Palmer,20.0,eng ENG,RW,21-154,85,1,1,1,1,2,0,0,0,52,0,0,1,0.9,0.1,0.4,2,1,31,40,77.5,7,28,2,4,0,,,,,,,,,,,,,,,,,,,,,0,73
5,Ian Maatsen,29.0,nl NED,RW,21-211,5,0,0,0,0,0,0,0,0,4,0,0,0,0.0,0.0,0.0,0,0,0,2,0.0,0,4,0,0,0,,,,,,,,,,,,,,,,,,,,,0,73
6,Enzo Fernández,8.0,ar ARG,LM,22-263,90,0,0,0,0,1,1,1,0,97,3,2,1,0.1,0.1,0.0,2,0,81,89,91.0,8,60,2,2,1,,,,,,,,,,,,,,,,,,,,,0,73
7,Moisés Caicedo,25.0,ec ECU,CM,21-339,90,0,0,0,0,0,0,1,0,89,2,0,3,0.0,0.0,0.2,3,1,78,81,96.3,4,44,0,2,1,,,,,,,,,,,,,,,,,,,,,0,73
8,Conor Gallagher,23.0,eng ENG,RM,23-243,90,0,1,0,0,0,0,0,0,55,4,2,2,0.0,0.0,0.3,1,1,35,41,85.4,2,27,0,0,0,,,,,,,,,,,,,,,,,,,,,0,73
9,Levi Colwill,26.0,eng ENG,LB,20-223,90,0,0,0,0,0,0,0,0,59,5,1,0,0.0,0.0,0.0,2,1,42,50,84.0,5,34,1,0,0,,,,,,,,,,,,,,,,,,,,,0,73
10,Thiago Silva,6.0,br BRA,CB,39-015,90,0,0,0,0,0,0,1,0,111,2,0,0,0.0,0.0,0.0,0,0,105,106,99.1,3,82,0,0,0,,,,,,,,,,,,,,,,,,,,,0,73
11,Axel Disasi,2.0,fr FRA,CB,25-210,90,0,0,0,0,0,0,0,0,119,0,0,1,0.0,0.0,0.0,1,0,108,113,95.6,0,84,0,1,1,,,,,,,,,,,,,,,,,,,,,0,73
12,Marc Cucurella,3.0,es ESP,RB,25-077,90,0,0,0,0,0,0,1,0,105,4,3,1,0.0,0.0,0.0,1,0,84,94,89.4,3,48,0,3,0,,,,,,,,,,,,,,,,,,,,,0,73
13,Robert Sánchez,1.0,es ESP,GK,25-323,90,0,0,0,0,0,0,0,0,42,0,0,0,0.0,0.0,0.0,0,0,36,39,92.3,0,27,0,0,0,3.0,1.0,2.0,66.7,0.4,0.0,1.0,0.0,38.0,1.0,2.6,21.2,1.0,0.0,10.0,8.0,1.0,12.5,1.0,14.0,0,73
0,Carlos Vinícius,30.0,br BRA,FW,28-196,77,0,0,0,0,1,1,0,0,24,0,0,0,0.0,0.0,0.5,5,1,12,18,66.7,2,19,1,1,1,,,,,,,,,,,,,,,,,,,,,1,74
1,Rodrigo Muniz,19.0,br BRA,FW,22-156,13,0,0,0,0,1,0,0,0,9,0,1,0,0.2,0.2,0.0,1,0,3,4,75.0,0,7,0,0,0,,,,,,,,,,,,,,,,,,,,,1,74
2,Willian,20.0,br BRA,LW,35-059,90,1,0,0,0,5,3,0,0,69,0,1,2,0.6,0.6,0.1,8,0,41,56,73.2,9,46,8,4,3,,,,,,,,,,,,,,,,,,,,,1,74
3,Bobby Reid,14.0,jm JAM,RW,30-247,77,1,0,0,0,4,1,0,0,39,2,0,1,0.8,0.8,0.0,2,0,19,27,70.4,2,27,2,2,1,,,,,,,,,,,,,,,,,,,,,1,74
4,Harry Wilson,8.0,wls WAL,RW,26-199,13,0,0,0,0,1,0,0,0,14,1,0,0,0.0,0.0,0.0,2,1,11,12,91.7,0,13,0,1,1,,,,,,,,,,,,,,,,,,,,,1,74
5,Andreas Pereira,18.0,br BRA,LM,27-279,70,0,1,0,0,3,0,0,0,42,1,0,0,0.3,0.3,0.6,2,1,21,33,63.6,3,23,5,4,3,,,,,,,,,,,,,,,,,,,,,1,74
6,Tom Cairney,10.0,sct SCO,LM,32-260,20,0,0,0,0,1,0,0,0,16,0,0,0,0.0,0.0,0.0,1,1,12,13,92.3,3,11,0,1,0,,,,,,,,,,,,,,,,,,,,,1,74
7,João Palhinha,26.0,pt POR,CM,28-090,90,0,0,0,0,1,0,1,0,65,8,3,5,0.0,0.0,0.0,0,0,30,44,68.2,2,28,0,0,0,,,,,,,,,,,,,,,,,,,,,1,74
8,Alex Iwobi,22.0,ng NGA,RM,27-157,78,0,0,0,0,1,0,0,0,47,1,0,0,0.1,0.1,0.1,4,0,35,42,83.3,6,31,1,0,0,,,,,,,,,,,,,,,,,,,,,1,74
9,Harrison Reed,6.0,eng ENG,RM,28-253,12,0,0,0,0,0,0,0,0,15,0,0,0,0.0,0.0,0.0,1,0,11,14,78.6,3,7,0,0,0,,,,,,,,,,,,,,,,,,,,,1,74
10,Antonee Robinson,33.0,us USA,LB,26-060,90,0,0,0,0,1,0,0,0,105,1,2,2,0.0,0.0,0.2,2,0,65,87,74.7,7,60,6,5,3,,,,,,,,,,,,,,,,,,,,,1,74
11,Tim Ream,13.0,us USA,CB,36-002,90,0,0,0,0,0,0,0,0,69,6,1,2,0.0,0.0,0.0,1,0,46,57,80.7,0,37,0,0,0,,,,,,,,,,,,,,,,,,,,,1,74
12,Issa Diop,31.0,fr FRA,CB,26-271,70,0,0,0,0,1,1,0,0,56,3,2,1,0.0,0.0,0.0,0,0,35,44,79.5,2,37,1,0,0,,,,,,,,,,,,,,,,,,,,,1,74
13,Calvin Bassey,3.0,ng NGA,CB,23-280,20,0,0,0,0,0,0,0,0,21,1,0,0,0.0,0.0,0.0,0,0,18,21,85.7,1,13,1,1,1,,,,,,,,,,,,,,,,,,,,,1,74
14,Timothy Castagne,21.0,be BEL,RB,27-306,90,0,0,0,0,0,0,0,0,85,0,2,0,0.0,0.0,0.2,2,0,59,79,74.7,6,52,9,1,1,,,,,,,,,,,,,,,,,,,,,1,74
15,Bernd Leno,17.0,de GER,GK,31-217,90,0,0,0,0,0,0,0,0,30,0,0,0,0.0,0.0,0.0,0,0,27,30,90.0,0,26,0,0,0,2.0,1.0,2.0,50.0,0.2,3.0,4.0,75.0,29.0,4.0,13.8,29.3,1.0,0.0,33.0,12.0,0.0,0.0,1.0,17.3,1,74
0,Cameron Archer,10.0,eng ENG,FW,22-078,78,0,0,0,0,0,0,0,0,27,1,0,2,0.0,0.0,0.0,1,0,10,13,76.9,2,16,1,7,2,,,,,,,,,,,,,,,,,,,,,0,74
1,Rhian Brewster,7.0,eng ENG,FW,23-189,12,0,0,0,0,0,0,0,0,4,0,0,0,0.0,0.0,0.0,0,0,1,2,50.0,0,4,0,0,0,,,,,,,,,,,,,,,,,,,,,0,74
2,Oliver McBurnie,9.0,sct SCO,FW,27-125,90,0,0,0,0,2,2,1,0,36,2,1,1,0.1,0.1,0.0,0,0,11,24,45.8,1,8,0,2,1,,,,,,,,,,,,,,,,,,,,,0,74
3,Gustavo Hamer,8.0,nl NED,CM,26-105,65,0,0,0,0,1,0,0,0,31,2,0,3,0.0,0.0,0.0,1,0,14,22,63.6,4,7,0,3,1,,,,,,,,,,,,,,,,,,,,,0,74
4,James Mcatee,28.0,eng ENG,CM,20-354,25,0,0,0,0,0,0,0,0,10,1,1,0,0.0,0.0,0.0,2,0,4,6,66.7,0,6,2,2,0,,,,,,,,,,,,,,,,,,,,,0,74
5,Oliver Norwood,16.0,nir NIR,CM,32-178,90,0,0,0,0,1,0,1,0,77,3,1,0,0.0,0.0,0.1,4,0,57,71,80.3,5,26,0,0,0,,,,,,,,,,,,,,,,,,,,,0,74
6,Vinicius Souza,21.0,br BRA,CM,24-112,90,0,0,0,0,0,0,0,0,42,1,1,1,0.0,0.0,0.0,0,0,27,32,84.4,3,13,0,2,2,,,,,,,,,,,,,,,,,,,,,0,74
7,Luke Thomas,14.0,eng ENG,WB,22-119,65,0,0,0,0,0,0,0,0,30,2,0,4,0.0,0.0,0.0,0,0,15,20,75.0,4,16,0,1,0,,,,,,,,,,,,,,,,,,,,,0,74
8,Yasser Larouci,27.0,fr FRA,WB,22-279,25,0,0,0,0,0,0,0,0,11,0,0,0,0.0,0.0,0.0,0,0,8,10,80.0,0,8,1,0,0,,,,,,,,,,,,,,,,,,,,,0,74
9,Jayden Bogle,20.0,eng ENG,WB,23-072,90,0,0,0,0,1,0,0,0,46,0,3,1,0.4,0.4,0.0,0,0,17,34,50.0,1,14,0,3,1,,,,,,,,,,,,,,,,,,,,,0,74
10,Auston Trusty,5.0,us USA,CB,25-056,90,0,0,0,0,0,0,0,0,55,4,0,3,0.0,0.0,0.0,0,0,14,27,51.9,1,10,0,0,0,,,,,,,,,,,,,,,,,,,,,0,74
11,Anel Ahmedhodžić,15.0,ba BIH,CB,24-195,90,0,0,0,0,0,0,0,0,43,2,3,2,0.0,0.0,0.0,1,0,22,34,64.7,0,15,0,0,0,,,,,,,,,,,,,,,,,,,,,0,74
12,Chris Basham,6.0,eng ENG,CB,35-079,34,0,0,0,0,0,0,0,0,19,0,1,2,0.0,0.0,0.0,0,0,10,14,71.4,0,2,0,0,0,,,,,,,,,,,,,,,,,,,,,0,74
13,Jack Robinson,19.0,eng ENG,CB,30-036,56,0,0,0,0,0,0,0,0,42,2,0,2,0.0,0.0,0.0,0,0,24,35,68.6,1,19,0,0,0,,,,,,,,,,,,,,,,,,,,,0,74
14,Wes Foderingham,18.0,eng ENG,GK,32-266,90,0,0,0,0,0,0,0,0,41,0,0,0,0.0,0.0,0.0,0,0,23,38,60.5,0,18,0,1,1,6.0,3.0,4.0,50.0,1.8,5.0,19.0,26.3,28.0,8.0,46.4,40.3,10.0,60.0,48.4,23.0,1.0,4.3,2.0,15.6,0,74
0,Jean-Philippe Mateta,14.0,fr FRA,FW,26-101,90,0,0,0,0,2,1,0,0,20,1,0,0,0.2,0.2,0.0,0,0,8,11,72.7,0,10,0,2,1,,,,,,,,,,,,,,,,,,,,,1,75
1,Odsonne Édouard,22.0,fr FRA,"FW,LW",25-264,90,0,0,0,0,0,0,0,0,26,1,1,0,0.0,0.0,0.2,2,0,13,19,68.4,3,23,0,0,0,,,,,,,,,,,,,,,,,,,,,1,75
2,Jordan Ayew,9.0,gh GHA,"LM,RW",32-026,90,0,0,0,0,3,1,0,0,52,0,0,2,0.4,0.4,0.0,0,0,32,39,82.1,1,34,4,2,1,,,,,,,,,,,,,,,,,,,,,1,75
3,Jaïro Riedewald,44.0,nl NED,"CM,LM",27-028,74,0,0,0,0,0,0,0,0,46,3,1,0,0.0,0.0,0.0,0,0,30,39,76.9,2,23,1,1,1,,,,,,,,,,,,,,,,,,,,,1,75
4,Chris Richards,26.0,us USA,CM,23-193,16,0,0,0,0,0,0,0,0,5,0,1,0,0.0,0.0,0.0,0,0,1,3,33.3,0,0,0,0,0,,,,,,,,,,,,,,,,,,,,,1,75
5,Will Hughes,19.0,eng ENG,CM,28-173,90,0,0,0,0,0,0,0,0,68,2,0,2,0.0,0.0,0.0,2,0,53,61,86.9,6,33,3,0,0,,,,,,,,,,,,,,,,,,,,,1,75
6,Jeffrey Schlupp,15.0,gh GHA,RM,30-288,25,0,0,0,0,0,0,0,0,7,1,0,0,0.0,0.0,0.0,0,0,3,3,100.0,0,3,0,1,0,,,,,,,,,,,,,,,,,,,,,1,75
7,Jesuran Rak Sakyi,49.0,eng ENG,RM,21-002,65,0,0,0,0,2,0,0,0,40,2,2,0,0.2,0.2,0.0,2,0,20,26,76.9,1,21,5,6,3,,,,,,,,,,,,,,,,,,,,,1,75
8,Tyrick Mitchell,3.0,eng ENG,LB,24-036,90,0,0,0,0,0,0,0,0,66,4,1,0,0.0,0.0,0.1,4,0,50,58,86.2,10,35,1,1,1,,,,,,,,,,,,,,,,,,,,,1,75
9,Marc Guéhi,6.0,eng ENG,CB,23-086,90,0,0,0,0,0,0,0,0,115,2,0,1,0.0,0.0,0.1,3,0,101,104,97.1,4,86,1,2,1,,,,,,,,,,,,,,,,,,,,,1,75
10,Joachim Andersen,16.0,dk DEN,CB,27-129,90,0,0,0,0,0,0,0,0,124,1,0,2,0.0,0.0,0.3,1,0,100,115,87.0,9,84,0,2,1,,,,,,,,,,,,,,,,,,,,,1,75
11,Nathaniel Clyne,17.0,eng ENG,RB,32-185,90,0,0,0,0,1,0,0,0,47,1,0,1,0.0,0.0,0.0,1,0,33,39,84.6,1,14,0,0,0,,,,,,,,,,,,,,,,,,,,,1,75
12,Sam Johnstone,1.0,eng ENG,GK,30-196,90,0,0,0,0,0,0,0,0,48,0,0,0,0.0,0.0,0.0,0,0,39,44,88.6,0,38,0,0,0,5.0,0.0,5.0,100.0,0.8,4.0,9.0,44.4,39.0,8.0,23.1,27.6,5.0,0.0,17.2,15.0,2.0,13.3,0.0,7.2,1,75
0,Chris Wood,11.0,nz NZL,FW,31-304,75,0,0,0,0,0,0,0,0,21,1,0,0,0.0,0.0,0.0,1,0,11,15,73.3,0,11,1,1,0,,,,,,,,,,,,,,,,,,,,,0,75
1,Divock Origi,27.0,be BEL,FW,28-172,15,0,0,0,0,0,0,0,0,3,0,0,0,0.0,0.0,0.0,0,0,1,1,100.0,0,2,0,0,0,,,,,,,,,,,,,,,,,,,,,0,75
2,Callum Hudson-Odoi,14.0,eng ENG,LW,22-334,65,0,0,0,0,0,0,0,0,33,1,0,1,0.0,0.0,0.0,2,0,23,28,82.1,1,22,2,6,3,,,,,,,,,,,,,,,,,,,,,0,75
3,Anthony Elanga,21.0,se SWE,LW,21-163,25,0,0,0,0,1,0,0,0,14,0,0,1,0.0,0.0,0.0,0,0,8,9,88.9,1,10,1,1,0,,,,,,,,,,,,,,,,,,,,,0,75
4,Morgan Gibbs-White,10.0,eng ENG,RW,23-253,90,0,0,0,0,2,0,0,0,65,2,0,1,0.1,0.1,0.4,3,0,38,54,70.4,3,35,3,4,2,,,,,,,,,,,,,,,,,,,,,0,75
5,Nicolás Domínguez,16.0,ar ARG,LM,25-101,90,0,0,0,0,1,1,0,0,70,1,1,0,0.0,0.0,0.0,5,0,56,65,86.2,10,32,2,0,0,,,,,,,,,,,,,,,,,,,,,0,75
6,Orel Mangala,5.0,be BEL,CM,25-203,82,0,0,0,0,2,0,0,0,48,2,1,0,0.1,0.1,0.0,2,0,39,40,97.5,3,27,1,1,0,,,,,,,,,,,,,,,,,,,,,0,75
7,Cheikhou Kouyaté,8.0,sn SEN,CM,33-290,8,0,0,0,0,1,0,0,0,11,0,1,0,0.1,0.1,0.0,2,0,8,9,88.9,0,4,0,0,0,,,,,,,,,,,,,,,,,,,,,0,75
8,Ibrahim Sangaré,6.0,ci CIV,RM,25-309,75,0,0,0,0,0,0,0,0,33,4,0,1,0.0,0.0,0.1,2,0,22,24,91.7,2,20,1,2,1,,,,,,,,,,,,,,,,,,,,,0,75
9,Ryan Yates,22.0,eng ENG,RM,25-320,15,0,0,0,0,0,0,1,0,5,0,0,1,0.0,0.0,0.0,0,0,4,4,100.0,0,3,0,0,0,,,,,,,,,,,,,,,,,,,,,0,75
10,Harry Toffolo,15.0,eng ENG,LB,28-049,90,0,0,0,0,1,1,0,0,67,4,2,1,0.0,0.0,0.0,1,0,41,53,77.4,6,34,1,1,0,,,,,,,,,,,,,,,,,,,,,0,75
11,Murillo,40.0,br BRA,CB,21-095,90,0,0,0,0,2,2,0,0,65,2,0,1,0.4,0.4,0.1,5,0,48,58,82.8,6,46,1,2,2,,,,,,,,,,,,,,,,,,,,,0,75
12,Willy Boly,30.0,ci CIV,CB,32-246,90,0,0,0,0,2,0,0,0,80,3,2,0,0.1,0.1,0.0,1,0,58,66,87.9,3,47,1,0,0,,,,,,,,,,,,,,,,,,,,,0,75
13,Serge Aurier,24.0,ci CIV,RB,30-287,45,0,0,0,0,2,1,0,0,56,0,1,0,0.0,0.0,0.0,1,0,41,47,87.2,4,32,1,1,1,,,,,,,,,,,,,,,,,,,,,0,75
14,Gonzalo Montiel,29.0,ar ARG,RB,26-279,45,0,0,0,0,2,0,0,0,22,0,1,0,0.1,0.1,0.0,1,0,15,16,93.8,2,8,0,0,0,,,,,,,,,,,,,,,,,,,,,0,75
15,Matt Turner,1.0,us USA,GK,29-105,90,0,0,0,0,0,0,0,0,33,0,0,0,0.0,0.0,0.0,1,0,30,33,90.9,0,25,0,0,0,2.0,0.0,2.0,100.0,0.1,4.0,7.0,57.1,27.0,6.0,18.5,26.5,6.0,33.3,26.8,11.0,1.0,9.1,0.0,5.8,0,75
0,Michail Antonio,9.0,jm JAM,FW,33-194,74,0,0,0,0,0,0,1,0,20,0,0,0,0.0,0.0,0.0,0,0,10,14,71.4,1,13,0,2,1,,,,,,,,,,,,,,,,,,,,,1,76
1,Saïd Benrahma,22.0,dz ALG,LW,28-059,16,0,0,0,0,0,0,0,0,7,0,0,0,0.0,0.0,0.0,1,0,5,7,71.4,0,4,0,0,0,,,,,,,,,,,,,,,,,,,,,1,76
2,Lucas Paquetá,10.0,br BRA,"LW,FW",26-042,90,0,0,0,0,0,0,1,0,54,2,1,1,0.0,0.0,0.0,0,0,31,47,66.0,6,40,3,0,0,,,,,,,,,,,,,,,,,,,,,1,76
3,Jarrod Bowen,20.0,eng ENG,RW,26-292,90,0,0,0,0,1,1,0,0,27,2,0,3,0.0,0.0,0.0,0,0,8,16,50.0,2,17,3,3,0,,,,,,,,,,,,,,,,,,,,,1,76
4,Tomáš Souček,28.0,cz CZE,AM,28-223,75,1,0,0,0,1,1,0,0,19,0,1,1,0.9,0.9,0.0,0,0,8,14,57.1,2,14,0,0,0,,,,,,,,,,,,,,,,,,,,,1,76
5,Kudus Mohammed,14.0,gh GHA,AM,23-067,15,1,0,0,0,1,1,0,0,13,0,0,0,0.0,0.0,0.0,1,0,9,11,81.8,1,11,1,1,1,,,,,,,,,,,,,,,,,,,,,1,76
6,Edson Álvarez,19.0,mx MEX,DM,25-349,90,0,0,0,0,1,0,0,0,34,2,0,2,0.0,0.0,0.0,0,0,23,25,92.0,3,18,0,1,1,,,,,,,,,,,,,,,,,,,,,1,76
7,James Ward-Prowse,7.0,eng ENG,DM,28-341,90,0,0,0,0,1,0,0,0,45,2,1,0,0.1,0.1,0.0,2,0,29,40,72.5,4,18,1,1,1,,,,,,,,,,,,,,,,,,,,,1,76
8,Emerson Palmieri,33.0,it ITA,LB,29-066,90,0,1,0,0,0,0,1,0,51,1,1,1,0.0,0.0,0.9,3,2,36,44,81.8,4,34,2,3,1,,,,,,,,,,,,,,,,,,,,,1,76
9,Nayef Aguerd,27.0,ma MAR,CB,27-192,90,0,0,0,0,0,0,0,0,38,0,0,0,0.0,0.0,0.0,0,0,23,37,62.2,2,24,1,1,1,,,,,,,,,,,,,,,,,,,,,1,76
10,Kurt Zouma,4.0,fr FRA,CB,28-346,90,0,0,0,0,0,0,0,0,35,0,4,0,0.0,0.0,0.0,1,1,15,25,60.0,2,15,0,0,0,,,,,,,,,,,,,,,,,,,,,1,76
11,Vladimír Coufal,5.0,cz CZE,RB,31-047,90,0,1,0,0,0,0,0,0,48,2,0,0,0.0,0.0,0.0,2,1,32,45,71.1,6,25,4,0,0,,,,,,,,,,,,,,,,,,,,,1,76
12,Alphonse Areola,23.0,fr FRA,GK,30-223,90,0,0,0,0,0,0,0,0,32,0,0,0,0.0,0.0,0.0,0,0,21,31,67.7,0,17,0,0,0,3.0,2.0,1.0,33.3,1.5,9.0,18.0,50.0,22.0,6.0,50.0,37.2,9.0,77.8,51.6,11.0,0.0,0.0,0.0,9.3,1,76
0,Alexander Isak,14.0,se SWE,"FW,RW",24-017,85,2,0,0,0,3,2,0,0,29,0,0,1,1.6,1.6,0.0,2,0,17,21,81.0,0,18,4,7,4,,,,,,,,,,,,,,,,,,,,,0,76
1,Callum Wilson,9.0,eng ENG,FW,31-223,5,0,0,0,0,0,0,0,0,3,0,0,0,0.0,0.0,0.0,0,0,0,0,,0,2,0,0,0,,,,,,,,,,,,,,,,,,,,,0,76
2,Elliot Anderson,32.0,sct SCO,LW,20-336,89,0,0,0,0,2,0,0,0,44,0,1,0,0.1,0.1,0.0,1,0,29,35,82.9,0,32,4,2,2,,,,,,,,,,,,,,,,,,,,,0,76
3,Matt Targett,13.0,eng ENG,LW,28-020,1,0,0,0,0,0,0,0,0,0,0,0,0,0.0,0.0,0.0,0,0,0,0,,0,0,0,0,0,,,,,,,,,,,,,,,,,,,,,0,76
4,Miguel Almirón,24.0,py PAR,RW,29-240,81,0,0,0,0,1,0,1,0,48,0,0,0,0.0,0.0,0.0,0,0,36,43,83.7,4,35,6,0,0,,,,,,,,,,,,,,,,,,,,,0,76
5,Jacob Murphy,23.0,eng ENG,"RW,FW",28-226,9,0,0,0,0,0,0,0,0,7,2,0,1,0.0,0.0,0.0,0,0,2,3,66.7,0,3,0,0,0,,,,,,,,,,,,,,,,,,,,,0,76
6,Sandro Tonali,8.0,it ITA,LM,23-153,90,0,0,0,0,0,0,0,0,61,1,0,1,0.0,0.0,0.0,2,1,52,59,88.1,4,31,5,0,0,,,,,,,,,,,,,,,,,,,,,0,76
7,Bruno Guimarães,39.0,br BRA,CM,25-326,90,0,0,0,0,1,0,1,0,92,1,0,0,0.0,0.0,0.0,1,0,82,90,91.1,8,67,3,0,0,,,,,,,,,,,,,,,,,,,,,0,76
8,Sean Longstaff,36.0,eng ENG,RM,25-343,90,0,0,0,0,0,0,1,0,45,0,0,1,0.0,0.0,0.0,1,1,33,41,80.5,6,28,1,0,0,,,,,,,,,,,,,,,,,,,,,0,76
9,Dan Burn,33.0,eng ENG,LB,31-152,90,0,0,0,0,3,1,0,0,77,0,1,2,0.2,0.2,0.4,2,0,51,61,83.6,5,30,0,0,0,,,,,,,,,,,,,,,,,,,,,0,76
10,Fabian Schär,5.0,ch SUI,CB,31-292,90,0,0,0,0,0,0,0,0,82,1,1,0,0.0,0.0,0.0,0,0,60,70,85.7,3,52,0,1,0,,,,,,,,,,,,,,,,,,,,,0,76
11,Jamaal Lascelles,6.0,eng ENG,CB,29-331,90,0,0,0,0,0,0,0,0,81,2,0,1,0.0,0.0,0.0,2,0,64,75,85.3,3,52,0,1,0,,,,,,,,,,,,,,,,,,,,,0,76
12,Kieran Trippier,2.0,eng ENG,RB,33-019,90,0,1,0,0,0,0,0,0,117,1,0,5,0.0,0.0,0.9,7,2,101,115,87.8,10,55,3,0,0,,,,,,,,,,,,,,,,,,,,,0,76
13,Nick Pope,22.0,eng ENG,GK,31-172,90,0,0,0,0,0,0,0,0,33,0,0,0,0.0,0.0,0.0,0,0,26,32,81.3,0,15,0,0,0,3.0,2.0,1.0,33.3,1.3,2.0,8.0,25.0,28.0,10.0,21.4,28.0,4.0,50.0,40.3,11.0,3.0,27.3,0.0,8.8,0,76
0,Matheus Cunha,12.0,br BRA,FW,24-134,75,0,0,0,0,0,0,0,0,16,1,0,1,0.0,0.0,0.0,1,1,6,9,66.7,1,7,1,2,0,,,,,,,,,,,,,,,,,,,,,1,77
1,Sasa Kalajdzic,18.0,at AUT,FW,26-093,15,0,0,0,0,1,0,0,0,6,1,0,1,0.2,0.2,0.6,1,0,2,3,66.7,2,3,0,0,0,,,,,,,,,,,,,,,,,,,,,1,77
2,Hwang Hee-chan,11.0,kr KOR,LW,27-255,85,1,0,0,0,2,1,0,0,32,2,1,2,0.2,0.2,0.2,2,0,17,24,70.8,2,21,5,1,1,,,,,,,,,,,,,,,,,,,,,1,77
3,Fábio Silva,9.0,pt POR,LW,21-081,5,0,0,0,0,0,0,0,0,3,0,0,0,0.0,0.0,0.0,0,0,0,1,0.0,0,1,0,0,0,,,,,,,,,,,,,,,,,,,,,1,77
4,Pedro Neto,7.0,pt POR,RW,23-213,90,0,1,0,0,1,0,0,0,37,0,0,0,0.6,0.6,0.4,3,1,18,31,58.1,0,17,2,3,2,,,,,,,,,,,,,,,,,,,,,1,77
5,Rayan Aït Nouri,3.0,dz ALG,LM,22-124,45,0,0,0,0,1,0,0,0,23,2,0,1,0.2,0.2,0.0,0,0,13,15,86.7,2,8,1,2,1,,,,,,,,,,,,,,,,,,,,,1,77
6,Matt Doherty,2.0,ie IRL,LM,31-265,45,0,0,0,0,0,0,0,0,25,1,0,0,0.0,0.0,0.0,0,0,14,19,73.7,0,11,0,1,1,,,,,,,,,,,,,,,,,,,,,1,77
7,Mario Lemina,5.0,ga GAB,CM,30-037,89,0,0,0,0,1,1,2,1,45,2,3,1,0.0,0.0,0.0,1,0,29,38,76.3,4,23,2,1,1,,,,,,,,,,,,,,,,,,,,,1,77
8,João Gomes,8.0,br BRA,CM,22-238,68,0,0,0,0,1,0,0,0,28,1,0,0,0.0,0.0,0.0,0,0,17,22,77.3,0,19,0,0,0,,,,,,,,,,,,,,,,,,,,,1,77
9,Boubacar Traoré,6.0,ml MLI,CM,22-049,22,0,0,0,0,0,0,0,0,20,0,0,0,0.0,0.0,0.0,1,0,14,16,87.5,1,10,0,0,0,,,,,,,,,,,,,,,,,,,,,1,77
10,Nélson Semedo,22.0,pt POR,RM,29-326,90,0,0,0,0,1,1,1,0,39,1,0,0,0.5,0.5,0.0,1,0,22,31,71.0,2,20,2,3,3,,,,,,,,,,,,,,,,,,,,,1,77
11,Toti Gomes,24.0,pt POR,CB,24-265,90,0,0,0,0,0,0,0,0,58,1,0,1,0.0,0.0,0.0,0,0,39,54,72.2,5,44,5,0,0,,,,,,,,,,,,,,,,,,,,,1,77
12,Craig Dawson,15.0,eng ENG,CB,33-155,90,0,0,0,0,0,0,1,0,62,1,0,1,0.0,0.0,0.5,2,0,48,54,88.9,1,41,0,0,0,,,,,,,,,,,,,,,,,,,,,1,77
13,Max Kilman,23.0,eng ENG,CB,26-138,90,0,0,0,0,0,0,0,0,62,0,1,2,0.0,0.0,0.0,1,0,44,52,84.6,3,41,2,0,0,,,,,,,,,,,,,,,,,,,,,1,77
14,José Sá,1.0,pt POR,GK,30-264,90,0,0,0,0,0,0,0,0,22,0,0,0,0.0,0.0,0.0,0,0,15,19,78.9,0,8,0,0,0,4.0,1.0,3.0,75.0,1.0,4.0,8.0,50.0,12.0,3.0,41.7,42.3,7.0,42.9,35.4,27.0,2.0,7.4,1.0,15.0,1,77
0,Ollie Watkins,11.0,eng ENG,FW,27-282,90,0,1,0,0,3,1,0,0,26,0,0,2,0.3,0.3,0.3,1,1,7,12,58.3,1,12,0,1,0,,,,,,,,,,,,,,,,,,,,,0,77
1,Moussa Diaby,19.0,fr FRA,FW,24-093,61,0,0,0,0,0,0,0,0,11,1,0,0,0.0,0.0,0.1,2,0,5,9,55.6,0,7,1,0,0,,,,,,,,,,,,,,,,,,,,,0,77
2,Nicolò Zaniolo,22.0,it ITA,"LW,FW",24-098,29,0,0,0,0,1,0,0,0,12,0,0,0,0.1,0.1,0.0,0,0,3,7,42.9,1,8,1,0,0,,,,,,,,,,,,,,,,,,,,,0,77
3,John McGinn,7.0,sct SCO,"LM,AM",28-355,90,0,0,0,0,2,0,1,0,38,0,2,0,0.1,0.1,0.4,8,0,24,28,85.7,8,21,1,1,0,,,,,,,,,,,,,,,,,,,,,0,77
4,Douglas Luiz,6.0,br BRA,"CM,DM",25-152,90,0,0,0,0,6,0,0,0,72,2,0,1,0.3,0.3,0.1,5,0,45,58,77.6,7,34,1,4,0,,,,,,,,,,,,,,,,,,,,,0,77
5,Boubacar Kamara,44.0,fr FRA,CM,23-319,81,0,0,0,0,0,0,1,0,27,2,2,1,0.0,0.0,0.0,2,0,16,17,94.1,2,12,0,2,0,,,,,,,,,,,,,,,,,,,,,0,77
6,Youri Tielemans,8.0,be BEL,DM,26-154,9,0,0,0,0,0,0,0,0,12,0,0,0,0.0,0.0,0.0,1,0,11,11,100.0,2,8,1,0,0,,,,,,,,,,,,,,,,,,,,,0,77
7,Matty Cash,2.0,pl POL,RM,26-062,81,0,0,0,0,2,1,0,0,27,2,2,0,0.2,0.2,0.0,3,1,7,15,46.7,1,10,2,2,0,,,,,,,,,,,,,,,,,,,,,0,77
8,Leon Bailey,31.0,jm JAM,RW,26-060,9,0,0,0,0,0,0,0,0,13,0,0,0,0.0,0.0,0.1,1,0,8,11,72.7,1,7,0,1,0,,,,,,,,,,,,,,,,,,,,,0,77
9,Lucas Digne,12.0,fr FRA,LB,30-080,90,0,0,0,0,0,0,0,0,69,0,2,3,0.0,0.0,0.3,5,0,40,64,62.5,4,27,2,0,0,,,,,,,,,,,,,,,,,,,,,0,77
10,Pau Torres,14.0,es ESP,CB,26-265,90,1,0,0,0,2,1,0,0,73,0,1,0,0.4,0.4,0.0,2,0,59,70,84.3,3,43,0,0,0,,,,,,,,,,,,,,,,,,,,,0,77
11,Diego Carlos,3.0,br BRA,CB,30-207,90,0,0,0,0,0,0,0,0,69,0,1,0,0.0,0.0,0.0,0,0,60,66,90.9,6,44,0,0,0,,,,,,,,,,,,,,,,,,,,,0,77
12,Ezri Konsa,4.0,eng ENG,RB,25-350,90,0,0,0,0,2,1,0,0,53,0,1,2,0.2,0.2,0.0,3,0,36,45,80.0,3,26,2,1,0,,,,,,,,,,,,,,,,,,,,,0,77
13,Emiliano Martínez,1.0,ar ARG,GK,31-036,90,0,0,0,0,0,0,0,0,34,0,0,0,0.0,0.0,0.0,0,0,31,33,93.9,0,22,0,0,0,3.0,1.0,2.0,66.7,1.8,1.0,3.0,33.3,28.0,4.0,10.7,25.3,5.0,0.0,14.2,6.0,1.0,16.7,3.0,22.0,0,77
0,Evan Ferguson,28.0,ie IRL,FW,18-354,59,0,0,0,0,1,0,0,0,19,2,0,1,0.0,0.0,0.3,2,0,11,13,84.6,1,10,0,0,0,,,,,,,,,,,,,,,,,,,,,1,78
1,Danny Welbeck,18.0,eng ENG,"AM,FW",32-316,31,0,0,0,0,0,0,0,0,3,0,0,0,0.0,0.0,0.0,0,0,0,0,,0,1,0,0,0,,,,,,,,,,,,,,,,,,,,,1,78
2,Kaoru Mitoma,22.0,jp JPN,LW,26-141,90,0,0,0,0,1,0,0,0,42,0,2,0,0.2,0.2,0.0,2,0,21,28,75.0,3,31,7,7,5,,,,,,,,,,,,,,,,,,,,,1,78
3,Simon Adingra,24.0,ci CIV,RW,21-280,90,1,0,0,0,2,2,0,0,29,4,2,1,0.4,0.4,0.0,3,1,7,13,53.8,1,13,2,9,3,,,,,,,,,,,,,,,,,,,,,1,78
4,João Pedro,9.0,br BRA,"AM,FW",22-012,88,0,0,0,0,2,0,0,0,28,1,0,0,0.6,0.6,0.2,4,0,15,18,83.3,2,19,1,3,0,,,,,,,,,,,,,,,,,,,,,1,78
5,Ansu Fati,31.0,es ESP,AM,20-342,2,0,0,0,0,0,0,0,0,0,0,0,0,0.0,0.0,0.0,0,0,0,0,,0,0,0,0,0,,,,,,,,,,,,,,,,,,,,,1,78
6,Pascal Groß,13.0,de GER,DM,32-115,90,0,0,0,0,2,0,0,0,72,0,0,1,0.1,0.1,0.0,6,0,56,65,86.2,2,45,1,0,0,,,,,,,,,,,,,,,,,,,,,1,78
7,Carlos Baleba,20.0,cm CMR,DM,19-278,90,0,0,0,0,1,0,1,0,38,2,3,6,0.1,0.1,0.0,0,0,22,26,84.6,1,16,0,2,2,,,,,,,,,,,,,,,,,,,,,1,78
8,Solly March,7.0,eng ENG,LB,29-080,90,0,1,0,0,2,0,0,0,81,6,3,0,0.2,0.2,0.6,4,2,53,70,75.7,6,45,3,4,2,,,,,,,,,,,,,,,,,,,,,1,78
9,Igor,3.0,br BRA,CB,25-243,62,0,0,0,0,0,0,0,0,54,0,1,2,0.0,0.0,0.2,1,0,41,46,89.1,3,37,0,0,0,,,,,,,,,,,,,,,,,,,,,1,78
10,Jan Paul van Hecke,29.0,nl NED,CB,23-122,28,0,0,0,0,0,0,0,0,24,0,2,1,0.0,0.0,0.0,0,0,19,21,90.5,2,21,0,0,0,,,,,,,,,,,,,,,,,,,,,1,78
11,Lewis Dunk,5.0,eng ENG,CB,31-321,90,1,0,0,0,3,1,0,0,85,1,0,1,0.8,0.8,0.0,3,0,67,79,84.8,4,61,0,1,1,,,,,,,,,,,,,,,,,,,,,1,78
12,Joël Veltman,34.0,nl NED,RB,31-266,90,0,0,0,0,0,0,0,0,29,1,0,0,0.0,0.0,0.0,1,0,19,22,86.4,2,13,1,2,0,,,,,,,,,,,,,,,,,,,,,1,78
13,Bart Verbruggen,1.0,nl NED,GK,21-051,90,0,0,0,0,0,0,0,0,55,0,0,0,0.0,0.0,0.0,0,0,47,53,88.7,0,39,0,0,0,4.0,2.0,2.0,75.0,2.0,2.0,6.0,33.3,48.0,3.0,12.5,23.1,5.0,0.0,8.2,6.0,0.0,0.0,3.0,19.0,1,78
0,Darwin Núñez,9.0,uy URU,FW,24-106,90,0,1,0,0,3,1,0,0,29,0,0,2,0.1,0.1,0.5,6,2,17,19,89.5,4,16,2,2,0,,,,,,,,,,,,,,,,,,,,,0,78
1,Luis Díaz,7.0,co COL,LW,26-268,90,0,0,0,0,2,0,0,0,37,3,0,0,0.1,0.1,0.0,3,1,23,27,85.2,4,25,2,4,2,,,,,,,,,,,,,,,,,,,,,0,78
2,Mohamed Salah,11.0,eg EGY,RW,31-115,90,2,0,1,1,4,1,0,0,46,1,0,1,1.4,0.6,0.0,3,0,23,32,71.9,5,29,2,5,2,,,,,,,,,,,,,,,,,,,,,0,78
3,Harvey Elliott,19.0,eng ENG,LM,20-187,45,0,0,0,0,0,0,0,0,19,0,0,0,0.0,0.0,0.0,1,0,13,18,72.2,2,13,1,0,0,,,,,,,,,,,,,,,,,,,,,0,78
4,Ryan Gravenberch,38.0,nl NED,LM,21-145,45,0,0,0,0,2,1,0,0,30,0,1,2,0.7,0.7,0.0,2,0,15,20,75.0,4,21,2,2,1,,,,,,,,,,,,,,,,,,,,,0,78
5,Alexis Mac Allister,10.0,ar ARG,CM,24-288,90,0,0,0,0,1,0,0,0,82,3,6,2,0.0,0.0,0.0,0,0,64,69,92.8,6,46,2,1,1,,,,,,,,,,,,,,,,,,,,,0,78
6,Dominik Szoboszlai,8.0,hu HUN,RM,22-348,90,0,0,0,0,1,0,1,0,49,3,1,0,0.0,0.0,0.9,7,1,33,40,82.5,6,32,0,1,1,,,,,,,,,,,,,,,,,,,,,0,78
7,Andrew Robertson,26.0,sct SCO,LB,29-211,90,0,0,0,0,0,0,0,0,51,4,1,1,0.0,0.0,0.1,3,0,37,45,82.2,1,25,0,0,0,,,,,,,,,,,,,,,,,,,,,0,78
8,Virgil van Dijk,4.0,nl NED,CB,32-092,90,0,0,0,0,0,0,0,0,85,1,0,2,0.0,0.0,0.0,0,0,68,73,93.2,4,50,0,0,0,,,,,,,,,,,,,,,,,,,,,0,78
9,Joël Matip,32.0,cm CMR,CB,32-061,72,0,0,0,0,0,0,0,0,57,2,1,2,0.0,0.0,0.0,0,0,39,44,88.6,2,32,0,0,0,,,,,,,,,,,,,,,,,,,,,0,78
10,Ibrahima Konaté,5.0,fr FRA,CB,24-136,18,0,0,0,0,0,0,0,0,8,0,0,0,0.0,0.0,0.0,0,0,7,8,87.5,0,8,1,0,0,,,,,,,,,,,,,,,,,,,,,0,78
11,Trent Alexander-Arnold,66.0,eng ENG,RB,25-001,79,0,0,0,0,0,0,0,0,71,3,1,0,0.0,0.0,0.0,2,0,56,66,84.8,4,39,2,0,0,,,,,,,,,,,,,,,,,,,,,0,78
12,Joe Gomez,2.0,eng ENG,RB,26-138,11,0,0,0,0,0,0,1,0,9,2,0,0,0.0,0.0,0.0,1,0,6,7,85.7,0,5,0,0,0,,,,,,,,,,,,,,,,,,,,,0,78
13,Alisson,1.0,br BRA,GK,31-006,90,0,0,0,0,0,0,0,0,58,0,0,0,0.0,0.0,0.0,0,0,50,56,89.3,0,42,0,0,0,3.0,2.0,1.0,33.3,1.3,2.0,8.0,25.0,54.0,5.0,11.1,24.5,2.0,100.0,63.5,11.0,0.0,0.0,2.0,25.0,0,78
0,Eddie Nketiah,14.0,eng ENG,FW,24-131,74,0,0,0,0,3,0,0,0,18,1,0,2,0.1,0.1,0.0,1,0,5,9,55.6,0,9,2,1,0,,,,,,,,,,,,,,,,,,,,,1,79
1,Kai Havertz,29.0,de GER,FW,24-119,16,0,1,0,0,0,0,0,0,10,0,0,0,0.0,0.0,0.0,1,1,7,8,87.5,0,4,0,0,0,,,,,,,,,,,,,,,,,,,,,1,79
2,Leandro Trossard,19.0,be BEL,LW,28-308,45,0,0,0,0,0,0,0,0,12,0,0,0,0.0,0.0,0.0,1,0,9,9,100.0,1,9,0,0,0,,,,,,,,,,,,,,,,,,,,,1,79
3,Gabriel Martinelli,11.0,br BRA,LW,22-112,45,1,0,0,0,2,2,0,0,15,0,0,0,0.1,0.1,0.0,2,0,6,9,66.7,1,13,0,2,1,,,,,,,,,,,,,,,,,,,,,1,79
4,Gabriel Jesus,9.0,br BRA,RW,26-188,90,0,0,0,0,1,0,1,0,69,4,1,3,0.0,0.0,0.0,3,0,31,48,64.6,2,47,5,10,3,,,,,,,,,,,,,,,,,,,,,1,79
5,Declan Rice,41.0,eng ENG,LM,24-267,90,0,0,0,0,0,0,0,0,54,3,3,2,0.0,0.0,0.1,4,0,36,40,90.0,3,31,1,1,0,,,,,,,,,,,,,,,,,,,,,1,79
6,Jorginho,20.0,it ITA,CM,31-292,74,0,0,0,0,0,0,1,0,75,1,0,2,0.0,0.0,0.0,0,0,63,70,90.0,2,47,0,1,1,,,,,,,,,,,,,,,,,,,,,1,79
7,Thomas Partey,5.0,gh GHA,CM,30-117,16,0,0,0,0,0,0,0,0,18,0,0,0,0.0,0.0,0.0,0,0,17,18,94.4,5,13,1,0,0,,,,,,,,,,,,,,,,,,,,,1,79
8,Martin Ødegaard,8.0,no NOR,RM,24-295,90,0,0,0,0,3,0,0,0,57,3,1,2,0.1,0.1,0.1,3,0,32,42,76.2,3,38,1,4,1,,,,,,,,,,,,,,,,,,,,,1,79
9,Oleksandr Zinchenko,35.0,ua UKR,LB,26-297,74,0,0,0,0,3,0,0,0,44,2,1,0,0.1,0.1,0.0,2,0,32,37,86.5,3,30,0,0,0,,,,,,,,,,,,,,,,,,,,,1,79
10,Takehiro Tomiyasu,18.0,jp JPN,LB,24-337,16,0,0,0,0,0,0,0,0,10,0,0,0,0.0,0.0,0.0,1,1,9,10,90.0,1,5,0,0,0,,,,,,,,,,,,,,,,,,,,,1,79
11,Gabriel Dos Santos,6.0,br BRA,CB,25-293,90,0,0,0,0,0,0,0,0,64,1,3,1,0.0,0.0,0.0,2,0,54,59,91.5,5,47,1,0,0,,,,,,,,,,,,,,,,,,,,,1,79
12,William Saliba,2.0,fr FRA,CB,22-198,90,0,0,0,0,0,0,0,0,76,2,0,1,0.0,0.0,0.0,0,0,69,70,98.6,2,59,0,0,0,,,,,,,,,,,,,,,,,,,,,1,79
13,Ben White,4.0,eng ENG,RB,26-000,90,0,0,0,0,0,0,0,0,69,3,0,3,0.0,0.0,0.1,3,0,50,58,86.2,6,35,2,1,1,,,,,,,,,,,,,,,,,,,,,1,79
14,David Raya,22.0,es ESP,GK,28-023,90,0,0,0,0,0,0,0,0,47,0,0,0,0.0,0.0,0.0,0,0,34,48,70.8,0,34,0,0,0,0.0,0.0,0.0,,0.0,10.0,22.0,45.5,45.0,5.0,42.2,35.2,3.0,100.0,63.0,9.0,1.0,11.1,0.0,3.5,1,79
0,Erling Haaland,9.0,no NOR,FW,23-079,90,0,0,0,0,0,0,0,0,20,0,0,1,0.0,0.0,0.3,2,0,11,16,68.8,1,9,1,1,1,,,,,,,,,,,,,,,,,,,,,0,79
1,Phil Foden,47.0,eng ENG,"LW,RW",23-133,90,0,0,0,0,0,0,0,0,48,2,0,1,0.0,0.0,0.2,2,0,27,35,77.1,1,29,0,9,4,,,,,,,,,,,,,,,,,,,,,0,79
2,Julián Álvarez,19.0,ar ARG,RW,23-250,67,0,0,0,0,2,0,0,0,29,0,0,1,0.1,0.1,0.0,1,0,11,18,61.1,3,15,1,0,0,,,,,,,,,,,,,,,,,,,,,0,79
3,Jeremy Doku,11.0,be BEL,LW,21-134,23,0,0,0,0,0,0,0,0,20,4,2,0,0.0,0.0,0.0,0,0,2,4,50.0,0,12,2,7,1,,,,,,,,,,,,,,,,,,,,,0,79
4,Mateo Kovačić,8.0,hr CRO,LM,29-155,67,0,0,0,0,0,0,1,0,45,3,0,1,0.0,0.0,0.0,0,0,36,37,97.3,0,23,0,0,0,,,,,,,,,,,,,,,,,,,,,0,79
5,Matheus Nunes,27.0,pt POR,LM,25-042,23,0,0,0,0,0,0,0,0,22,2,0,0,0.0,0.0,0.0,0,0,18,20,90.0,1,16,1,1,1,,,,,,,,,,,,,,,,,,,,,0,79
6,Bernardo Silva,20.0,pt POR,"CM,RM",29-059,90,0,0,0,0,0,0,1,0,72,3,0,2,0.0,0.0,0.0,0,0,63,66,95.5,6,49,2,0,0,,,,,,,,,,,,,,,,,,,,,0,79
7,Rico Lewis,82.0,eng ENG,RM,18-321,67,0,0,0,0,0,0,0,0,34,1,0,0,0.0,0.0,0.0,0,0,29,32,90.6,1,22,1,1,0,,,,,,,,,,,,,,,,,,,,,0,79
8,John Stones,5.0,eng ENG,CM,29-133,23,0,0,0,0,0,0,0,0,11,0,0,0,0.0,0.0,0.0,0,0,10,11,90.9,2,7,0,0,0,,,,,,,,,,,,,,,,,,,,,0,79
9,Joško Gvardiol,24.0,hr CRO,LB,21-258,90,0,0,0,0,1,0,0,0,62,2,2,3,0.1,0.1,0.0,1,0,34,48,70.8,1,27,1,0,0,,,,,,,,,,,,,,,,,,,,,0,79
10,Nathan Aké,6.0,nl NED,CB,28-232,90,0,0,0,0,1,0,0,0,72,3,0,1,0.3,0.3,0.0,0,0,60,66,90.9,1,50,0,0,0,,,,,,,,,,,,,,,,,,,,,0,79
11,Rúben Dias,3.0,pt POR,CB,26-147,90,0,0,0,0,0,0,0,0,92,0,0,0,0.0,0.0,0.0,0,0,78,91,85.7,8,65,1,0,0,,,,,,,,,,,,,,,,,,,,,0,79
12,Kyle Walker,2.0,eng ENG,RB,33-133,90,0,0,0,0,0,0,0,0,57,2,1,0,0.0,0.0,0.0,0,0,45,52,86.5,3,27,4,1,1,,,,,,,,,,,,,,,,,,,,,0,79
13,Ederson,31.0,br BRA,GK,30-052,90,0,0,0,0,0,0,1,0,54,0,0,0,0.0,0.0,0.0,1,0,44,53,83.0,0,40,0,0,0,2.0,1.0,1.0,50.0,0.2,5.0,12.0,41.7,48.0,5.0,20.8,33.3,5.0,40.0,35.8,10.0,1.0,10.0,0.0,8.3,0,79
